datasheet_id,name,description,range,type,A,BS_WS,S,AP,D
1,Kombi-weapon,"<a href=""/wh40k10ed/the-rules/core-rules/#Anti"">anti-infantry 4+</a>, <a href=""/wh40k10ed/the-rules/core-rules/#Devastating-Wounds"">devastating wounds</a>, <a href=""/wh40k10ed/the-rules/core-rules/#Rapid-Fire"">rapid fire 1</a>",24,Ranged,1,5,4,0,1
1,Twin slugga,"<a href=""/wh40k10ed/the-rules/core-rules/#Pistol"">pistol</a>, <a href=""/wh40k10ed/the-rules/core-rules/#Twin-linked"">twin-linked</a>",12,Ranged,2,5,4,0,1
1,Attack squig,"<a href=""/wh40k10ed/the-rules/core-rules/#Extra-Attacks"">extra attacks</a>",Melee,Melee,2,4,4,0,1
1,Big choppa,,Melee,Melee,5,2,8,-1,2
1,Power klaw,,Melee,Melee,4,3,10,-2,2
2,Big shoota,"<a href=""/wh40k10ed/the-rules/core-rules/#Rapid-Fire"">rapid fire 2</a>",36,Ranged,3,4,5,0,1
2,’Uge choppa,,Melee,Melee,4,2,12,-2,2
3,Twin dakkagun,"<a href=""/wh40k10ed/the-rules/core-rules/#Assault"">assault</a>, <a href=""/wh40k10ed/the-rules/core-rules/#Rapid-Fire"">rapid fire 2</a>, <a href=""/wh40k10ed/the-rules/core-rules/#Twin-linked"">twin-linked</a>",18,Ranged,3,5,5,0,1
3,Big choppa,,Melee,Melee,5,2,8,-1,2
3,Killsaw,,Melee,Melee,3,4,12,-3,2
3,Power klaw,,Melee,Melee,4,3,10,-2,2
4,’Eadbanger,"<a href=""/wh40k10ed/the-rules/core-rules/#Precision"">precision</a>, <a href=""/wh40k10ed/the-rules/core-rules/#Psychic-Weapons-and-Abilities"">psychic</a>",24,Ranged,1,4,6,-3,1
4,Weirdboy staff,"<a href=""/wh40k10ed/the-rules/core-rules/#Psychic-Weapons-and-Abilities"">psychic</a>",Melee,Melee,3,3,8,-1,D3
6,Kombi-weapon,"<a href=""/wh40k10ed/the-rules/core-rules/#Anti"">anti-infantry 4+</a>, <a href=""/wh40k10ed/the-rules/core-rules/#Devastating-Wounds"">devastating wounds</a>, <a href=""/wh40k10ed/the-rules/core-rules/#Rapid-Fire"">rapid fire 1</a>",24,Ranged,1,5,4,0,1
6,Kustom mega-blasta,"<a href=""/wh40k10ed/the-rules/core-rules/#Hazardous"">hazardous</a>",24,Ranged,3,5,9,-2,D6
6,Kustom shoota,"<a href=""/wh40k10ed/the-rules/core-rules/#Rapid-Fire"">rapid fire 2</a>",18,Ranged,4,5,4,0,1
6,Tellyport blasta,"<a href=""/wh40k10ed/the-rules/core-rules/#Blast"">blast</a>",12,Ranged,3,5,8,-1,3
6,Killsaw,,Melee,Melee,3,4,12,-3,2
6,Power klaw,,Melee,Melee,4,3,9,-2,2
7,Kombi-weapon,"<a href=""/wh40k10ed/the-rules/core-rules/#Anti"">anti-infantry 4+</a>, <a href=""/wh40k10ed/the-rules/core-rules/#Devastating-Wounds"">devastating wounds</a>, <a href=""/wh40k10ed/the-rules/core-rules/#Rapid-Fire"">rapid fire 1</a>",24,Ranged,1,5,4,0,1
7,Kustom mega-blasta,"<a href=""/wh40k10ed/the-rules/core-rules/#Hazardous"">hazardous</a>",24,Ranged,3,5,9,-2,D6
7,Kustom mega-slugga,"<a href=""/wh40k10ed/the-rules/core-rules/#Blast"">blast</a>, <a href=""/wh40k10ed/the-rules/core-rules/#Hazardous"">hazardous</a>",12,Ranged,D3,5,8,-2,D6
7,Rokkit launcha,"<a href=""/wh40k10ed/the-rules/core-rules/#Blast"">blast</a>",24,Ranged,D3,5,9,-2,3
7,Shokk attack gun,"<a href=""/wh40k10ed/the-rules/core-rules/#Blast"">blast</a>, <a href=""/wh40k10ed/the-rules/core-rules/#Heavy"">heavy</a>",60,Ranged,D6+1,5,9,-4,D6
7,Slugga,"<a href=""/wh40k10ed/the-rules/core-rules/#Pistol"">pistol</a>",12,Ranged,1,5,4,0,1
7,Twin dakkagun,"<a href=""/wh40k10ed/the-rules/core-rules/#Assault"">assault</a>, <a href=""/wh40k10ed/the-rules/core-rules/#Rapid-Fire"">rapid fire 2</a>, <a href=""/wh40k10ed/the-rules/core-rules/#Twin-linked"">twin-linked</a>",18,Ranged,3,5,5,0,1
7,Big choppa,,Melee,Melee,4,3,7,-1,2
7,Choppa,,Melee,Melee,4,3,5,-1,1
7,Close combat weapon,,Melee,Melee,4,3,5,0,1
7,Killsaw,,Melee,Melee,3,4,12,-3,2
7,Power klaw,,Melee,Melee,4,4,9,-2,2
8,Mork’s Roar,"<a href=""/wh40k10ed/the-rules/core-rules/#Rapid-Fire"">rapid fire 4</a>",36,Ranged,12,5,5,0,1
8,Gork’s Klaw - strike,,Melee,Melee,6,2,14,-3,4
8,Gork’s Klaw - sweep,,Melee,Melee,12,2,8,-2,2
8,Makari’s stabba,"<a href=""/wh40k10ed/the-rules/core-rules/#Devastating-Wounds"">devastating wounds</a>",Melee,Melee,1,4,3,0,1
9,Da Rippa – standard,"<a href=""/wh40k10ed/the-rules/core-rules/#Heavy"">heavy</a>, <a href=""/wh40k10ed/the-rules/core-rules/#Sustained-Hits"">sustained hits 1</a>",24,Ranged,3,5,7,-2,2
9,Da Rippa – supercharge,"<a href=""/wh40k10ed/the-rules/core-rules/#Hazardous"">hazardous</a>, <a href=""/wh40k10ed/the-rules/core-rules/#Heavy"">heavy</a>, <a href=""/wh40k10ed/the-rules/core-rules/#Sustained-Hits"">sustained hits 1</a>",24,Ranged,3,5,8,-3,3
9,Slugga,"<a href=""/wh40k10ed/the-rules/core-rules/#Pistol"">pistol</a>",12,Ranged,1,4,4,0,1
9,Choppa,,Melee,Melee,6,2,5,-1,1
10,Slugga,"<a href=""/wh40k10ed/the-rules/core-rules/#Pistol"">pistol</a>",12,Ranged,1,5,4,0,1
10,Da Vulcha’s Klaws and choppa,,Melee,Melee,6,2,8,-2,2
11,Slugga,"<a href=""/wh40k10ed/the-rules/core-rules/#Pistol"">pistol</a>",12,Ranged,1,4,4,0,1
11,Mork’s Teeth,"<a href=""/wh40k10ed/the-rules/core-rules/#Precision"">precision</a>, <a href=""/wh40k10ed/the-rules/core-rules/#Twin-linked"">twin-linked</a>",Melee,Melee,6,2,6,-1,2
12,Kustom mega-slugga,"<a href=""/wh40k10ed/the-rules/core-rules/#Blast"">blast</a>, <a href=""/wh40k10ed/the-rules/core-rules/#Hazardous"">hazardous</a>",12,Ranged,D3,5,8,-2,D6
12,Killsaw,,Melee,Melee,1,4,12,-3,2
12,Wrench,,Melee,Melee,3,3,4,0,1
13,Power klaw,,Melee,Melee,3,4,9,-2,2
13,’Urty syringe,"<a href=""/wh40k10ed/the-rules/core-rules/#Anti"">anti-infantry 4+</a>, <a href=""/wh40k10ed/the-rules/core-rules/#Extra-Attacks"">extra attacks</a>, <a href=""/wh40k10ed/the-rules/core-rules/#Precision"">precision</a>",Melee,Melee,1,3,2,0,1
14,Twin dakkagun,"<a href=""/wh40k10ed/the-rules/core-rules/#Assault"">assault</a>, <a href=""/wh40k10ed/the-rules/core-rules/#Rapid-Fire"">rapid fire 2</a>, <a href=""/wh40k10ed/the-rules/core-rules/#Twin-linked"">twin-linked</a>",18,Ranged,3,5,5,0,1
14,Killsaw,,Melee,Melee,2,4,12,-3,2
14,Power klaw,,Melee,Melee,3,4,9,-2,2
14,’Urty syringe,"<a href=""/wh40k10ed/the-rules/core-rules/#Anti"">anti-infantry 4+</a>, <a href=""/wh40k10ed/the-rules/core-rules/#Extra-Attacks"">extra attacks</a>, <a href=""/wh40k10ed/the-rules/core-rules/#Precision"">precision</a>",Melee,Melee,1,3,2,0,1
15,Slugga,"<a href=""/wh40k10ed/the-rules/core-rules/#Pistol"">pistol</a>",12,Ranged,1,5,4,0,1
15,Power klaw,"<a href=""/wh40k10ed/the-rules/core-rules/#Sustained-Hits"">sustained hits 1</a>",Melee,Melee,4,3,9,-2,2
15,’Urty syringe,"<a href=""/wh40k10ed/the-rules/core-rules/#Anti"">anti-infantry 4+</a>, <a href=""/wh40k10ed/the-rules/core-rules/#Extra-Attacks"">extra attacks</a>, <a href=""/wh40k10ed/the-rules/core-rules/#Precision"">precision</a>",Melee,Melee,1,3,2,0,1
16,Big shoota,"<a href=""/wh40k10ed/the-rules/core-rules/#Rapid-Fire"">rapid fire 2</a>",36,Ranged,3,5,5,0,1
16,Kombi-weapon,"<a href=""/wh40k10ed/the-rules/core-rules/#Anti"">anti-infantry 4+</a>, <a href=""/wh40k10ed/the-rules/core-rules/#Devastating-Wounds"">devastating wounds</a>, <a href=""/wh40k10ed/the-rules/core-rules/#Rapid-Fire"">rapid fire 1</a>",24,Ranged,1,5,4,0,1
16,Rokkit launcha,"<a href=""/wh40k10ed/the-rules/core-rules/#Blast"">blast</a>",24,Ranged,D3,5,9,-2,3
16,Shoota,"<a href=""/wh40k10ed/the-rules/core-rules/#Rapid-Fire"">rapid fire 1</a>",18,Ranged,2,5,4,0,1
16,Slugga,"<a href=""/wh40k10ed/the-rules/core-rules/#Pistol"">pistol</a>",12,Ranged,1,5,4,0,1
16,Big choppa,,Melee,Melee,3,3,7,-1,2
16,Choppa,,Melee,Melee,3,3,4,-1,1
16,Close combat weapon,,Melee,Melee,2,3,4,0,1
16,Power klaw,,Melee,Melee,3,4,9,-2,2
17,Grot blasta,"<a href=""/wh40k10ed/the-rules/core-rules/#Pistol"">pistol</a>",12,Ranged,1,4,3,0,1
17,Slugga,"<a href=""/wh40k10ed/the-rules/core-rules/#Pistol"">pistol</a>",12,Ranged,1,5,4,0,1
17,Close combat weapon,,Melee,Melee,1,5,2,0,1
17,Runtherd tools,,Melee,Melee,3,3,5,0,1
19,Big shoota,"<a href=""/wh40k10ed/the-rules/core-rules/#Rapid-Fire"">rapid fire 2</a>",36,Ranged,3,5,5,0,1
19,Burna,"<a href=""/wh40k10ed/the-rules/core-rules/#Ignores-Cover"">ignores cover</a>, <a href=""/wh40k10ed/the-rules/core-rules/#Torrent"">torrent</a>",12,Ranged,D6,N/A,4,0,1
19,Kustom mega-blasta,"<a href=""/wh40k10ed/the-rules/core-rules/#Hazardous"">hazardous</a>",24,Ranged,3,5,9,-2,D6
19,Rokkit launcha,"<a href=""/wh40k10ed/the-rules/core-rules/#Blast"">blast</a>",24,Ranged,D3,5,9,-2,3
19,Close combat weapon,,Melee,Melee,3,3,4,0,1
19,Cuttin’ flames,,Melee,Melee,2,4,4,-2,1
20,Rokkit launcha,"<a href=""/wh40k10ed/the-rules/core-rules/#Blast"">blast</a>",24,Ranged,D3,5,9,-2,3
20,Rokkit pistol,"<a href=""/wh40k10ed/the-rules/core-rules/#Pistol"">pistol</a>",12,Ranged,1,5,9,-2,3
20,Choppa,,Melee,Melee,4,3,5,-1,1
20,Close combat weapon,,Melee,Melee,3,3,5,0,1
20,Smash hammer,"<a href=""/wh40k10ed/the-rules/core-rules/#Anti"">anti-monster 4+</a>, <a href=""/wh40k10ed/the-rules/core-rules/#Anti"">anti-vehicle 4+</a>",Melee,Melee,2,3,6,-2,3
21,Kombi-weapon,"<a href=""/wh40k10ed/the-rules/core-rules/#Anti"">anti-infantry 4+</a>, <a href=""/wh40k10ed/the-rules/core-rules/#Devastating-Wounds"">devastating wounds</a>, <a href=""/wh40k10ed/the-rules/core-rules/#Rapid-Fire"">rapid fire 1</a>",24,Ranged,1,5,4,0,1
21,Slugga,"<a href=""/wh40k10ed/the-rules/core-rules/#Pistol"">pistol</a>",12,Ranged,1,5,4,0,1
21,Big choppa,,Melee,Melee,3,3,7,-1,2
21,Close combat weapon,,Melee,Melee,3,3,5,0,1
21,Power klaw,,Melee,Melee,3,4,9,-2,2
22,Kustom shoota,"<a href=""/wh40k10ed/the-rules/core-rules/#Rapid-Fire"">rapid fire 2</a>",18,Ranged,4,5,4,0,1
22,Waaagh! banner,,Melee,Melee,3,3,8,-2,2
23,Slugga,"<a href=""/wh40k10ed/the-rules/core-rules/#Pistol"">pistol</a>",12,Ranged,1,5,4,0,1
23,Twin dakkagun,"<a href=""/wh40k10ed/the-rules/core-rules/#Assault"">assault</a>, <a href=""/wh40k10ed/the-rules/core-rules/#Rapid-Fire"">rapid fire 2</a>, <a href=""/wh40k10ed/the-rules/core-rules/#Twin-linked"">twin-linked</a>",18,Ranged,3,5,5,0,1
23,Big choppa,,Melee,Melee,3,3,7,-1,2
23,Choppa,,Melee,Melee,3,3,5,-1,1
23,Close combat weapon,,Melee,Melee,3,3,5,0,1
23,Killsaw,,Melee,Melee,2,4,12,-3,2
23,Power klaw,,Melee,Melee,3,4,9,-2,2
23,Power stabba,"<a href=""/wh40k10ed/the-rules/core-rules/#Lance"">lance</a>",Melee,Melee,3,4,8,-1,2
24,Kombi-weapon,"<a href=""/wh40k10ed/the-rules/core-rules/#Anti"">anti-infantry 4+</a>, <a href=""/wh40k10ed/the-rules/core-rules/#Devastating-Wounds"">devastating wounds</a>, <a href=""/wh40k10ed/the-rules/core-rules/#Rapid-Fire"">rapid fire 1</a>",24,Ranged,1,5,4,0,1
24,Kustom shoota,"<a href=""/wh40k10ed/the-rules/core-rules/#Rapid-Fire"">rapid fire 2</a>",18,Ranged,4,5,4,0,1
24,Killsaw,,Melee,Melee,2,4,12,-3,2
24,Power klaw,,Melee,Melee,3,4,9,-2,2
24,Twin killsaw,"<a href=""/wh40k10ed/the-rules/core-rules/#Twin-linked"">twin-linked</a>",Melee,Melee,2,4,12,-3,2
25,Burna,"<a href=""/wh40k10ed/the-rules/core-rules/#Ignores-Cover"">ignores cover</a>, <a href=""/wh40k10ed/the-rules/core-rules/#Torrent"">torrent</a>",12,Ranged,D6,N/A,4,0,1
25,Speshul Kommando shoota,"<a href=""/wh40k10ed/the-rules/core-rules/#Rapid-Fire"">rapid fire 2</a>",18,Ranged,4,5,4,0,1
25,Rokkit launcha,"<a href=""/wh40k10ed/the-rules/core-rules/#Blast"">blast</a>",24,Ranged,D3,5,9,-2,3
25,Slugga,"<a href=""/wh40k10ed/the-rules/core-rules/#Pistol"">pistol</a>",12,Ranged,1,5,4,0,1
25,Big choppa,,Melee,Melee,4,3,7,-1,2
25,Breacha ram,,Melee,Melee,2,4,9,-2,2
25,Choppa,,Melee,Melee,3,3,4,-1,1
25,Close combat weapon,,Melee,Melee,2,3,4,0,1
25,Power klaw,,Melee,Melee,3,4,9,-2,2
26,Big shoota,"<a href=""/wh40k10ed/the-rules/core-rules/#Rapid-Fire"">rapid fire 2</a>",36,Ranged,3,5,5,0,1
26,Spiked wheels,,Melee,Melee,3,4,6,0,1
26,Wreckin’ ball,"<a href=""/wh40k10ed/the-rules/core-rules/#Extra-Attacks"">extra attacks</a>",Melee,Melee,1,4,10,0,D6
27,Slugga,"<a href=""/wh40k10ed/the-rules/core-rules/#Pistol"">pistol</a>",12,Ranged,1,5,4,0,1
27,Choppa,,Melee,Melee,3,3,4,-1,1
27,Power klaw,,Melee,Melee,3,4,9,-2,2
28,Kopta rokkits,"<a href=""/wh40k10ed/the-rules/core-rules/#Blast"">blast</a>, <a href=""/wh40k10ed/the-rules/core-rules/#Twin-linked"">twin-linked</a>",24,Ranged,D3,5,9,-2,3
28,Kustom mega-blasta,"<a href=""/wh40k10ed/the-rules/core-rules/#Hazardous"">hazardous</a>",24,Ranged,3,5,9,-2,D6
28,Slugga,"<a href=""/wh40k10ed/the-rules/core-rules/#Pistol"">pistol</a>",12,Ranged,1,5,4,0,1
28,Spinnin’ blades,,Melee,Melee,6,3,5,0,1
29,Twin supa-shoota,"<a href=""/wh40k10ed/the-rules/core-rules/#Rapid-Fire"">rapid fire 2</a>, <a href=""/wh40k10ed/the-rules/core-rules/#Sustained-Hits"">sustained hits 1</a>, <a href=""/wh40k10ed/the-rules/core-rules/#Twin-linked"">twin-linked</a>",36,Ranged,4,5,6,-1,1
29,Armoured hull,,Melee,Melee,3,4,6,0,1
30,Twin big shoota,"<a href=""/wh40k10ed/the-rules/core-rules/#Rapid-Fire"">rapid fire 2</a>, <a href=""/wh40k10ed/the-rules/core-rules/#Twin-linked"">twin-linked</a>",36,Ranged,3,5,5,0,1
30,Twin supa-shoota,"<a href=""/wh40k10ed/the-rules/core-rules/#Rapid-Fire"">rapid fire 2</a>, <a href=""/wh40k10ed/the-rules/core-rules/#Sustained-Hits"">sustained hits 1</a>, <a href=""/wh40k10ed/the-rules/core-rules/#Twin-linked"">twin-linked</a>",36,Ranged,4,5,6,-1,1
30,Skorcha missile rack,"<a href=""/wh40k10ed/the-rules/core-rules/#Blast"">blast</a>, <a href=""/wh40k10ed/the-rules/core-rules/#Ignores-Cover"">ignores cover</a>",36,Ranged,2D6,5,5,-1,1
30,Armoured hull,,Melee,Melee,3,4,6,0,1
31,Big shoota,"<a href=""/wh40k10ed/the-rules/core-rules/#Rapid-Fire"">rapid fire 2</a>",36,Ranged,3,5,5,0,1
31,Twin supa-shoota,"<a href=""/wh40k10ed/the-rules/core-rules/#Rapid-Fire"">rapid fire 2</a>, <a href=""/wh40k10ed/the-rules/core-rules/#Sustained-Hits"">sustained hits 1</a>, <a href=""/wh40k10ed/the-rules/core-rules/#Twin-linked"">twin-linked</a>",36,Ranged,4,5,6,-1,1
31,Armoured hull,,Melee,Melee,3,4,6,0,1
32,Smasha gun,"<a href=""/wh40k10ed/the-rules/core-rules/#Blast"">blast</a>",48,Ranged,D3,4,9,-3,4
32,Twin wazbom mega-kannon,"<a href=""/wh40k10ed/the-rules/core-rules/#Blast"">blast</a>, <a href=""/wh40k10ed/the-rules/core-rules/#Hazardous"">hazardous</a>, <a href=""/wh40k10ed/the-rules/core-rules/#Twin-linked"">twin-linked</a>",36,Ranged,D3,4,12,-2,D6
32,Twin supa-shoota,"<a href=""/wh40k10ed/the-rules/core-rules/#Rapid-Fire"">rapid fire 2</a>, <a href=""/wh40k10ed/the-rules/core-rules/#Sustained-Hits"">sustained hits 1</a>, <a href=""/wh40k10ed/the-rules/core-rules/#Twin-linked"">twin-linked</a>",36,Ranged,4,4,6,-1,1
32,Twin tellyport mega-blasta,"<a href=""/wh40k10ed/the-rules/core-rules/#Blast"">blast</a>, <a href=""/wh40k10ed/the-rules/core-rules/#Twin-linked"">twin-linked</a>",24,Ranged,3,5,9,-1,D6+1
32,Armoured hull,,Melee,Melee,3,4,6,0,1
33,Slugga,"<a href=""/wh40k10ed/the-rules/core-rules/#Pistol"">pistol</a>",12,Ranged,1,5,4,0,1
33,Twin dakkagun,"<a href=""/wh40k10ed/the-rules/core-rules/#Assault"">assault</a>, <a href=""/wh40k10ed/the-rules/core-rules/#Rapid-Fire"">rapid fire 2</a>, <a href=""/wh40k10ed/the-rules/core-rules/#Twin-linked"">twin-linked</a>",18,Ranged,3,5,5,0,1
33,Big choppa,,Melee,Melee,3,3,7,-1,2
33,Choppa,,Melee,Melee,3,3,4,-1,1
33,Close combat weapon,,Melee,Melee,2,3,4,0,1
33,Power klaw,,Melee,Melee,3,4,9,-2,2
34,Rack of rokkits,"<a href=""/wh40k10ed/the-rules/core-rules/#Blast"">blast</a>",24,Ranged,D3+1,5,9,-2,3
34,Twin big shoota,"<a href=""/wh40k10ed/the-rules/core-rules/#Rapid-Fire"">rapid fire 2</a>, <a href=""/wh40k10ed/the-rules/core-rules/#Twin-linked"">twin-linked</a>",36,Ranged,3,5,5,0,1
34,Spiked wheel,,Melee,Melee,2,4,6,0,1
35,Skorcha,"<a href=""/wh40k10ed/the-rules/core-rules/#Ignores-Cover"">ignores cover</a>, <a href=""/wh40k10ed/the-rules/core-rules/#Torrent"">torrent</a>",12,Ranged,D6,N/A,5,-1,1
35,Spiked wheel,,Melee,Melee,2,4,6,0,1
36,Rack of rokkits,"<a href=""/wh40k10ed/the-rules/core-rules/#Blast"">blast</a>",24,Ranged,D3+1,5,9,-2,3
36,Twin big shoota,"<a href=""/wh40k10ed/the-rules/core-rules/#Rapid-Fire"">rapid fire 2</a>, <a href=""/wh40k10ed/the-rules/core-rules/#Twin-linked"">twin-linked</a>",36,Ranged,3,5,5,0,1
36,Spiked wheels,,Melee,Melee,3,4,6,0,1
37,Kannon – frag,"<a href=""/wh40k10ed/the-rules/core-rules/#Blast"">blast</a>, <a href=""/wh40k10ed/the-rules/core-rules/#Heavy"">heavy</a>",36,Ranged,D6,6,5,0,1
37,Kannon – shell,"<a href=""/wh40k10ed/the-rules/core-rules/#Heavy"">heavy</a>",36,Ranged,1,6,9,-2,D6
37,Lobba,"<a href=""/wh40k10ed/the-rules/core-rules/#Blast"">blast</a>, <a href=""/wh40k10ed/the-rules/core-rules/#Heavy"">heavy</a>, <a href=""/wh40k10ed/the-rules/core-rules/#Indirect-Fire"">indirect fire</a>",48,Ranged,D6,6,5,0,1
37,Zzap gun,"<a href=""/wh40k10ed/the-rules/core-rules/#Devastating-Wounds"">devastating wounds</a>, <a href=""/wh40k10ed/the-rules/core-rules/#Heavy"">heavy</a>",36,Ranged,1,6,2D6,-3,3
37,Close combat weapons,,Melee,Melee,2,3,4,0,1
38,Bubblechukka – big bubble,"bubblechukka, <a href=""/wh40k10ed/the-rules/core-rules/#Blast"">blast</a>",48,Ranged,2D6,4,6,-1,1
38,Bubblechukka – wobbly bubble,"bubblechukka, <a href=""/wh40k10ed/the-rules/core-rules/#Blast"">blast</a>",48,Ranged,D6,4,9,-2,3
38,Bubblechukka – dense bubble,"bubblechukka, <a href=""/wh40k10ed/the-rules/core-rules/#Blast"">blast</a>",48,Ranged,D3,4,12,-3,D6+3
38,Kustom mega-kannon,"<a href=""/wh40k10ed/the-rules/core-rules/#Blast"">BLAST</a>, <a href=""/wh40k10ed/the-rules/core-rules/#Hazardous"">HAZARDOUS</a>",36,Ranged,D6,4,12,-1,D6
38,Smasha gun,"<a href=""/wh40k10ed/the-rules/core-rules/#Blast"">BLAST</a>",48,Ranged,D3+1,4,9,-3,3
38,Traktor kannon,"<a href=""/wh40k10ed/the-rules/core-rules/#Anti"">ANTI-FLY 2+</a>, <a href=""/wh40k10ed/the-rules/core-rules/#Devastating-Wounds"">DEVASTATING WOUNDS</a>",48,Ranged,1,4,10,-2,D6+1
38,Grot crew,,Melee,Melee,6,5,2,0,1
39,Big shoota,"<a href=""/wh40k10ed/the-rules/core-rules/#Rapid-Fire"">rapid fire 2</a>",36,Ranged,3,5,5,0,1
39,Kannon – frag,"<a href=""/wh40k10ed/the-rules/core-rules/#Blast"">blast</a>",36,Ranged,D6+3,5,6,0,1
39,Kannon – shell,,36,Ranged,1,5,10,-2,D6
39,Killkannon,,24,Ranged,D6+1,5,9,-2,2
39,Lobba,"<a href=""/wh40k10ed/the-rules/core-rules/#Blast"">blast</a>, <a href=""/wh40k10ed/the-rules/core-rules/#Indirect-Fire"">indirect fire</a>",48,Ranged,D6,5,5,0,1
39,Zzap gun,"<a href=""/wh40k10ed/the-rules/core-rules/#Anti"">anti-vehicle 4+</a>",36,Ranged,1,5,D6+6,-3,5
39,Deff rolla,,Melee,Melee,6,3,9,-1,2
39,Grabbin’ klaw,"<a href=""/wh40k10ed/the-rules/core-rules/#Extra-Attacks"">extra attacks</a>",Melee,Melee,2,3,8,-2,2
39,Tracks and wheels,,Melee,Melee,6,4,8,0,1
39,Wreckin’ ball,"<a href=""/wh40k10ed/the-rules/core-rules/#Extra-Attacks"">extra attacks</a>",Melee,Melee,1,4,10,0,D6
40,Big shoota,"<a href=""/wh40k10ed/the-rules/core-rules/#Rapid-Fire"">rapid fire 2</a>",36,Ranged,3,5,5,0,1
40,Kustom mega-blasta,"<a href=""/wh40k10ed/the-rules/core-rules/#Hazardous"">hazardous</a>",24,Ranged,3,5,9,-2,D6
40,Rokkit launcha,"<a href=""/wh40k10ed/the-rules/core-rules/#Blast"">blast</a>",24,Ranged,D3,5,9,-2,3
40,Skorcha,"<a href=""/wh40k10ed/the-rules/core-rules/#Ignores-Cover"">ignores cover</a>, <a href=""/wh40k10ed/the-rules/core-rules/#Torrent"">torrent</a>",12,Ranged,D6,N/A,5,-1,1
40,Dread klaw,dead choppy,Melee,Melee,4,3,12,-2,3
40,Stompy feet,,Melee,Melee,4,3,5,0,1
41,Kan shoota,"<a href=""/wh40k10ed/the-rules/core-rules/#Devastating-Wounds"">devastating wounds</a>, <a href=""/wh40k10ed/the-rules/core-rules/#Rapid-Fire"">rapid fire 2</a>",36,Ranged,3,4,5,0,1
41,Grotzooka,"<a href=""/wh40k10ed/the-rules/core-rules/#Blast"">blast</a>, <a href=""/wh40k10ed/the-rules/core-rules/#Ignores-Cover"">ignores cover</a>",18,Ranged,D3+3,4,6,-1,1
41,Rokkit launcha,"<a href=""/wh40k10ed/the-rules/core-rules/#Blast"">blast</a>",24,Ranged,D3,4,9,-2,3
41,Skorcha,"<a href=""/wh40k10ed/the-rules/core-rules/#Ignores-Cover"">ignores cover</a>, <a href=""/wh40k10ed/the-rules/core-rules/#Torrent"">torrent</a>",12,Ranged,D6,N/A,5,-1,1
41,Kan klaw,,Melee,Melee,3,4,8,-2,3
42,Kustom mega-blasta,"<a href=""/wh40k10ed/the-rules/core-rules/#Hazardous"">hazardous</a>",24,Ranged,3,5,9,-2,D6
42,Kustom mega-zappa,"<a href=""/wh40k10ed/the-rules/core-rules/#Blast"">blast</a>, <a href=""/wh40k10ed/the-rules/core-rules/#Hazardous"">hazardous</a>",36,Ranged,D6+3,5,10,-2,D6
42,Rokkit launcha,"<a href=""/wh40k10ed/the-rules/core-rules/#Blast"">blast</a>",24,Ranged,D3,5,9,-2,3
42,Twin big shoota,"<a href=""/wh40k10ed/the-rules/core-rules/#Rapid-Fire"">rapid fire 2</a>, <a href=""/wh40k10ed/the-rules/core-rules/#Twin-linked"">twin-linked</a>",36,Ranged,3,5,5,0,1
42,Klaw of Mork – strike,,Melee,Melee,4,3,18,-3,6
42,Klaw of Mork – sweep,,Melee,Melee,12,3,8,-1,2
43,Deffstorm mega-shoota,"<a href=""/wh40k10ed/the-rules/core-rules/#Rapid-Fire"">rapid fire 10</a>",36,Ranged,20,5,6,-1,1
43,Rokkit launcha,"<a href=""/wh40k10ed/the-rules/core-rules/#Blast"">blast</a>",24,Ranged,D3,5,9,-2,3
43,Skorcha,"<a href=""/wh40k10ed/the-rules/core-rules/#Ignores-Cover"">ignores cover</a>, <a href=""/wh40k10ed/the-rules/core-rules/#Torrent"">torrent</a>",12,Ranged,D6,N/A,5,-1,1
43,Twin big shoota,"<a href=""/wh40k10ed/the-rules/core-rules/#Rapid-Fire"">rapid fire 2</a>, <a href=""/wh40k10ed/the-rules/core-rules/#Twin-linked"">twin-linked</a>",36,Ranged,3,5,5,0,1
43,Klaw of Gork – strike,,Melee,Melee,5,3,18,-3,6
43,Klaw of Gork – sweep,,Melee,Melee,15,3,8,-1,2
44,Big shoota,"<a href=""/wh40k10ed/the-rules/core-rules/#Rapid-Fire"">rapid fire 2</a>",36,Ranged,3,5,5,0,1
44,Deffgun,"<a href=""/wh40k10ed/the-rules/core-rules/#Heavy"">heavy</a>, <a href=""/wh40k10ed/the-rules/core-rules/#Rapid-Fire"">rapid fire 1</a>",48,Ranged,2,6,8,-1,2
44,Kustom mega-blasta,"<a href=""/wh40k10ed/the-rules/core-rules/#Hazardous"">hazardous</a>",24,Ranged,3,5,9,-2,D6
44,Rokkit launcha,"<a href=""/wh40k10ed/the-rules/core-rules/#Blast"">blast</a>",24,Ranged,D3,5,9,-2,3
44,Close combat weapon,,Melee,Melee,2,3,4,0,1
45,Snazzgun,"<a href=""/wh40k10ed/the-rules/core-rules/#Heavy"">heavy</a>, <a href=""/wh40k10ed/the-rules/core-rules/#Sustained-Hits"">sustained hits 1</a>",24,Ranged,3,5,6,-1,2
45,Choppa,,Melee,Melee,4,3,5,-1,1
46,Big shoota,"<a href=""/wh40k10ed/the-rules/core-rules/#Rapid-Fire"">rapid fire 2</a>",36,Ranged,3,5,5,0,1
46,Deffkannon,"<a href=""/wh40k10ed/the-rules/core-rules/#Blast"">blast</a>",72,Ranged,3D6,5,14,-3,D6
46,Skorcha,"<a href=""/wh40k10ed/the-rules/core-rules/#Ignores-Cover"">ignores cover</a>, <a href=""/wh40k10ed/the-rules/core-rules/#Torrent"">torrent</a>",12,Ranged,D6,N/A,5,-1,1
46,Supa-gatler,"<a href=""/wh40k10ed/the-rules/core-rules/#Sustained-Hits"">sustained hits 1</a>",24,Ranged,20,5,7,-1,2
46,Supa-rokkits,"<a href=""/wh40k10ed/the-rules/core-rules/#Blast"">blast</a>",100,Ranged,D6,5,12,-3,D6+2
46,Twin big shoota,"<a href=""/wh40k10ed/the-rules/core-rules/#Rapid-Fire"">rapid fire 2</a>, <a href=""/wh40k10ed/the-rules/core-rules/#Twin-linked"">twin-linked</a>",36,Ranged,3,5,5,0,1
46,Mega-choppa – strike,,Melee,Melee,6,3,24,-5,10
46,Mega-choppa – sweep,,Melee,Melee,18,3,10,-2,3
49,Grot tank shoota,"<a href=""/wh40k10ed/the-rules/core-rules/#Devastating-Wounds"">devastating wounds</a>, <a href=""/wh40k10ed/the-rules/core-rules/#Rapid-Fire"">rapid fire 2</a>",36,Ranged,3,4,5,0,1
49,Grotzooka,"<a href=""/wh40k10ed/the-rules/core-rules/#Blast"">blast</a>, <a href=""/wh40k10ed/the-rules/core-rules/#Ignores-Cover"">ignores cover</a>",18,Ranged,D3+3,4,6,-1,1
49,Kustom mega-blasta,"<a href=""/wh40k10ed/the-rules/core-rules/#Hazardous"">hazardous</a>",24,Ranged,2,4,9,-2,D6
49,Rokkit launcha,"<a href=""/wh40k10ed/the-rules/core-rules/#Blast"">blast</a>",24,Ranged,D3,4,9,-2,3
49,Skorcha,"<a href=""/wh40k10ed/the-rules/core-rules/#Ignores-Cover"">ignores cover</a>, <a href=""/wh40k10ed/the-rules/core-rules/#Torrent"">torrent</a>",12,Ranged,D6,N/A,5,-1,1
49,Ramshackle hull,,Melee,Melee,3,5,6,0,1
50,Mega-tank weapons,"<a href=""/wh40k10ed/the-rules/core-rules/#Rapid-Fire"">rapid fire 10</a>",18,Ranged,10,4,5,0,1
50,Twin big shoota,"<a href=""/wh40k10ed/the-rules/core-rules/#Rapid-Fire"">rapid fire 2</a>, <a href=""/wh40k10ed/the-rules/core-rules/#Twin-linked"">twin-linked</a>",18,Ranged,3,4,5,0,1
50,Twin grotzooka,"<a href=""/wh40k10ed/the-rules/core-rules/#Blast"">blast</a>, <a href=""/wh40k10ed/the-rules/core-rules/#Twin-linked"">twin-linked</a>",18,Ranged,D3+3,4,6,0,1
50,Twin kustom mega-blasta,"<a href=""/wh40k10ed/the-rules/core-rules/#Hazardous"">hazardous</a>, <a href=""/wh40k10ed/the-rules/core-rules/#Twin-linked"">twin-linked</a>",24,Ranged,2,4,9,-2,D6
50,Twin rokkit launcha,"<a href=""/wh40k10ed/the-rules/core-rules/#Blast"">blast</a>, <a href=""/wh40k10ed/the-rules/core-rules/#Twin-linked"">twin-linked</a>",24,Ranged,D3,4,9,-2,3
50,Twin skorcha,"<a href=""/wh40k10ed/the-rules/core-rules/#Ignores-Cover"">ignores cover</a>, <a href=""/wh40k10ed/the-rules/core-rules/#Torrent"">torrent</a>, <a href=""/wh40k10ed/the-rules/core-rules/#Twin-linked"">twin-linked</a>",12,Ranged,D6,N/A,5,-1,1
50,Armoured hull,,Melee,Melee,6,4,4,0,1
51,Kannon – frag,"<a href=""/wh40k10ed/the-rules/core-rules/#Blast"">blast</a>",36,Ranged,D6,5,5,0,1
51,Kannon – shell,,36,Ranged,1,5,9,-2,D6
51,Gorin’ horns – strike,,Melee,Melee,4,3,12,-2,D6
51,Gorin’ horns – sweep,,Melee,Melee,8,3,9,-1,2
52,Killkannon,,24,Ranged,D6+3,5,9,-2,2
52,Dread killsaw,,Melee,Melee,4,3,14,-3,4
52,Dread rippa klaw,,Melee,Melee,6,3,12,-2,3
52,Stompy feet,,Melee,Melee,4,3,7,0,1
53,Big shoota,"<a href=""/wh40k10ed/the-rules/core-rules/#Rapid-Fire"">rapid fire 2</a>",36,Ranged,3,5,5,0,1
53,Lifta-droppa,"<a href=""/wh40k10ed/the-rules/core-rules/#Anti"">anti-vehicle 3+</a>",36,Ranged,4,5,6,-3,D6+1
53,Rokkit launcha,"<a href=""/wh40k10ed/the-rules/core-rules/#Blast"">blast</a>",24,Ranged,D3,5,9,-2,3
53,Deff rolla,,Melee,Melee,6,3,9,-1,2
53,Grabbin’ klaw,"<a href=""/wh40k10ed/the-rules/core-rules/#Extra-Attacks"">extra attacks</a>",Melee,Melee,2,3,8,-2,2
53,Tracks and wheels,,Melee,Melee,6,4,8,0,1
53,Wreckin’ ball,"<a href=""/wh40k10ed/the-rules/core-rules/#Extra-Attacks"">extra attacks</a>",Melee,Melee,1,4,10,0,D6
54,Big shoota,"<a href=""/wh40k10ed/the-rules/core-rules/#Rapid-Fire"">rapid fire 2</a>",36,Ranged,3,5,5,0,1
54,Kannon – frag,"<a href=""/wh40k10ed/the-rules/core-rules/#Blast"">blast</a>",36,Ranged,D6,5,5,0,1
54,Kannon – shell,,36,Ranged,1,5,9,-2,D6
54,Supa-kannon – frag,"<a href=""/wh40k10ed/the-rules/core-rules/#Blast"">blast</a>",36,Ranged,D6+3,5,5,0,1
54,Supa-kannon – shell,,36,Ranged,1,5,9,-2,D3+3
54,Armoured hull,,Melee,Melee,3,4,6,0,1
55,Big shoota,"<a href=""/wh40k10ed/the-rules/core-rules/#Rapid-Fire"">rapid fire 2</a>",36,Ranged,3,5,5,0,1
55,Supa-kannon – frag,"<a href=""/wh40k10ed/the-rules/core-rules/#Blast"">blast</a>",36,Ranged,D6+3,5,5,0,1
55,Supa-kannon – shell,,36,Ranged,1,5,9,-2,D3+3
55,Spiked ram,,Melee,Melee,3,4,8,0,1
56,Bursta kannon,"<a href=""/wh40k10ed/the-rules/core-rules/#Blast"">blast</a>",36,Ranged,3D6,5,14,-2,3
56,Giga shoota,"<a href=""/wh40k10ed/the-rules/core-rules/#Sustained-Hits"">sustained hits 1</a>",48,Ranged,30,5,6,-1,1
56,Skorcha,"<a href=""/wh40k10ed/the-rules/core-rules/#Ignores-Cover"">ignores cover</a>, <a href=""/wh40k10ed/the-rules/core-rules/#Torrent"">torrent</a>",12,Ranged,D6,N/A,5,-1,1
56,Twin big shoota,"<a href=""/wh40k10ed/the-rules/core-rules/#Rapid-Fire"">rapid fire 2</a>, <a href=""/wh40k10ed/the-rules/core-rules/#Twin-linked"">twin-linked</a>",18,Ranged,3,5,5,0,1
56,Reinforced ram,,Melee,Melee,8,4,9,-1,2
57,Big shoota,"<a href=""/wh40k10ed/the-rules/core-rules/#Rapid-Fire"">rapid fire 2</a>",36,Ranged,3,5,5,0,1
57,Deffgun,"<a href=""/wh40k10ed/the-rules/core-rules/#Rapid-Fire"">rapid fire 1</a>",48,Ranged,2,5,8,-1,2
57,Kustom mega-blasta,"<a href=""/wh40k10ed/the-rules/core-rules/#Hazardous"">hazardous</a>",24,Ranged,3,5,9,-2,D6
57,Rattler kannon,,24,Ranged,6,5,6,-1,1
57,Rokkit launcha,"<a href=""/wh40k10ed/the-rules/core-rules/#Blast"">blast</a>",24,Ranged,D3,5,9,-2,3
57,Skorcha,"<a href=""/wh40k10ed/the-rules/core-rules/#Ignores-Cover"">ignores cover</a>, <a href=""/wh40k10ed/the-rules/core-rules/#Torrent"">torrent</a>",12,Ranged,D6,N/A,5,-1,1
57,Armoured hull,,Melee,Melee,3,4,6,0,1
59,Kannon – frag,"<a href=""/wh40k10ed/the-rules/core-rules/#Blast"">blast</a>",36,Ranged,D6,5,5,0,1
59,Kannon – shell,,36,Ranged,1,5,9,-2,D6
59,Supa-kannon,"<a href=""/wh40k10ed/the-rules/core-rules/#Blast"">blast</a>",60,Ranged,2D6,5,12,-2,3
59,Huge tusks – strike,"<a href=""/wh40k10ed/the-rules/core-rules/#Lance"">lance</a>",Melee,Melee,6,3,14,-3,12
59,Huge tusks – sweep,,Melee,Melee,18,3,9,-2,3
60,Absolvor bolt pistol,"<a href=""/wh40k10ed/the-rules/core-rules/#Pistol"">pistol</a>",18,Ranged,1,3,5,-1,2
60,Close combat weapon,,Melee,Melee,4,3,4,0,1
61,Bolt pistol,"<a href=""/wh40k10ed/the-rules/core-rules/#Pistol"">pistol</a>",12,Ranged,1,3,4,0,1
61,Flamer,"<a href=""/wh40k10ed/the-rules/core-rules/#Ignores-Cover"">ignores cover</a>, <a href=""/wh40k10ed/the-rules/core-rules/#Torrent"">torrent</a>",12,Ranged,D6,N/A,4,0,1
61,Grav-pistol,"<a href=""/wh40k10ed/the-rules/core-rules/#Anti"">ANTI-VEHICLE 2+</a>, <a href=""/wh40k10ed/the-rules/core-rules/#Pistol"">PISTOL</a>",12,Ranged,1,3+,4,-1,2
61,Hand flamer,"<a href=""/wh40k10ed/the-rules/core-rules/#Ignores-Cover"">IGNORES COVER</a>, <a href=""/wh40k10ed/the-rules/core-rules/#Pistol"">PISTOL</a>, <a href=""/wh40k10ed/the-rules/core-rules/#Torrent"">TORRENT</a>",12,Ranged,D6,N/A,3,0,1
61,Inferno pistol,"<a href=""/wh40k10ed/the-rules/core-rules/#Melta"">MELTA 2</a>, <a href=""/wh40k10ed/the-rules/core-rules/#Pistol"">PISTOL</a>",6,Ranged,1,3+,8,-4,D3
61,Meltagun,"<a href=""/wh40k10ed/the-rules/core-rules/#Melta"">melta 2</a>",12,Ranged,1,3,9,-4,D6
61,Plasma gun – standard,"<a href=""/wh40k10ed/the-rules/core-rules/#Rapid-Fire"">rapid fire 1</a>",24,Ranged,1,3,7,-2,1
61,Plasma gun – supercharge,"<a href=""/wh40k10ed/the-rules/core-rules/#Hazardous"">hazardous</a>, <a href=""/wh40k10ed/the-rules/core-rules/#Rapid-Fire"">rapid fire 1</a>",24,Ranged,1,3,8,-3,2
61,Plasma pistol – standard,"<a href=""/wh40k10ed/the-rules/core-rules/#Pistol"">pistol</a>",12,Ranged,1,3,7,-2,1
61,Plasma pistol – supercharge,"<a href=""/wh40k10ed/the-rules/core-rules/#Hazardous"">hazardous</a>, <a href=""/wh40k10ed/the-rules/core-rules/#Pistol"">pistol</a>",12,Ranged,1,3,8,-3,2
61,Astartes chainsword,,Melee,Melee,4,3,4,-1,1
61,Close combat weapon,,Melee,Melee,2,3,4,0,1
61,Eviscerator,"<a href=""/wh40k10ed/the-rules/core-rules/#Sustained-Hits"">sustained hits 1</a>",Melee,Melee,3,4,7,-2,2
61,Power fist,,Melee,Melee,3,3,8,-2,2
61,Power weapon,,Melee,Melee,4,3,5,-2,1
61,Thunder hammer,"<a href=""/wh40k10ed/the-rules/core-rules/#Devastating-Wounds"">devastating wounds</a>",Melee,Melee,3,4,8,-2,2
61,Twin lightning claws,"<a href=""/wh40k10ed/the-rules/core-rules/#Twin-linked"">twin-linked</a>",Melee,Melee,5,3,4,-2,1
63,Bolt pistol,"<a href=""/wh40k10ed/the-rules/core-rules/#Pistol"">pistol</a>",12,Ranged,1,3,4,0,1
63,Twin boltgun,"<a href=""/wh40k10ed/the-rules/core-rules/#Twin-linked"">twin-linked</a>",24,Ranged,2,3,4,0,1
63,Astartes chainsword,,Melee,Melee,5,3,4,-1,1
64,Bolt pistol,"<a href=""/wh40k10ed/the-rules/core-rules/#Pistol"">pistol</a>",12,Ranged,1,3,4,0,1
64,Flamer,"<a href=""/wh40k10ed/the-rules/core-rules/#Ignores-Cover"">ignores cover</a>, <a href=""/wh40k10ed/the-rules/core-rules/#Torrent"">torrent</a>",12,Ranged,D6,N/A,4,0,1
64,Grav-pistol,"<a href=""/wh40k10ed/the-rules/core-rules/#Anti"">ANTI-VEHICLE 2+</a>, <a href=""/wh40k10ed/the-rules/core-rules/#Pistol"">PISTOL</a>",12,Ranged,1,3,4,-1,2
64,Hand flamer,"<a href=""/wh40k10ed/the-rules/core-rules/#Ignores-Cover"">IGNORES COVER</a>, <a href=""/wh40k10ed/the-rules/core-rules/#Pistol"">PISTOL</a>, <a href=""/wh40k10ed/the-rules/core-rules/#Torrent"">TORRENT</a>",12,Ranged,D6,N/A,3,0,1
64,Inferno pistol,"<a href=""/wh40k10ed/the-rules/core-rules/#Melta"">MELTA 2</a>, <a href=""/wh40k10ed/the-rules/core-rules/#Pistol"">PISTOL</a>",6,Ranged,1,3,8,-4,D3
64,Meltagun,"<a href=""/wh40k10ed/the-rules/core-rules/#Melta"">melta 2</a>",12,Ranged,1,3,9,-4,D6
64,Plasma gun – standard,"<a href=""/wh40k10ed/the-rules/core-rules/#Rapid-Fire"">rapid fire 1</a>",24,Ranged,1,3,7,-2,1
64,Plasma gun – supercharge,"<a href=""/wh40k10ed/the-rules/core-rules/#Hazardous"">hazardous</a>, <a href=""/wh40k10ed/the-rules/core-rules/#Rapid-Fire"">rapid fire 1</a>",24,Ranged,1,3,8,-3,2
64,Plasma pistol – standard,"<a href=""/wh40k10ed/the-rules/core-rules/#Pistol"">pistol</a>",12,Ranged,1,3,7,-2,1
64,Plasma pistol – supercharge,"<a href=""/wh40k10ed/the-rules/core-rules/#Hazardous"">hazardous</a>, <a href=""/wh40k10ed/the-rules/core-rules/#Pistol"">pistol</a>",12,Ranged,1,3,8,-3,2
64,Astartes chainsword,,Melee,Melee,4,3,4,-1,1
64,Close combat weapon,,Melee,Melee,2,3,4,0,1
64,Eviscerator,"<a href=""/wh40k10ed/the-rules/core-rules/#Sustained-Hits"">sustained hits 1</a>",Melee,Melee,3,4,7,-2,2
64,Power fist,,Melee,Melee,3,3,8,-2,2
64,Power weapon,,Melee,Melee,4,3,5,-2,1
64,Thunder hammer,"<a href=""/wh40k10ed/the-rules/core-rules/#Devastating-Wounds"">devastating wounds</a>",Melee,Melee,3,4,8,-2,2
64,Twin lightning claws,"<a href=""/wh40k10ed/the-rules/core-rules/#Twin-linked"">twin-linked</a>",Melee,Melee,5,3,4,-2,1
65,Godhammer lascannon,,48,Ranged,2,3,12,-3,D6+1
65,Hunter-killer missile,one shot,48,Ranged,1,2,14,-3,D6
65,Multi-melta,"<a href=""/wh40k10ed/the-rules/core-rules/#Melta"">melta 2</a>",18,Ranged,2,3,9,-4,D6
65,Storm bolter,"<a href=""/wh40k10ed/the-rules/core-rules/#Rapid-Fire"">rapid fire 2</a>",24,Ranged,2,3,4,0,1
65,Twin heavy bolter,"<a href=""/wh40k10ed/the-rules/core-rules/#Sustained-Hits"">sustained hits 1</a>, <a href=""/wh40k10ed/the-rules/core-rules/#Twin-linked"">twin-linked</a>",36,Ranged,3,3,5,-1,2
65,Armoured tracks,,Melee,Melee,6,4,8,0,1
66,Hunter-killer missile,one shot,48,Ranged,1,2,14,-3,D6
66,Hurricane bolter,"<a href=""/wh40k10ed/the-rules/core-rules/#Rapid-Fire"">rapid fire 6</a>, <a href=""/wh40k10ed/the-rules/core-rules/#Twin-linked"">twin-linked</a>",24,Ranged,6,3,4,0,1
66,Multi-melta,"<a href=""/wh40k10ed/the-rules/core-rules/#Melta"">melta 2</a>",18,Ranged,2,3,9,-4,D6
66,Storm bolter,"<a href=""/wh40k10ed/the-rules/core-rules/#Rapid-Fire"">rapid fire 2</a>",24,Ranged,2,3,4,0,1
66,Twin assault cannon,"<a href=""/wh40k10ed/the-rules/core-rules/#Devastating-Wounds"">devastating wounds</a>, <a href=""/wh40k10ed/the-rules/core-rules/#Twin-linked"">twin-linked</a>",24,Ranged,6,3,6,0,1
66,Armoured tracks,,Melee,Melee,6,4,8,0,1
67,Combi-weapon,"<a href=""/wh40k10ed/the-rules/core-rules/#Anti"">anti-infantry 4+</a>, <a href=""/wh40k10ed/the-rules/core-rules/#Devastating-Wounds"">devastating wounds</a>, <a href=""/wh40k10ed/the-rules/core-rules/#Rapid-Fire"">rapid fire 1</a>",24,Ranged,1,4,4,0,1
67,Godhammer lascannons,,48,Ranged,2,3,12,-3,D6+1
67,Grav-cannon,"<a href=""/wh40k10ed/the-rules/core-rules/#Anti"">anti-vehicle 2+</a>",24,Ranged,3,3,6,-1,3
67,Hunter-killer missile,one shot,48,Ranged,1,2,14,-3,D6
67,Multi-melta,"<a href=""/wh40k10ed/the-rules/core-rules/#Melta"">melta 2</a>",18,Ranged,2,3,9,-4,D6
67,Storm bolter,"<a href=""/wh40k10ed/the-rules/core-rules/#Rapid-Fire"">rapid fire 2</a>",24,Ranged,2,3,4,0,1
67,Armoured tracks,,Melee,Melee,6,4,8,0,1
68,Accelerator autocannon,"<a href=""/wh40k10ed/the-rules/core-rules/#Heavy"">heavy</a>",48,Ranged,3,4,8,-1,2
68,Bolt pistol,"<a href=""/wh40k10ed/the-rules/core-rules/#Pistol"">pistol</a>",12,Ranged,1,3,4,0,1
68,Close combat weapon,,Melee,Melee,3,3,4,0,1
70,Bolt pistol,"<a href=""/wh40k10ed/the-rules/core-rules/#Pistol"">pistol</a>",12,Ranged,1,3,4,0,1
70,Boltgun,,24,Ranged,2,3,4,0,1
70,Combi-weapon,"<a href=""/wh40k10ed/the-rules/core-rules/#Anti"">ANTI-INFANTRY 4+</a>, <a href=""/wh40k10ed/the-rules/core-rules/#Devastating-Wounds"">DEVASTATING WOUNDS</a>, <a href=""/wh40k10ed/the-rules/core-rules/#Rapid-Fire"">RAPID FIRE 1</a>",24,Ranged,1,4,4,0,1
70,Flamer,"<a href=""/wh40k10ed/the-rules/core-rules/#Ignores-Cover"">ignores cover</a>, <a href=""/wh40k10ed/the-rules/core-rules/#Torrent"">torrent</a>",12,Ranged,D6,N/A,4,0,1
70,Grav-cannon,"<a href=""/wh40k10ed/the-rules/core-rules/#Anti"">ANTI-VEHICLE 2+</a>, <a href=""/wh40k10ed/the-rules/core-rules/#Heavy"">HEAVY</a>",24,Ranged,3,4,6,-1,3
70,Grav-gun,"<a href=""/wh40k10ed/the-rules/core-rules/#Anti"">anti-vehicle 2+</a>",18,Ranged,2,3,5,-1,2
70,Grav-pistol,"<a href=""/wh40k10ed/the-rules/core-rules/#Anti"">ANTI-VEHICLE 2+</a>, <a href=""/wh40k10ed/the-rules/core-rules/#Pistol"">PISTOL</a>",12,Ranged,1,3,4,-1,2
70,Heavy bolter,"<a href=""/wh40k10ed/the-rules/core-rules/#Heavy"">HEAVY</a>, <a href=""/wh40k10ed/the-rules/core-rules/#Sustained-Hits"">SUSTAINED HITS 1</a>",36,Ranged,3,4,5,-1,2
70,Lascannon,"<a href=""/wh40k10ed/the-rules/core-rules/#Heavy"">HEAVY</a>",48,Ranged,1,4,12,-3,D6+1
70,Meltagun,"<a href=""/wh40k10ed/the-rules/core-rules/#Melta"">melta 2</a>",12,Ranged,1,3,9,-4,D6
70,Missile launcher – frag,"<a href=""/wh40k10ed/the-rules/core-rules/#Blast"">BLAST</a>, <a href=""/wh40k10ed/the-rules/core-rules/#Heavy"">HEAVY</a>",48,Ranged,D6,4,4,0,1
70,Missile launcher – krak,"<a href=""/wh40k10ed/the-rules/core-rules/#Heavy"">HEAVY</a>",48,Ranged,1,4,9,-2,D6
70,Multi-melta,"<a href=""/wh40k10ed/the-rules/core-rules/#Heavy"">HEAVY</a>, <a href=""/wh40k10ed/the-rules/core-rules/#Melta"">MELTA 2</a>",18,Ranged,2,4,9,-4,D6
70,Plasma cannon – standard,"<a href=""/wh40k10ed/the-rules/core-rules/#Blast"">BLAST</a>, <a href=""/wh40k10ed/the-rules/core-rules/#Heavy"">HEAVY</a>",36,Ranged,D3,4,7,-2,1
70,Plasma cannon – supercharge,"<a href=""/wh40k10ed/the-rules/core-rules/#Blast"">BLAST</a>, <a href=""/wh40k10ed/the-rules/core-rules/#Heavy"">HEAVY</a>, <a href=""/wh40k10ed/the-rules/core-rules/#Hazardous"">HAZARDOUS</a>",36,Ranged,D3,4,8,-3,2
70,Plasma gun – standard,"<a href=""/wh40k10ed/the-rules/core-rules/#Rapid-Fire"">rapid fire 1</a>",24,Ranged,1,3,7,-2,1
70,Plasma gun – supercharge,"<a href=""/wh40k10ed/the-rules/core-rules/#Hazardous"">hazardous</a>, <a href=""/wh40k10ed/the-rules/core-rules/#Rapid-Fire"">rapid fire 1</a>",24,Ranged,1,3,8,-3,2
70,Plasma pistol – standard,"<a href=""/wh40k10ed/the-rules/core-rules/#Pistol"">PISTOL</a>",12,Ranged,1,3,7,-2,1
70,Plasma pistol – supercharge,"<a href=""/wh40k10ed/the-rules/core-rules/#Hazardous"">HAZARDOUS</a>, <a href=""/wh40k10ed/the-rules/core-rules/#Pistol"">PISTOL</a>",12,Ranged,1,3,8,-3,2
70,Storm bolter,"<a href=""/wh40k10ed/the-rules/core-rules/#Rapid-Fire"">RAPID FIRE 2</a>",24,Ranged,2,3,4,0,1
70,Astartes chainsword,,Melee,Melee,4,3,4,-1,1
70,Close combat weapon,,Melee,Melee,2,3,4,0,1
70,Power fist,,Melee,Melee,2,3,8,-2,2
70,Power weapon,,Melee,Melee,3,3,5,-2,1
70,Thunder hammer,"<a href=""/wh40k10ed/the-rules/core-rules/#Devastating-Wounds"">devastating wounds</a>",Melee,Melee,2,4,8,-2,2
70,Twin lightning claws,"<a href=""/wh40k10ed/the-rules/core-rules/#Twin-linked"">twin-linked</a>",Melee,Melee,4,3,4,-2,1
71,Heavy bolt pistol,"<a href=""/wh40k10ed/the-rules/core-rules/#Pistol"">pistol</a>",18,Ranged,1,3,4,-1,1
71,Neo-volkite pistol,"<a href=""/wh40k10ed/the-rules/core-rules/#Devastating-Wounds"">devastating wounds</a>, <a href=""/wh40k10ed/the-rules/core-rules/#Pistol"">pistol</a>",12,Ranged,1,3,5,0,2
71,Plasma pistol – standard,"<a href=""/wh40k10ed/the-rules/core-rules/#Pistol"">pistol</a>",12,Ranged,1,3,7,-2,1
71,Plasma pistol – supercharge,"<a href=""/wh40k10ed/the-rules/core-rules/#Hazardous"">hazardous</a>, <a href=""/wh40k10ed/the-rules/core-rules/#Pistol"">pistol</a>",12,Ranged,1,3,8,-3,2
71,Master-crafted power weapon,,Melee,Melee,4,3,5,-2,2
72,Firefury missile batteries,"<a href=""/wh40k10ed/the-rules/core-rules/#Blast"">blast</a>, <a href=""/wh40k10ed/the-rules/core-rules/#Ignores-Cover"">ignores cover</a>",36,Ranged,2D6,3,6,-1,1
72,Twin magna-melta,"<a href=""/wh40k10ed/the-rules/core-rules/#Melta"">melta 4</a>, <a href=""/wh40k10ed/the-rules/core-rules/#Twin-linked"">twin-linked</a>",18,Ranged,2,3,12,-4,D6
72,Armoured hull,"<a href=""/wh40k10ed/the-rules/core-rules/#Lance"">lance</a>",Melee,Melee,6,4,8,0,1
73,Bolt pistol,"<a href=""/wh40k10ed/the-rules/core-rules/#Pistol"">pistol</a>",12,Ranged,1,2,4,0,1
73,Heavy bolt pistol,"<a href=""/wh40k10ed/the-rules/core-rules/#Pistol"">Pistol</a>",18,Ranged,1,2,4,-1,1
73,Master-crafted boltgun,,24,Ranged,2,2,4,-1,2
73,Neo-volkite pistol,"<a href=""/wh40k10ed/the-rules/core-rules/#Devastating-Wounds"">DEVASTATING WOUNDS</a>,<a href=""/wh40k10ed/the-rules/core-rules/#Pistol"">PISTOl</a>",12,Ranged,1,2,5,0,2
73,Plasma pistol – standard,"<a href=""/wh40k10ed/the-rules/core-rules/#Pistol"">pistol</a>",12,Ranged,1,2,7,-2,1
73,Plasma pistol - supercharge,"<a href=""/wh40k10ed/the-rules/core-rules/#Hazardous"">HAZARDOUS</a>,<a href=""/wh40k10ed/the-rules/core-rules/#Pistol"">PISTOL</a>",12,Ranged,1,2,8,-3,2
73,Close combat weapon,,Melee,Melee,6,2,4,0,1
73,Master-crafted power weapon,,Melee,Melee,6,2,5,-2,2
73,Power fist,,Melee,Melee,5,2,8,-2,2
76,Combi-weapon,"<a href=""/wh40k10ed/the-rules/core-rules/#Anti"">anti-infantry 4+</a>, <a href=""/wh40k10ed/the-rules/core-rules/#Devastating-Wounds"">devastating wounds</a>, <a href=""/wh40k10ed/the-rules/core-rules/#Rapid-Fire"">rapid fire 1</a>",24,Ranged,1,3,4,0,1
76,Paired combat blades,"<a href=""/wh40k10ed/the-rules/core-rules/#Anti"">anti-infantry 4+</a>, <a href=""/wh40k10ed/the-rules/core-rules/#Sustained-Hits"">sustained hits 1</a>",Melee,Melee,5,2,4,-1,1
79,Combi-weapon,"<a href=""/wh40k10ed/the-rules/core-rules/#Anti"">anti-infantry 4+</a>, <a href=""/wh40k10ed/the-rules/core-rules/#Devastating-Wounds"">devastating wounds</a>, <a href=""/wh40k10ed/the-rules/core-rules/#Rapid-Fire"">rapid fire 1</a>",24,Ranged,1,4,4,0,1
79,Smite – witchfire,"<a href=""/wh40k10ed/the-rules/core-rules/#Psychic-Weapons-and-Abilities"">psychic</a>",24,Ranged,D6,3,5,-1,D3
79,Smite – focused witchfire,"<a href=""/wh40k10ed/the-rules/core-rules/#Devastating-Wounds"">devastating wounds</a>, <a href=""/wh40k10ed/the-rules/core-rules/#Hazardous"">hazardous</a>, <a href=""/wh40k10ed/the-rules/core-rules/#Psychic-Weapons-and-Abilities"">psychic</a>",24,Ranged,D6,3,6,-2,D3
79,Storm bolter,"<a href=""/wh40k10ed/the-rules/core-rules/#Rapid-Fire"">rapid fire 2</a>",24,Ranged,2,3,4,0,1
79,Force weapon,"<a href=""/wh40k10ed/the-rules/core-rules/#Psychic-Weapons-and-Abilities"">psychic</a>",Melee,Melee,4,3,6,-1,D3
81,Artisan plasma pistol,"<a href=""/wh40k10ed/the-rules/core-rules/#Pistol"">pistol</a>",12,Ranged,1,2,8,-3,2
81,Talassarian Tempest Blade,"<a href=""/wh40k10ed/the-rules/core-rules/#Lethal-Hits"">lethal hits</a>",Melee,Melee,6,2,5,-2,2
83,Hand flamer,"<a href=""/wh40k10ed/the-rules/core-rules/#Ignores-Cover"">ignores cover</a>, <a href=""/wh40k10ed/the-rules/core-rules/#Pistol"">pistol</a>, <a href=""/wh40k10ed/the-rules/core-rules/#Torrent"">torrent</a>",12,Ranged,D6,N/A,3,0,1
83,Heavy bolt pistol,"<a href=""/wh40k10ed/the-rules/core-rules/#Pistol"">PISTOL</a>",18,Ranged,1,2,4,-1,1
83,Plasma pistol – standard,"<a href=""/wh40k10ed/the-rules/core-rules/#Pistol"">pistol</a>",12,Ranged,1,2,7,-2,1
83,Plasma pistol – supercharge,"<a href=""/wh40k10ed/the-rules/core-rules/#Hazardous"">hazardous</a>, <a href=""/wh40k10ed/the-rules/core-rules/#Pistol"">pistol</a>",12,Ranged,1,2,8,-3,2
83,Astartes chainsword,,Melee,Melee,7,2,4,-1,1
83,Power fist,,Melee,Melee,5,2,8,-2,2
83,Relic weapon,,Melee,Melee,6,2,5,-2,2
83,Thunder hammer,"<a href=""/wh40k10ed/the-rules/core-rules/#Devastating-Wounds"">devastating wounds</a>",Melee,Melee,5,3,8,-2,2
84,Icarus stormcannon,"<a href=""/wh40k10ed/the-rules/core-rules/#Anti"">anti-fly 2+</a>",48,Ranged,6,3,7,-1,2
84,Las-talon,,36,Ranged,2,3,10,-3,D6+1
84,Skyhammer missile launcher,"<a href=""/wh40k10ed/the-rules/core-rules/#Anti"">anti-fly 2+</a>",48,Ranged,3,3,8,-1,D3
84,Twin assault cannon,"<a href=""/wh40k10ed/the-rules/core-rules/#Devastating-Wounds"">devastating wounds</a>, <a href=""/wh40k10ed/the-rules/core-rules/#Twin-linked"">twin-linked</a>",24,Ranged,6,3,6,0,1
84,Twin heavy bolter,"<a href=""/wh40k10ed/the-rules/core-rules/#Sustained-Hits"">sustained hits 1</a>, <a href=""/wh40k10ed/the-rules/core-rules/#Twin-linked"">twin-linked</a>",36,Ranged,3,3,5,-1,2
84,Typhoon missile launcher – frag,"<a href=""/wh40k10ed/the-rules/core-rules/#Blast"">blast</a>",48,Ranged,2D6,3,4,0,1
84,Typhoon missile launcher – krak,,48,Ranged,2,3,9,-2,D6
84,Armoured hull,,Melee,Melee,3,4,6,0,1
85,Hunter-killer missile,one shot,48,Ranged,1,2,14,-3,D6
85,Twin plasma gun – standard,"<a href=""/wh40k10ed/the-rules/core-rules/#Rapid-Fire"">rapid fire 1</a>, <a href=""/wh40k10ed/the-rules/core-rules/#Twin-linked"">twin-linked</a>",24,Ranged,1,3,7,-2,1
85,Twin plasma gun – supercharge,"<a href=""/wh40k10ed/the-rules/core-rules/#Hazardous"">hazardous</a>, <a href=""/wh40k10ed/the-rules/core-rules/#Rapid-Fire"">rapid fire 1</a>, <a href=""/wh40k10ed/the-rules/core-rules/#Twin-linked"">twin-linked</a>",24,Ranged,1,3,8,-3,2
85,Armoured tracks,,Melee,Melee,3,4,6,0,1
86,Twin Firestrike autocannon,"<a href=""/wh40k10ed/the-rules/core-rules/#Twin-linked"">twin-linked</a>",48,Ranged,3,2,9,-1,3
86,Twin Firestrike las-talon,"<a href=""/wh40k10ed/the-rules/core-rules/#Twin-linked"">twin-linked</a>",36,Ranged,2,2,10,-3,D6+1
86,Close combat weapon,,Melee,Melee,3,3,4,0,1
91,Ballistus missile launcher – frag,"<a href=""/wh40k10ed/the-rules/core-rules/#Blast"">blast</a>",48,Ranged,2D6,3,5,0,1
91,Ballistus missile launcher – krak,,48,Ranged,2,3,10,-2,D6
91,Ballistus lascannon,,48,Ranged,2,3,12,-3,D6+1
91,Twin storm bolter,"<a href=""/wh40k10ed/the-rules/core-rules/#Rapid-Fire"">rapid fire 2</a>, <a href=""/wh40k10ed/the-rules/core-rules/#Twin-linked"">twin-linked</a>",24,Ranged,2,3,4,0,1
91,Armoured feet,,Melee,Melee,5,3,7,0,1
92,Heavy bolter,"<a href=""/wh40k10ed/the-rules/core-rules/#Sustained-Hits"">sustained hits 1</a>",36,Ranged,3,3,5,-1,2
92,Hunter-killer missile,one shot,48,Ranged,1,2,14,-3,D6
92,Lascannon,,48,Ranged,1,3,12,-3,D6+1
92,Storm bolter,"<a href=""/wh40k10ed/the-rules/core-rules/#Rapid-Fire"">rapid fire 2</a>",24,Ranged,2,3,4,0,1
92,Venator neutron laser,"<a href=""/wh40k10ed/the-rules/core-rules/#Heavy"">heavy</a>",48,Ranged,3,3,16,-4,D3+3
92,Armoured tracks,,Melee,Melee,6,4,8,0,1
93,Dreadhammer siege cannon,"<a href=""/wh40k10ed/the-rules/core-rules/#Blast"">blast</a>",24,Ranged,D6+6,3,14,-3,D6
93,Heavy bolter,"<a href=""/wh40k10ed/the-rules/core-rules/#Sustained-Hits"">sustained hits 1</a>",36,Ranged,3,3,5,-1,2
93,Heavy flamer,"<a href=""/wh40k10ed/the-rules/core-rules/#Torrent"">torrent</a>, <a href=""/wh40k10ed/the-rules/core-rules/#Ignores-Cover"">ignores cover</a>",12,Ranged,D6,N/A,5,-1,1
93,Lascannon,,48,Ranged,1,3,12,-3,D6+1
93,Multi-melta,"<a href=""/wh40k10ed/the-rules/core-rules/#Melta"">melta 2</a>",18,Ranged,2,3,9,-4,D6
93,Storm bolter,"<a href=""/wh40k10ed/the-rules/core-rules/#Rapid-Fire"">rapid fire 2</a>",24,Ranged,2,3,4,0,1
93,Armoured tracks,,Melee,Melee,6,4,8,0,1
94,Absolvor bolt pistol,"<a href=""/wh40k10ed/the-rules/core-rules/#Pistol"">pistol</a>",18,Ranged,1,3,5,-1,2
94,Twin bolt rifle,"<a href=""/wh40k10ed/the-rules/core-rules/#Twin-linked"">twin-linked</a>",24,Ranged,2,3,4,-1,1
94,Crozius arcanum,,Melee,Melee,5,2,6,-1,2
95,Bolt pistol,"<a href=""/wh40k10ed/the-rules/core-rules/#Pistol"">pistol</a>",12,Ranged,1,3,4,0,1
95,Boltgun,,24,Ranged,2,3,4,0,1
95,Power weapon,,Melee,Melee,3,3,5,-2,2
96,Heavy bolter,"<a href=""/wh40k10ed/the-rules/core-rules/#Sustained-Hits"">sustained hits 1</a>",36,Ranged,3,3,5,-1,2
96,Heavy flamer,"<a href=""/wh40k10ed/the-rules/core-rules/#Ignores-Cover"">ignores cover</a>, <a href=""/wh40k10ed/the-rules/core-rules/#Torrent"">torrent</a>",12,Ranged,D6,N/A,5,-1,1
96,Hunter-killer missile,one shot,48,Ranged,1,2,14,-3,D6
96,Twin assault cannon,"<a href=""/wh40k10ed/the-rules/core-rules/#Devastating-Wounds"">devastating wounds</a>, <a href=""/wh40k10ed/the-rules/core-rules/#Twin-linked"">twin-linked</a>",24,Ranged,6,3,6,0,1
96,Tarsus Scorpii,,Melee,Melee,5,3,12,-3,4
97,Hammerfall heavy bolter array,"<a href=""/wh40k10ed/the-rules/core-rules/#Sustained-Hits"">sustained hits 1</a>, <a href=""/wh40k10ed/the-rules/core-rules/#Twin-linked"">twin-linked</a>",36,Ranged,6,4,5,-1,2
97,Hammerfall heavy flamer array,"<a href=""/wh40k10ed/the-rules/core-rules/#Ignores-Cover"">ignores cover</a>, <a href=""/wh40k10ed/the-rules/core-rules/#Torrent"">torrent</a>, <a href=""/wh40k10ed/the-rules/core-rules/#Twin-linked"">twin-linked</a>",12,Ranged,2D6,N/A,5,-1,1
97,Hammerfall missile launcher – superfrag,"<a href=""/wh40k10ed/the-rules/core-rules/#Blast"">blast</a>",48,Ranged,2D6+2,4,5,0,1
97,Hammerfall missile launcher – superkrak,,48,Ranged,2,4,10,-2,D6+1
98,Twin heavy bolter,"<a href=""/wh40k10ed/the-rules/core-rules/#Sustained-Hits"">sustained hits 1</a>",36,Ranged,3,4,5,-1,2
98,Twin lascannon,"<a href=""/wh40k10ed/the-rules/core-rules/#Twin-linked"">twin-linked</a>",48,Ranged,1,4,12,-3,D6+1
98,Armoured hull,,Melee,Melee,1,6,3,0,1
99,Tarantula air defence missiles,"<a href=""/wh40k10ed/the-rules/core-rules/#Anti"">anti-fly 2+</a>, <a href=""/wh40k10ed/the-rules/core-rules/#Blast"">blast</a>",48,Ranged,D6,4,7,-1,1
99,Armoured hull,,Melee,Melee,1,4,4,0,1
103,Bolt pistol,"<a href=""/wh40k10ed/the-rules/core-rules/#Pistol"">pistol</a>",12,Ranged,1,3,4,0,1
103,Melta rifle,"<a href=""/wh40k10ed/the-rules/core-rules/#Heavy"">heavy</a>, <a href=""/wh40k10ed/the-rules/core-rules/#Melta"">melta 2</a>",18,Ranged,1,3,9,-4,D6
103,Multi-melta,"<a href=""/wh40k10ed/the-rules/core-rules/#Heavy"">heavy</a>, <a href=""/wh40k10ed/the-rules/core-rules/#Melta"">melta 2</a>",18,Ranged,2,4,9,-4,D6
103,Close combat weapon,,Melee,Melee,3,3,4,0,1
104,Combi-bolter,"<a href=""/wh40k10ed/the-rules/core-rules/#Rapid-Fire"">rapid fire 2</a>",24,Ranged,2,3,4,0,1
104,Heavy flamer,"<a href=""/wh40k10ed/the-rules/core-rules/#Ignores-Cover"">ignores cover</a>, <a href=""/wh40k10ed/the-rules/core-rules/#Torrent"">torrent</a>",12,Ranged,D6,N/A,5,-1,1
104,Plasma blaster – standard,,18,Ranged,2,3,7,-2,1
104,Plasma blaster – supercharge,"<a href=""/wh40k10ed/the-rules/core-rules/#Hazardous"">hazardous</a>",18,Ranged,2,3,8,-3,2
104,Reaper autocannon,"<a href=""/wh40k10ed/the-rules/core-rules/#Devastating-Wounds"">devastating wounds</a>, <a href=""/wh40k10ed/the-rules/core-rules/#Sustained-Hits"">sustained hits 1</a>",36,Ranged,4,3,7,-1,1
104,Volkite charger,"<a href=""/wh40k10ed/the-rules/core-rules/#Devastating-Wounds"">devastating wounds</a>",18,Ranged,2,3,5,0,2
104,Chainfist,"<a href=""/wh40k10ed/the-rules/core-rules/#Anti"">anti-vehicle 3+</a>",Melee,Melee,3,4,8,-2,2
104,Power fist,,Melee,Melee,3,3,8,-2,2
104,Power weapon,,Melee,Melee,4,3,5,-2,1
104,Twin lightning claws,"<a href=""/wh40k10ed/the-rules/core-rules/#Twin-linked"">twin-linked</a>",Melee,Melee,5,3,5,-2,1
107,Heavy bolter,"<a href=""/wh40k10ed/the-rules/core-rules/#Sustained-Hits"">sustained hits 1</a>",36,Ranged,3,3,5,-1,2
107,Hunter-killer missile,one shot,48,Ranged,1,2,14,-3,D6
107,Javelin missile launcher – frag,"<a href=""/wh40k10ed/the-rules/core-rules/#Blast"">blast</a>",36,Ranged,3D6,3,4,0,1
107,Javelin missile launcher – krak,,36,Ranged,3,3,9,-2,D6
107,Lascannon,,48,Ranged,1,3,12,-3,D6+1
107,Multi-melta,"<a href=""/wh40k10ed/the-rules/core-rules/#Melta"">melta 2</a>",18,Ranged,2,3,9,-4,D6
107,Close combat weapon,,Melee,Melee,4,3,4,0,1
110,Boltgun,,24,Ranged,2,3,4,0,1
110,Graviton cannon,"<a href=""/wh40k10ed/the-rules/core-rules/#Anti"">anti-vehicle 2+</a>, <a href=""/wh40k10ed/the-rules/core-rules/#Blast"">blast</a>, <a href=""/wh40k10ed/the-rules/core-rules/#Heavy"">heavy</a>",36,Ranged,D6,3,6,-2,2
110,Laser destroyer,"<a href=""/wh40k10ed/the-rules/core-rules/#Heavy"">heavy</a>",36,Ranged,3,3,14,-4,D6+1
110,Quad heavy bolter,"<a href=""/wh40k10ed/the-rules/core-rules/#Heavy"">heavy</a>, <a href=""/wh40k10ed/the-rules/core-rules/#Twin-linked"">twin-linked</a>, <a href=""/wh40k10ed/the-rules/core-rules/#Sustained-Hits"">sustained hits 1</a>",36,Ranged,6,3,5,-1,2
110,Quad launcher – shatter shells,"<a href=""/wh40k10ed/the-rules/core-rules/#Heavy"">heavy</a>",24,Ranged,4,3,9,-2,3
110,Quad launcher – thunderfire shells,"<a href=""/wh40k10ed/the-rules/core-rules/#Blast"">blast</a>, <a href=""/wh40k10ed/the-rules/core-rules/#Heavy"">heavy</a>, <a href=""/wh40k10ed/the-rules/core-rules/#Indirect-Fire"">indirect fire</a>",60,Ranged,D6+4,3,5,0,1
110,Close combat weapon,,Melee,Melee,2,3,4,0,1
111,Assault cannon,"<a href=""/wh40k10ed/the-rules/core-rules/#Devastating-Wounds"">devastating wounds</a>",24,Ranged,6,3,6,0,1
111,Dreadnought inferno cannon,"<a href=""/wh40k10ed/the-rules/core-rules/#Ignores-Cover"">ignores cover</a>, <a href=""/wh40k10ed/the-rules/core-rules/#Torrent"">torrent</a>",12,Ranged,2D6,N/A,6,-1,1
111,Heavy plasma cannon – standard,"<a href=""/wh40k10ed/the-rules/core-rules/#Blast"">blast</a>",36,Ranged,D3,3,7,-2,2
111,Heavy plasma cannon – supercharge,"<a href=""/wh40k10ed/the-rules/core-rules/#Blast"">blast</a>, <a href=""/wh40k10ed/the-rules/core-rules/#Hazardous"">hazardous</a>",36,Ranged,D3,3,8,-3,3
111,Missile launcher – frag,"<a href=""/wh40k10ed/the-rules/core-rules/#Blast"">blast</a>",48,Ranged,D6,3,4,0,1
111,Missile launcher – krak,,48,Ranged,1,3,9,-2,D6
111,Multi-melta,"<a href=""/wh40k10ed/the-rules/core-rules/#Melta"">melta 2</a>",18,Ranged,2,3,9,-4,D6
111,Twin autocannon,"<a href=""/wh40k10ed/the-rules/core-rules/#Twin-linked"">twin-linked</a>",48,Ranged,2,3,9,-1,3
111,Twin heavy bolter,"<a href=""/wh40k10ed/the-rules/core-rules/#Sustained-Hits"">sustained hits 1</a>, <a href=""/wh40k10ed/the-rules/core-rules/#Twin-linked"">twin-linked</a>",36,Ranged,3,3,5,-1,2
111,Twin lascannon,"<a href=""/wh40k10ed/the-rules/core-rules/#Twin-linked"">twin-linked</a>",48,Ranged,1,3,12,-3,D6+1
111,Armoured feet,,Melee,Melee,5,3,6,0,1
112,Bolt pistol,"<a href=""/wh40k10ed/the-rules/core-rules/#Pistol"">pistol</a>",12,Ranged,1,3,4,0,1
112,Boltgun,,24,Ranged,2,3,4,0,1
112,Combi-weapon,"<a href=""/wh40k10ed/the-rules/core-rules/#Anti"">anti-infantry 4+</a>, <a href=""/wh40k10ed/the-rules/core-rules/#Devastating-Wounds"">devastating wounds</a>, <a href=""/wh40k10ed/the-rules/core-rules/#Rapid-Fire"">rapid fire 1</a>",24,Ranged,1,4,4,0,1
112,Grav-pistol,"<a href=""/wh40k10ed/the-rules/core-rules/#Anti"">anti-vehicle 2+</a>, <a href=""/wh40k10ed/the-rules/core-rules/#Pistol"">pistol</a>",12,Ranged,1,3,4,-1,2
112,Hand flamer,"<a href=""/wh40k10ed/the-rules/core-rules/#Ignores-Cover"">ignores cover</a>, <a href=""/wh40k10ed/the-rules/core-rules/#Pistol"">pistol</a>, <a href=""/wh40k10ed/the-rules/core-rules/#Torrent"">torrent</a>",12,Ranged,D6,N/A,3,0,1
112,Inferno pistol,"<a href=""/wh40k10ed/the-rules/core-rules/#Melta"">melta 2</a>, <a href=""/wh40k10ed/the-rules/core-rules/#Pistol"">pistol</a>",6,Ranged,1,3,8,-4,D3
112,Plasma pistol – standard,"<a href=""/wh40k10ed/the-rules/core-rules/#Pistol"">pistol</a>",12,Ranged,1,3,7,-2,1
112,Plasma pistol – supercharge,"<a href=""/wh40k10ed/the-rules/core-rules/#Hazardous"">hazardous</a>, <a href=""/wh40k10ed/the-rules/core-rules/#Pistol"">pistol</a>",12,Ranged,1,3,8,-3,2
112,Storm bolter,"<a href=""/wh40k10ed/the-rules/core-rules/#Rapid-Fire"">rapid fire 2</a>",24,Ranged,2,3,4,0,1
112,Crozius arcanum,,Melee,Melee,5,2,6,-1,2
112,Power fist,,Melee,Melee,4,2,8,-2,2
113,Twin heavy bolter,"<a href=""/wh40k10ed/the-rules/core-rules/#Sustained-Hits"">sustained hits 1</a>, <a href=""/wh40k10ed/the-rules/core-rules/#Twin-linked"">twin-linked</a>",36,Ranged,3,3,5,-1,2
113,Twin hellstrike launcher,"<a href=""/wh40k10ed/the-rules/core-rules/#Anti"">anti-fly 2+</a>, <a href=""/wh40k10ed/the-rules/core-rules/#Twin-linked"">twin-linked</a>",72,Ranged,2,3,10,-3,D6
113,Twin lascannon,"<a href=""/wh40k10ed/the-rules/core-rules/#Twin-linked"">twin-linked</a>",48,Ranged,1,3,12,-3,D6+1
113,Twin multi-melta,"<a href=""/wh40k10ed/the-rules/core-rules/#Melta"">melta 2</a>, <a href=""/wh40k10ed/the-rules/core-rules/#Twin-linked"">twin-linked</a>",18,Ranged,2,3,9,-4,D6
113,Typhoon missile launcher – frag,"<a href=""/wh40k10ed/the-rules/core-rules/#Blast"">blast</a>",48,Ranged,2D6,3,4,0,1
113,Typhoon missile launcher – krak,,48,Ranged,2,3,9,-2,D6
113,Vengeance launcher,"<a href=""/wh40k10ed/the-rules/core-rules/#Blast"">blast</a>",48,Ranged,2D6,3,6,0,1
113,Armoured hull,,Melee,Melee,6,4,8,0,1
114,Hammerstrike missile launcher,,36,Ranged,2,3,9,-3,D6
114,Krakstorm grenade launcher,,18,Ranged,1,3,9,-1,D3
114,Melta destroyer,"<a href=""/wh40k10ed/the-rules/core-rules/#Melta"">melta 2</a>",18,Ranged,3,3,9,-4,D6
114,Close combat weapon,,Melee,Melee,4,3,4,0,1
115,Storm bolter,"<a href=""/wh40k10ed/the-rules/core-rules/#Rapid-Fire"">rapid fire 2</a>",24,Ranged,2,3,4,0,1
115,Crozius arcanum,,Melee,Melee,5,2,6,-1,2
116,Boltgun,,24,Ranged,2,3,4,0,1
116,Bolt pistol,"<a href=""/wh40k10ed/the-rules/core-rules/#Pistol"">pistol</a>",12,Ranged,1,3,4,0,1
116,Combi-weapon,"<a href=""/wh40k10ed/the-rules/core-rules/#Anti"">ANTI-INFANTRY 4+</a>, <a href=""/wh40k10ed/the-rules/core-rules/#Devastating-Wounds"">DEVASTATING WOUNDS</a>, <a href=""/wh40k10ed/the-rules/core-rules/#Rapid-Fire"">RAPID FIRE 1</a>",24,Ranged,1,4,4,0,1
116,Flamer,"<a href=""/wh40k10ed/the-rules/core-rules/#Ignores-Cover"">IGNORES COVER</a>, <a href=""/wh40k10ed/the-rules/core-rules/#Torrent"">TORRENT</a>",12,Ranged,D6,N/A,4,0,1
116,Grav-gun,"<a href=""/wh40k10ed/the-rules/core-rules/#Anti"">ANTI-VEHICLE 2+</a>",18,Ranged,2,3,5,-1,2
116,Grav-pistol,"<a href=""/wh40k10ed/the-rules/core-rules/#Anti"">anti-vehicle 2+</a>, <a href=""/wh40k10ed/the-rules/core-rules/#Pistol"">pistol</a>",12,Ranged,1,3,4,-1,2
116,Hand flamer,"<a href=""/wh40k10ed/the-rules/core-rules/#Ignores-Cover"">ignores cover</a>, <a href=""/wh40k10ed/the-rules/core-rules/#Pistol"">pistol</a>, <a href=""/wh40k10ed/the-rules/core-rules/#Torrent"">torrent</a>",12,Ranged,D6,N/A,3,0,1
116,Heavy bolter,"<a href=""/wh40k10ed/the-rules/core-rules/#Sustained-Hits"">sustained hits 1</a>",36,Ranged,3,3,5,-1,2
116,Inferno pistol,"<a href=""/wh40k10ed/the-rules/core-rules/#Melta"">melta 2</a>, <a href=""/wh40k10ed/the-rules/core-rules/#Pistol"">pistol</a>",6,Ranged,1,3,8,-4,D3
116,Meltagun,"<a href=""/wh40k10ed/the-rules/core-rules/#Melta"">MELTA 2</a>",12,Ranged,1,3,9,-4,D6
116,Multi-melta,"<a href=""/wh40k10ed/the-rules/core-rules/#Melta"">melta 2</a>",18,Ranged,2,3,9,-4,D6
116,Plasma gun – standard,"<a href=""/wh40k10ed/the-rules/core-rules/#Rapid-Fire"">RAPID FIRE 1</a>",24,Ranged,1,3,7,-2,1
116,Plasma gun – supercharge,"<a href=""/wh40k10ed/the-rules/core-rules/#Hazardous"">HAZARDOUS</a>, <a href=""/wh40k10ed/the-rules/core-rules/#Rapid-Fire"">RAPID FIRE 1</a>",24,Ranged,1,3,8,-3,2
116,Plasma pistol – standard,"<a href=""/wh40k10ed/the-rules/core-rules/#Pistol"">pistol</a>",12,Ranged,1,3,7,-2,1
116,Plasma pistol – supercharge,"<a href=""/wh40k10ed/the-rules/core-rules/#Hazardous"">hazardous</a>, <a href=""/wh40k10ed/the-rules/core-rules/#Pistol"">pistol</a>",12,Ranged,1,3,8,-3,2
116,Storm bolter,"<a href=""/wh40k10ed/the-rules/core-rules/#Rapid-Fire"">RAPID FIRE 2</a>",24,Ranged,2,3,4,0,1
116,Twin boltgun,"<a href=""/wh40k10ed/the-rules/core-rules/#Twin-linked"">twin-linked</a>",24,Ranged,2,3,4,0,1
116,Astartes chainsword,,Melee,Melee,3,3,4,-1,1
116,Close combat weapon,,Melee,Melee,2,3,4,0,1
116,Power fist,,Melee,Melee,2,3,8,-2,2
116,Power weapon,,Melee,Melee,3,3,5,-2,1
116,Thunder hammer,"<a href=""/wh40k10ed/the-rules/core-rules/#Devastating-Wounds"">devastating wounds</a>",Melee,Melee,2,4,8,-2,2
117,Assault cannon,"<a href=""/wh40k10ed/the-rules/core-rules/#Devastating-Wounds"">devastating wounds</a>",24,Ranged,6,3,6,0,1
117,Heavy flamer,"<a href=""/wh40k10ed/the-rules/core-rules/#Ignores-Cover"">ignores cover</a>, <a href=""/wh40k10ed/the-rules/core-rules/#Torrent"">torrent</a>",12,Ranged,D6,N/A,5,-1,1
117,Heavy plasma cannon – standard,"<a href=""/wh40k10ed/the-rules/core-rules/#Blast"">blast</a>",36,Ranged,D3,3,7,-2,2
117,Heavy plasma cannon – supercharge,"<a href=""/wh40k10ed/the-rules/core-rules/#Blast"">blast</a>, <a href=""/wh40k10ed/the-rules/core-rules/#Hazardous"">hazardous</a>",36,Ranged,D3,3,8,-3,3
117,Missile launcher – frag,"<a href=""/wh40k10ed/the-rules/core-rules/#Blast"">blast</a>",48,Ranged,D6,3,4,0,1
117,Missile launcher – krak,,48,Ranged,1,3,9,-2,D6
117,Multi-melta,"<a href=""/wh40k10ed/the-rules/core-rules/#Melta"">melta 2</a>",18,Ranged,2,3,9,-4,D6
117,Storm bolter,"<a href=""/wh40k10ed/the-rules/core-rules/#Rapid-Fire"">rapid fire 2</a>",24,Ranged,2,3,4,0,1
117,Twin lascannon,"<a href=""/wh40k10ed/the-rules/core-rules/#Twin-linked"">twin-linked</a>",48,Ranged,1,3,12,-3,D6+1
117,Close combat weapon,,Melee,Melee,5,3,6,0,1
117,Dreadnought combat weapon,,Melee,Melee,5,3,12,-2,3
118,Thunder hammer,"<a href=""/wh40k10ed/the-rules/core-rules/#Devastating-Wounds"">devastating wounds</a>",Melee,Melee,3,4,8,-2,2
118,Twin lightning claws,"<a href=""/wh40k10ed/the-rules/core-rules/#Twin-linked"">twin-linked</a>",Melee,Melee,5,3,5,-2,1
119,Bolt pistol,"<a href=""/wh40k10ed/the-rules/core-rules/#Pistol"">pistol</a>",12,Ranged,1,3,4,0,1
119,Smite – witchfire,"<a href=""/wh40k10ed/the-rules/core-rules/#Psychic-Weapons-and-Abilities"">psychic</a>",24,Ranged,D6,3,5,-1,D3
119,Smite – focused witchfire,"<a href=""/wh40k10ed/the-rules/core-rules/#Devastating-Wounds"">devastating wounds</a>, <a href=""/wh40k10ed/the-rules/core-rules/#Hazardous"">hazardous</a>, <a href=""/wh40k10ed/the-rules/core-rules/#Psychic-Weapons-and-Abilities"">psychic</a>",24,Ranged,D6,3,6,-2,D3
119,Force weapon,"<a href=""/wh40k10ed/the-rules/core-rules/#Psychic-Weapons-and-Abilities"">psychic</a>",Melee,Melee,4,3,6,-1,D3
120,Assault cannon,"<a href=""/wh40k10ed/the-rules/core-rules/#Devastating-Wounds"">devastating wounds</a>",24,Ranged,6,3,6,0,1
120,Dreadnought inferno cannon,"<a href=""/wh40k10ed/the-rules/core-rules/#Ignores-Cover"">ignores cover</a>, <a href=""/wh40k10ed/the-rules/core-rules/#Torrent"">torrent</a>",12,Ranged,2D6,N/A,6,-1,1
120,Heavy flamer,"<a href=""/wh40k10ed/the-rules/core-rules/#Ignores-Cover"">ignores cover</a>, <a href=""/wh40k10ed/the-rules/core-rules/#Torrent"">torrent</a>",12,Ranged,D6,N/A,5,-1,1
120,Heavy plasma cannon – standard,"<a href=""/wh40k10ed/the-rules/core-rules/#Blast"">BLAST</a>",36,Ranged,D3,3,7,-2,2
120,Heavy plasma cannon – supercharge,"<a href=""/wh40k10ed/the-rules/core-rules/#Blast"">BLAST</a>, <a href=""/wh40k10ed/the-rules/core-rules/#Hazardous"">HAZARDOUS</a>",36,Ranged,D3,3,8,-3,3
120,Missile launcher – frag,"<a href=""/wh40k10ed/the-rules/core-rules/#Blast"">BLAST</a>",48,Ranged,D6,3,4,0,1
120,Missile launcher – krak,,48,Ranged,1,3,9,-2,D6
120,Multi-melta,"<a href=""/wh40k10ed/the-rules/core-rules/#Melta"">melta 2</a>",18,Ranged,2,3,9,-4,D6
120,Storm bolter,"<a href=""/wh40k10ed/the-rules/core-rules/#Rapid-Fire"">rapid fire 2</a>",24,Ranged,2,3,4,0,1
120,Twin autocannon,"<a href=""/wh40k10ed/the-rules/core-rules/#Twin-linked"">twin-linked</a>",48,Ranged,2,3,9,-1,3
120,Twin heavy bolter,"<a href=""/wh40k10ed/the-rules/core-rules/#Sustained-Hits"">sustained hits 1</a>, <a href=""/wh40k10ed/the-rules/core-rules/#Twin-linked"">twin-linked</a>",36,Ranged,3,3,5,-1,2
120,Twin heavy flamer,"<a href=""/wh40k10ed/the-rules/core-rules/#Ignores-Cover"">ignores cover</a>, <a href=""/wh40k10ed/the-rules/core-rules/#Torrent"">torrent</a>, <a href=""/wh40k10ed/the-rules/core-rules/#Twin-linked"">twin-linked</a>",12,Ranged,D6,N/A,5,-1,1
120,Twin lascannon,"<a href=""/wh40k10ed/the-rules/core-rules/#Twin-linked"">twin-linked</a>",48,Ranged,1,3,12,-3,D6+1
120,Armoured feet,,Melee,Melee,5,3,6,0,1
120,Dreadnought combat weapon,,Melee,Melee,5,3,12,-2,3
121,Bolt pistol,"<a href=""/wh40k10ed/the-rules/core-rules/#Pistol"">pistol</a>",12,Ranged,1,2,4,0,1
121,Invictus,,24,Ranged,2,2,4,-1,2
121,Sword of Idaeus,"<a href=""/wh40k10ed/the-rules/core-rules/#Sustained-Hits"">sustained hits 1</a>",Melee,Melee,6,2,6,-2,2
123,Heavy bolter,"<a href=""/wh40k10ed/the-rules/core-rules/#Sustained-Hits"">sustained hits 1</a>",36,Ranged,3,3,5,-1,2
123,Hunter-killer missile,one shot,48,Ranged,1,2,14,-3,D6
123,Lascannon,,48,Ranged,1,3,12,-3,D6+1
123,Punisher rotary cannon,"<a href=""/wh40k10ed/the-rules/core-rules/#Devastating-Wounds"">devastating wounds</a>",36,Ranged,18,4,6,0,1
123,Storm bolter,"<a href=""/wh40k10ed/the-rules/core-rules/#Rapid-Fire"">rapid fire 2</a>",24,Ranged,2,3,4,0,1
123,Armoured tracks,,Melee,Melee,6,4,8,0,1
124,Fragstorm grenade launcher,"<a href=""/wh40k10ed/the-rules/core-rules/#Blast"">blast</a>",18,Ranged,D6,3,4,0,1
124,Onslaught gatling cannon,"<a href=""/wh40k10ed/the-rules/core-rules/#Devastating-Wounds"">devastating wounds</a>",24,Ranged,8,3,5,0,1
124,Twin ironhail heavy stubber,"<a href=""/wh40k10ed/the-rules/core-rules/#Rapid-Fire"">rapid fire 3</a>, <a href=""/wh40k10ed/the-rules/core-rules/#Twin-linked"">twin-linked</a>",36,Ranged,3,3,4,0,1
124,Close combat weapon,,Melee,Melee,4,3,4,0,1
125,Assault bolters,"<a href=""/wh40k10ed/the-rules/core-rules/#Assault"">assault</a>, <a href=""/wh40k10ed/the-rules/core-rules/#Pistol"">pistol</a>, <a href=""/wh40k10ed/the-rules/core-rules/#Sustained-Hits"">sustained hits 2</a>, <a href=""/wh40k10ed/the-rules/core-rules/#Twin-linked"">twin-linked</a>",18,Ranged,3,3,5,-1,2
125,Plasma exterminators – standard,"<a href=""/wh40k10ed/the-rules/core-rules/#Assault"">assault</a>, <a href=""/wh40k10ed/the-rules/core-rules/#Pistol"">pistol</a>, <a href=""/wh40k10ed/the-rules/core-rules/#Twin-linked"">twin-linked</a>",18,Ranged,2,3,7,-2,2
125,Plasma exterminators – supercharge,"<a href=""/wh40k10ed/the-rules/core-rules/#Assault"">assault</a>, <a href=""/wh40k10ed/the-rules/core-rules/#Pistol"">pistol</a>, <a href=""/wh40k10ed/the-rules/core-rules/#Hazardous"">hazardous</a>, <a href=""/wh40k10ed/the-rules/core-rules/#Twin-linked"">twin-linked</a>",18,Ranged,2,3,8,-3,3
125,Close combat weapon,,Melee,Melee,3,3,4,0,1
126,Bolt pistol,"<a href=""/wh40k10ed/the-rules/core-rules/#Pistol"">pistol</a>",12,Ranged,1,3,4,0,1
126,Pyreblaster,"<a href=""/wh40k10ed/the-rules/core-rules/#Ignores-Cover"">ignores cover</a>, <a href=""/wh40k10ed/the-rules/core-rules/#Torrent"">torrent</a>",12,Ranged,D6,N/A,5,-1,1
126,Close combat weapon,,Melee,Melee,3,3,4,0,1
127,Bolt pistol,"<a href=""/wh40k10ed/the-rules/core-rules/#Pistol"">pistol</a>",12,Ranged,1,2,4,0,1
127,Gorgon’s Wrath,"<a href=""/wh40k10ed/the-rules/core-rules/#Sustained-Hits"">sustained hits 2</a>",36,Ranged,3,2,5,-1,2
127,Harrowhand,,Melee,Melee,6,3,7,-2,2
127,Medusan Manipuli,"<a href=""/wh40k10ed/the-rules/core-rules/#Extra-Attacks"">extra attacks</a>",Melee,Melee,2,3,8,-2,3
128,Bolt pistol,"<a href=""/wh40k10ed/the-rules/core-rules/#Pistol"">pistol</a>",12,Ranged,1,3,4,0,1
128,Marksman bolt carbine,"<a href=""/wh40k10ed/the-rules/core-rules/#Heavy"">heavy</a>",24,Ranged,2,3,4,0,1
128,Close combat weapon,,Melee,Melee,3,3,4,0,1
129,Hunter-killer missile,one shot,48,Ranged,1,2,14,-3,D6
129,Storm bolter,"<a href=""/wh40k10ed/the-rules/core-rules/#Rapid-Fire"">rapid fire 2</a>",24,Ranged,2,3,4,0,1
129,Twin heavy bolter,"<a href=""/wh40k10ed/the-rules/core-rules/#Sustained-Hits"">sustained hits 1</a>, <a href=""/wh40k10ed/the-rules/core-rules/#Twin-linked"">twin-linked</a>",36,Ranged,3,3,5,-1,2
129,Twin lascannon,"<a href=""/wh40k10ed/the-rules/core-rules/#Twin-linked"">twin-linked</a>",48,Ranged,1,3,12,-3,D6+1
129,Armoured tracks,,Melee,Melee,3,4,6,0,1
131,Cyclonic melta lance,"<a href=""/wh40k10ed/the-rules/core-rules/#Melta"">melta 2</a>",18,Ranged,D6,3,9,-4,D6
131,Grav-flux bombard,"<a href=""/wh40k10ed/the-rules/core-rules/#Anti"">anti-vehicle 2+</a>, <a href=""/wh40k10ed/the-rules/core-rules/#Blast"">blast</a>",24,Ranged,2D3,3,8,-1,2
131,Heavy flamer,"<a href=""/wh40k10ed/the-rules/core-rules/#Ignores-Cover"">ignores cover</a>, <a href=""/wh40k10ed/the-rules/core-rules/#Torrent"">torrent</a>",12,Ranged,D6,N/A,5,-1,1
131,Hunter-killer missile,one shot,48,Ranged,1,2,14,-3,D6
131,Meltagun,"<a href=""/wh40k10ed/the-rules/core-rules/#Melta"">melta 2</a>",12,Ranged,1,3,9,-4,D6
131,Storm cannon,"<a href=""/wh40k10ed/the-rules/core-rules/#Twin-linked"">twin-linked</a>",36,Ranged,4,3,9,-1,3
131,Twin volkite caliver,"<a href=""/wh40k10ed/the-rules/core-rules/#Devastating-Wounds"">devastating wounds</a>, <a href=""/wh40k10ed/the-rules/core-rules/#Twin-linked"">twin-linked</a>",24,Ranged,2,3,5,0,2
131,Armoured feet,,Melee,Melee,5,3,6,0,1
131,Leviathan siege claw,,Melee,Melee,5,3,12,-2,3
131,Leviathan siege drill,"<a href=""/wh40k10ed/the-rules/core-rules/#Anti"">anti-vehicle 3+</a>",Melee,Melee,4,3,12,-2,3
132,Cerberus launcher,"<a href=""/wh40k10ed/the-rules/core-rules/#Blast"">blast</a>",18,Ranged,D6+3,3,4,0,1
132,Heavy bolter,"<a href=""/wh40k10ed/the-rules/core-rules/#Sustained-Hits"">sustained hits 1</a>",36,Ranged,3,3,5,-1,2
132,Close combat weapon,,Melee,Melee,3,3,4,0,1
134,Heavy bolter,"<a href=""/wh40k10ed/the-rules/core-rules/#Heavy"">heavy</a>, <a href=""/wh40k10ed/the-rules/core-rules/#Sustained-Hits"">sustained hits 1</a>",36,Ranged,3,4,5,-1,2
134,Multi-melta,"<a href=""/wh40k10ed/the-rules/core-rules/#Heavy"">heavy</a>, <a href=""/wh40k10ed/the-rules/core-rules/#Melta"">melta 2</a>",18,Ranged,2,4,9,-4,D6
134,Plasma cannon – standard,"<a href=""/wh40k10ed/the-rules/core-rules/#Blast"">blast</a>, <a href=""/wh40k10ed/the-rules/core-rules/#Heavy"">heavy</a>",36,Ranged,D3,4,7,-2,1
134,Plasma cannon – supercharge,"<a href=""/wh40k10ed/the-rules/core-rules/#Blast"">blast</a>, <a href=""/wh40k10ed/the-rules/core-rules/#Hazardous"">hazardous</a>, <a href=""/wh40k10ed/the-rules/core-rules/#Heavy"">heavy</a>",36,Ranged,D3,4,8,-3,2
134,Close combat weapon,,Melee,Melee,1,5,3,0,1
134,Servitor servo-arm,,Melee,Melee,1,5,6,-2,3
135,Storm bolter,"<a href=""/wh40k10ed/the-rules/core-rules/#Rapid-Fire"">rapid fire 2</a>",24,Ranged,2,2,4,0,1
135,Combi-weapon,"<a href=""/wh40k10ed/the-rules/core-rules/#Anti"">anti-infantry 4+</a>, <a href=""/wh40k10ed/the-rules/core-rules/#Devastating-Wounds"">devastating wounds</a>, <a href=""/wh40k10ed/the-rules/core-rules/#Rapid-Fire"">rapid fire 1</a>",24,Ranged,1,3,4,0,1
135,Relic fist,,Melee,Melee,5,2,8,-2,2
135,Relic weapon,,Melee,Melee,6,2,5,-2,2
136,Brutalis bolt rifles,"<a href=""/wh40k10ed/the-rules/core-rules/#Twin-linked"">twin-linked</a>",24,Ranged,4,3,4,-1,1
136,Twin heavy bolter,"<a href=""/wh40k10ed/the-rules/core-rules/#Sustained-Hits"">sustained hits 1</a>, <a href=""/wh40k10ed/the-rules/core-rules/#Twin-linked"">twin-linked</a>",36,Ranged,3,3,5,-1,2
136,Twin Icarus ironhail heavy stubber,"<a href=""/wh40k10ed/the-rules/core-rules/#Anti"">anti-fly 4+</a>, <a href=""/wh40k10ed/the-rules/core-rules/#Rapid-Fire"">rapid fire 3</a>, <a href=""/wh40k10ed/the-rules/core-rules/#Twin-linked"">twin-linked</a>",36,Ranged,3,3,4,-1,1
136,Twin multi-melta,"<a href=""/wh40k10ed/the-rules/core-rules/#Melta"">melta 2</a>, <a href=""/wh40k10ed/the-rules/core-rules/#Twin-linked"">twin-linked</a>",18,Ranged,2,3,9,-4,D6
136,Brutalis fists,"<a href=""/wh40k10ed/the-rules/core-rules/#Twin-linked"">twin-linked</a>",Melee,Melee,6,3,12,-2,3
136,Brutalis talons – strike,"<a href=""/wh40k10ed/the-rules/core-rules/#Twin-linked"">twin-linked</a>",Melee,Melee,6,3,12,-2,3
136,Brutalis talons – sweep,"<a href=""/wh40k10ed/the-rules/core-rules/#Twin-linked"">twin-linked</a>",Melee,Melee,10,3,7,-2,1
137,Astartes grenade launcher – frag,"<a href=""/wh40k10ed/the-rules/core-rules/#Blast"">blast</a>",24,Ranged,D3,3,4,0,1
137,Astartes grenade launcher – krak,,24,Ranged,1,3,9,-2,D3
137,Astartes shotgun,"<a href=""/wh40k10ed/the-rules/core-rules/#Assault"">assault</a>",18,Ranged,2,3,4,0,1
137,Boltgun,,24,Ranged,2,3,4,0,1
137,Bolt pistol,"<a href=""/wh40k10ed/the-rules/core-rules/#Pistol"">pistol</a>",12,Ranged,1,3,4,0,1
137,Combi-weapon,"<a href=""/wh40k10ed/the-rules/core-rules/#Anti"">ANTI-INFANTRY 4+</a>, <a href=""/wh40k10ed/the-rules/core-rules/#Devastating-Wounds"">DEVASTATING WOUNDS</a>, <a href=""/wh40k10ed/the-rules/core-rules/#Rapid-Fire"">RAPID FIRE 1</a>",24,Ranged,1,4,4,0,1
137,Grav-pistol,"<a href=""/wh40k10ed/the-rules/core-rules/#Anti"">ANTI-VEHICLE 2+</a>, <a href=""/wh40k10ed/the-rules/core-rules/#Pistol"">PISTOL</a>",12,Ranged,1,3,4,-1,2
137,Hand flamer,"<a href=""/wh40k10ed/the-rules/core-rules/#Ignores-Cover"">ignores cover</a>, <a href=""/wh40k10ed/the-rules/core-rules/#Pistol"">pistol</a>, <a href=""/wh40k10ed/the-rules/core-rules/#Torrent"">torrent</a>",12,Ranged,D6,N/A,3,0,1
137,Inferno pistol,"<a href=""/wh40k10ed/the-rules/core-rules/#Melta"">melta 2</a>, <a href=""/wh40k10ed/the-rules/core-rules/#Pistol"">pistol</a>",6,Ranged,1,3,8,-4,D3
137,Plasma pistol – standard,"<a href=""/wh40k10ed/the-rules/core-rules/#Pistol"">pistol</a>",12,Ranged,1,3,7,-2,1
137,Plasma pistol – supercharge,"<a href=""/wh40k10ed/the-rules/core-rules/#Hazardous"">hazardous</a>, <a href=""/wh40k10ed/the-rules/core-rules/#Pistol"">pistol</a>",12,Ranged,1,3,8,-3,2
137,Storm bolter,"<a href=""/wh40k10ed/the-rules/core-rules/#Rapid-Fire"">RAPID FIRE 2</a>",24,Ranged,2,3,4,0,1
137,Twin boltgun,"<a href=""/wh40k10ed/the-rules/core-rules/#Twin-linked"">twin-linked</a>",24,Ranged,2,3,4,0,1
137,Astartes chainsword,,Melee,Melee,4,3,4,-1,1
137,Combat knife,,Melee,Melee,3,3,4,0,1
137,Power fist,,Melee,Melee,2,3,8,-2,2
137,Power weapon,,Melee,Melee,3,3,5,-2,1
137,Thunder hammer,"<a href=""/wh40k10ed/the-rules/core-rules/#Devastating-Wounds"">devastating wounds</a>",Melee,Melee,2,4,8,-2,2
138,Hand of Dominion,"<a href=""/wh40k10ed/the-rules/core-rules/#Rapid-Fire"">rapid fire 2</a>",30,Ranged,2,2,6,-2,2
138,Emperor’s Sword,"<a href=""/wh40k10ed/the-rules/core-rules/#Devastating-Wounds"">devastating wounds</a>",Melee,Melee,14,2,8,-3,2
138,Hand of Dominion,"<a href=""/wh40k10ed/the-rules/core-rules/#Lethal-Hits"">lethal hits</a>",Melee,Melee,7,2,14,-4,4
139,Hellstrike missile battery,"<a href=""/wh40k10ed/the-rules/core-rules/#Anti"">anti-fly 4+</a>",72,Ranged,4,3,8,-2,3
139,Lascannon,,48,Ranged,1,3,12,-3,D6+1
139,Thunderhawk heavy cannon,"<a href=""/wh40k10ed/the-rules/core-rules/#Blast"">blast</a>",48,Ranged,D6+6,3,10,-2,3
139,Turbo-laser destructor,"<a href=""/wh40k10ed/the-rules/core-rules/#Blast"">blast</a>",96,Ranged,D3+1,3,20,-4,D6+6
139,Twin heavy bolter,"<a href=""/wh40k10ed/the-rules/core-rules/#Sustained-Hits"">sustained hits 1</a>, <a href=""/wh40k10ed/the-rules/core-rules/#Twin-linked"">twin-linked</a>",36,Ranged,3,3,5,-1,2
139,Armoured hull,,Melee,Melee,6,4,8,0,1
140,Forge bolter,,24,Ranged,3,2,5,-1,2
140,Grav-pistol,"<a href=""/wh40k10ed/the-rules/core-rules/#Anti"">anti-vehicle 2+</a>, <a href=""/wh40k10ed/the-rules/core-rules/#Pistol"">pistol</a>",12,Ranged,1,2,4,-1,2
140,Omnissian power axe,,Melee,Melee,4,3,6,-2,2
140,Servo-arm,"<a href=""/wh40k10ed/the-rules/core-rules/#Extra-Attacks"">extra attacks</a>",Melee,Melee,1,3,8,-2,3
146,Hunter-killer missile,one shot,48,Ranged,1,2,14,-3,D6
146,Skyspear missile launcher,"<a href=""/wh40k10ed/the-rules/core-rules/#Anti"">anti-fly 3+</a>, <a href=""/wh40k10ed/the-rules/core-rules/#Devastating-Wounds"">devastating wounds</a>, <a href=""/wh40k10ed/the-rules/core-rules/#Heavy"">heavy</a>",36,Ranged,1,2,10,-3,D6+2
146,Storm bolter,"<a href=""/wh40k10ed/the-rules/core-rules/#Rapid-Fire"">rapid fire 2</a>",24,Ranged,2,3,4,0,1
146,Armoured tracks,,Melee,Melee,3,4,6,0,1
147,Bolt pistol,"<a href=""/wh40k10ed/the-rules/core-rules/#Pistol"">pistol</a>",12,Ranged,1,3,4,0,1
147,Grav-pistol,"<a href=""/wh40k10ed/the-rules/core-rules/#Anti"">anti-vehicle 2+</a>, <a href=""/wh40k10ed/the-rules/core-rules/#Pistol"">pistol</a>",12,Ranged,1,3,4,-1,1
147,Hand flamer,"<a href=""/wh40k10ed/the-rules/core-rules/#Ignores-Cover"">ignores cover</a>, <a href=""/wh40k10ed/the-rules/core-rules/#Pistol"">pistol</a>, <a href=""/wh40k10ed/the-rules/core-rules/#Torrent"">torrent</a>",12,Ranged,D6,N/A,3,0,1
147,Inferno pistol,"<a href=""/wh40k10ed/the-rules/core-rules/#Melta"">melta 2</a>, <a href=""/wh40k10ed/the-rules/core-rules/#Pistol"">pistol</a>",6,Ranged,1,3,8,-4,D3
147,Plasma pistol – standard,"<a href=""/wh40k10ed/the-rules/core-rules/#Pistol"">pistol</a>",12,Ranged,1,3,7,-2,1
147,Plasma pistol – supercharge,"<a href=""/wh40k10ed/the-rules/core-rules/#Hazardous"">hazardous</a>, <a href=""/wh40k10ed/the-rules/core-rules/#Pistol"">pistol</a>",12,Ranged,1,3,8,-3,2
147,Vanguard Veteran weapon,,Melee,Melee,4,3,5,-1,1
148,Disintegration combi-gun,"<a href=""/wh40k10ed/the-rules/core-rules/#Anti"">anti-infantry 4+</a>, <a href=""/wh40k10ed/the-rules/core-rules/#Devastating-Wounds"">devastating wounds</a>, <a href=""/wh40k10ed/the-rules/core-rules/#Rapid-Fire"">rapid fire 1</a>",24,Ranged,1,4,5,-1,1
148,Disintegration pistol,"<a href=""/wh40k10ed/the-rules/core-rules/#Anti"">anti-infantry 4+</a>, <a href=""/wh40k10ed/the-rules/core-rules/#Devastating-Wounds"">devastating wounds</a>, <a href=""/wh40k10ed/the-rules/core-rules/#Pistol"">pistol</a>",12,Ranged,1,3,5,-1,1
148,Close combat weapon,,Melee,Melee,4,3,4,0,1
151,Perdition Pistol,"<a href=""/wh40k10ed/the-rules/core-rules/#Melta"">melta 2</a>, <a href=""/wh40k10ed/the-rules/core-rules/#Pistol"">pistol</a>, <a href=""/wh40k10ed/the-rules/core-rules/#Sustained-Hits"">sustained hits d3</a>",6,Ranged,1,2,9,-4,D6
151,The Axe Mortalis,"<a href=""/wh40k10ed/the-rules/core-rules/#Lethal-Hits"">lethal hits</a>",Melee,Melee,8,2,8,-3,2
152,Blood Song,"<a href=""/wh40k10ed/the-rules/core-rules/#Anti"">anti-infantry 4+</a>, <a href=""/wh40k10ed/the-rules/core-rules/#Devastating-Wounds"">devastating wounds</a>, <a href=""/wh40k10ed/the-rules/core-rules/#Melta"">melta 2</a>",24,Ranged,2,2,4,-1,2
152,Bolt pistol,"<a href=""/wh40k10ed/the-rules/core-rules/#Pistol"">pistol</a>",12,Ranged,1,2,4,0,1
152,Dead Man’s Hand,,Melee,Melee,6,2,4,-1,2
153,Blood Song,"<a href=""/wh40k10ed/the-rules/core-rules/#Anti"">anti-infantry 4+</a>, <a href=""/wh40k10ed/the-rules/core-rules/#Devastating-Wounds"">devastating wounds</a>, <a href=""/wh40k10ed/the-rules/core-rules/#Melta"">melta 2</a>",24,Ranged,2,2,4,-1,2
153,Bolt pistol,"<a href=""/wh40k10ed/the-rules/core-rules/#Pistol"">pistol</a>",12,Ranged,1,2,4,0,1
153,Dead Man’s Hand,,Melee,Melee,6,2,4,-1,2
154,Blood Lance – witchfire,"<a href=""/wh40k10ed/the-rules/core-rules/#Psychic-Weapons-and-Abilities"">psychic</a>, <a href=""/wh40k10ed/the-rules/core-rules/#Sustained-Hits"">sustained hits d3</a>",18,Ranged,1,3,10,-3,D6
154,Blood Lance – focused witchfire,"<a href=""/wh40k10ed/the-rules/core-rules/#Hazardous"">hazardous</a>, <a href=""/wh40k10ed/the-rules/core-rules/#Psychic-Weapons-and-Abilities"">psychic</a>, <a href=""/wh40k10ed/the-rules/core-rules/#Sustained-Hits"">sustained hits d3</a>",18,Ranged,1,3,12,-3,D6+3
154,Heavy flamer,"<a href=""/wh40k10ed/the-rules/core-rules/#Ignores-Cover"">ignores cover</a>, <a href=""/wh40k10ed/the-rules/core-rules/#Torrent"">torrent</a>",12,Ranged,D6,N/A,5,-1,1
154,Meltagun,"<a href=""/wh40k10ed/the-rules/core-rules/#Melta"">melta 2</a>",12,Ranged,1,3,9,-4,D6
154,Storm bolter,"<a href=""/wh40k10ed/the-rules/core-rules/#Rapid-Fire"">rapid fire 2</a>",24,Ranged,2,3,4,0,1
154,Furioso fist,,Melee,Melee,5,3,12,-3,3
154,Furioso force halberd,"<a href=""/wh40k10ed/the-rules/core-rules/#Extra-Attacks"">extra attacks</a>, <a href=""/wh40k10ed/the-rules/core-rules/#Psychic-Weapons-and-Abilities"">psychic</a>",Melee,Melee,1,2,9,-3,D6+3
155,Fury of the Ancients – witchfire,"<a href=""/wh40k10ed/the-rules/core-rules/#Pistol"">pistol</a>, <a href=""/wh40k10ed/the-rules/core-rules/#Psychic-Weapons-and-Abilities"">psychic</a>, <a href=""/wh40k10ed/the-rules/core-rules/#Sustained-Hits"">sustained hits 1</a>",18,Ranged,3,2,4,-1,D3
155,Fury of the Ancients – focused witchfire,"<a href=""/wh40k10ed/the-rules/core-rules/#Hazardous"">hazardous</a>, <a href=""/wh40k10ed/the-rules/core-rules/#Pistol"">pistol</a>, <a href=""/wh40k10ed/the-rules/core-rules/#Psychic-Weapons-and-Abilities"">psychic</a>, <a href=""/wh40k10ed/the-rules/core-rules/#Sustained-Hits"">sustained hits 3</a>",18,Ranged,3,2,5,-2,D3
155,Plasma pistol – standard,"<a href=""/wh40k10ed/the-rules/core-rules/#Pistol"">pistol</a>",12,Ranged,1,2,7,-2,1
155,Plasma pistol – supercharge,"<a href=""/wh40k10ed/the-rules/core-rules/#Hazardous"">hazardous</a>, <a href=""/wh40k10ed/the-rules/core-rules/#Pistol"">pistol</a>",12,Ranged,1,2,8,-3,2
155,Vitarus,"<a href=""/wh40k10ed/the-rules/core-rules/#Lethal-Hits"">lethal hits</a>, <a href=""/wh40k10ed/the-rules/core-rules/#Psychic-Weapons-and-Abilities"">psychic</a>",Melee,Melee,6,2,9,-3,D3
156,Encarmine broadsword,"<a href=""/wh40k10ed/the-rules/core-rules/#Devastating-Wounds"">devastating wounds</a>",Melee,Melee,8,2,6,-3,2
157,The Executioner’s Axe,"<a href=""/wh40k10ed/the-rules/core-rules/#Devastating-Wounds"">devastating wounds</a>, <a href=""/wh40k10ed/the-rules/core-rules/#Precision"">Precision</a>",Melee,Melee,6,2,7,-3,2
158,Absolvor bolt pistol,"<a href=""/wh40k10ed/the-rules/core-rules/#Pistol"">pistol</a>",18,Ranged,1,3,5,-1,2
158,Astartes chainsword,,Melee,Melee,5,3,4,-1,1
159,Bolt pistol,"<a href=""/wh40k10ed/the-rules/core-rules/#Pistol"">pistol</a>",12,Ranged,1,3,4,0,1
159,Boltgun,,24,Ranged,2,3,4,0,1
159,Combi-weapon,"<a href=""/wh40k10ed/the-rules/core-rules/#Anti"">anti-infantry 4+</a>, <a href=""/wh40k10ed/the-rules/core-rules/#Devastating-Wounds"">devastating wounds</a>, <a href=""/wh40k10ed/the-rules/core-rules/#Rapid-Fire"">rapid fire 1</a>",24,Ranged,1,4,4,0,1
159,Grav-pistol,"<a href=""/wh40k10ed/the-rules/core-rules/#Anti"">anti-vehicle 2+</a>, <a href=""/wh40k10ed/the-rules/core-rules/#Pistol"">pistol</a>",12,Ranged,1,3,4,-1,2
159,Hand flamer,"<a href=""/wh40k10ed/the-rules/core-rules/#Ignores-Cover"">ignores cover</a>, <a href=""/wh40k10ed/the-rules/core-rules/#Pistol"">pistol</a>, <a href=""/wh40k10ed/the-rules/core-rules/#Torrent"">torrent</a>",12,Ranged,D6,N/A,3,0,1
159,Inferno pistol,"<a href=""/wh40k10ed/the-rules/core-rules/#Melta"">melta 2</a>, <a href=""/wh40k10ed/the-rules/core-rules/#Pistol"">pistol</a>",6,Ranged,1,3,8,-4,D3
159,Plasma pistol – standard,"<a href=""/wh40k10ed/the-rules/core-rules/#Pistol"">pistol</a>",12,Ranged,1,3,7,-2,1
159,Plasma pistol – supercharge,"<a href=""/wh40k10ed/the-rules/core-rules/#Hazardous"">hazardous</a>, <a href=""/wh40k10ed/the-rules/core-rules/#Pistol"">pistol</a>",12,Ranged,1,3,8,-3,2
159,Storm bolter,"<a href=""/wh40k10ed/the-rules/core-rules/#Rapid-Fire"">rapid fire 2</a>",24,Ranged,2,3,4,0,1
159,Twin boltgun,"<a href=""/wh40k10ed/the-rules/core-rules/#Twin-linked"">twin-linked</a>",24,Ranged,2,3,4,0,1
159,Astartes chainsword,,Melee,Melee,5,3,4,-1,1
159,Power fist,,Melee,Melee,4,3,8,-2,2
159,Power weapon,,Melee,Melee,4,3,5,-2,1
159,Thunder hammer,"<a href=""/wh40k10ed/the-rules/core-rules/#Devastating-Wounds"">devastating wounds</a>",Melee,Melee,3,4,8,-2,2
160,Bolt pistol,"<a href=""/wh40k10ed/the-rules/core-rules/#Pistol"">pistol</a>",12,Ranged,1,2,4,0,1
160,Heaven’s Teeth,"<a href=""/wh40k10ed/the-rules/core-rules/#Sustained-Hits"">sustained hits 1</a>",Melee,Melee,6,2,5,-1,1
164,Absolvor bolt pistol,"<a href=""/wh40k10ed/the-rules/core-rules/#Pistol"">pistol</a>",18,Ranged,1,2,5,-1,2
164,The Blood Crozius,"<a href=""/wh40k10ed/the-rules/core-rules/#Lethal-Hits"">lethal hits</a>",Melee,Melee,5,2,6,-2,2
165,Angelus boltgun,"<a href=""/wh40k10ed/the-rules/core-rules/#Pistol"">pistol</a>",12,Ranged,2,3,4,0,1
165,Inferno pistol,"<a href=""/wh40k10ed/the-rules/core-rules/#Melta"">melta 2</a>, <a href=""/wh40k10ed/the-rules/core-rules/#Pistol"">pistol</a>",6,Ranged,1,3,8,-4,D3
165,Encarmine blade,,Melee,Melee,4,2,6,-3,2
165,Encarmine spear,"<a href=""/wh40k10ed/the-rules/core-rules/#Lance"">Lance</a>",Melee,Melee,4,2,6,-2,2
166,Blood fist bolt rifles,"<a href=""/wh40k10ed/the-rules/core-rules/#Twin-linked"">twin-linked</a>",24,Ranged,4,3,4,-1,1
166,Twin heavy bolter,"<a href=""/wh40k10ed/the-rules/core-rules/#Sustained-Hits"">sustained hits 1</a>. <a href=""/wh40k10ed/the-rules/core-rules/#Twin-linked"">twin-linked</a>",36,Ranged,3,3,5,-1,2
166,Twin Icarus ironhail heavy stubber,"<a href=""/wh40k10ed/the-rules/core-rules/#Anti"">ANTI-FLY 4+</a>, <a href=""/wh40k10ed/the-rules/core-rules/#Rapid-Fire"">RAPID FIRE 3</a>, <a href=""/wh40k10ed/the-rules/core-rules/#Twin-linked"">TWIN-LINKED</a>",36,Ranged,3,3,4,0,1
166,Twin multi-melta,"<a href=""/wh40k10ed/the-rules/core-rules/#Melta"">melta 2</a>, <a href=""/wh40k10ed/the-rules/core-rules/#Twin-linked"">twin-linked</a>",18,Ranged,2,3,9,-4,D6
166,Blood fists,"<a href=""/wh40k10ed/the-rules/core-rules/#Twin-linked"">twin-linked</a>",Melee,Melee,6,3,12,-2,3
166,Blood talons - strike,"<a href=""/wh40k10ed/the-rules/core-rules/#Twin-linked"">twin-linked</a>",Melee,Melee,6,3,12,-2,3
166,Blood talons - sweep,"<a href=""/wh40k10ed/the-rules/core-rules/#Twin-linked"">twin-linked</a>",Melee,Melee,10,3,7,-2,1
167,Heavy flamer,"<a href=""/wh40k10ed/the-rules/core-rules/#Ignores-Cover"">ignores cover</a>, <a href=""/wh40k10ed/the-rules/core-rules/#Torrent"">torrent</a>",12,Ranged,D6,N/A,5,-1,1
167,Heavy frag cannon,"<a href=""/wh40k10ed/the-rules/core-rules/#Blast"">blast</a>, <a href=""/wh40k10ed/the-rules/core-rules/#Rapid-Fire"">rapid fire d6</a>",18,Ranged,D6,3,7,-1,2
167,Meltagun,"<a href=""/wh40k10ed/the-rules/core-rules/#Melta"">melta 2</a>",12,Ranged,1,3,9,-4,D6
167,Storm bolter,"<a href=""/wh40k10ed/the-rules/core-rules/#Rapid-Fire"">rapid fire 2</a>",24,Ranged,2,3,4,0,1
167,Blood talons,"<a href=""/wh40k10ed/the-rules/core-rules/#Twin-linked"">twin-linked</a>",Melee,Melee,7,3,8,-2,3
167,Furioso fist,,Melee,Melee,5,3,12,-3,3
167,Twin Furioso fists,"<a href=""/wh40k10ed/the-rules/core-rules/#Twin-linked"">twin-linked</a>",Melee,Melee,5,3,12,-3,3
168,Baal flamestorm cannon,"<a href=""/wh40k10ed/the-rules/core-rules/#Assault"">ASSAULT</a>, <a href=""/wh40k10ed/the-rules/core-rules/#Ignores-Cover"">IGNORES COVER</a>. <a href=""/wh40k10ed/the-rules/core-rules/#Torrent"">TORRENT</a>",18,Ranged,D6+3,N/A,6,-2,2
168,Heavy bolter,"<a href=""/wh40k10ed/the-rules/core-rules/#Assault"">assault</a>, <a href=""/wh40k10ed/the-rules/core-rules/#Sustained-Hits"">sustained hits 1</a>",36,Ranged,3,3,5,-1,2
168,Heavy flamer,"<a href=""/wh40k10ed/the-rules/core-rules/#Assault"">assault</a>, <a href=""/wh40k10ed/the-rules/core-rules/#Ignores-Cover"">ignores cover</a>, <a href=""/wh40k10ed/the-rules/core-rules/#Torrent"">torrent</a>",12,Ranged,D6,N/A,5,-1,1
168,Hunter-killer missile,one shot,48,Ranged,1,2,14,-3,D6
168,Storm bolter,"<a href=""/wh40k10ed/the-rules/core-rules/#Rapid-Fire"">rapid fire 2</a>",24,Ranged,2,3,4,0,1
168,Twin assault cannon,"<a href=""/wh40k10ed/the-rules/core-rules/#Assault"">ASSAULT</a>. <a href=""/wh40k10ed/the-rules/core-rules/#Devastating-Wounds"">DEVASTATING WOUNDS</a>. <a href=""/wh40k10ed/the-rules/core-rules/#Twin-linked"">TWIN-LINKED</a>",24,Ranged,6,3,6,0,1
168,Armoured tracks,,Melee,Melee,3,4,6,0,1
169,Bolt pistol,"<a href=""/wh40k10ed/the-rules/core-rules/#Pistol"">pistol</a>",12,Ranged,1,2,4,0,1
169,Blood Reaver,"<a href=""/wh40k10ed/the-rules/core-rules/#Sustained-Hits"">sustained hits 1</a>",Melee,Melee,6,2,8,-2,3
218,Lion’s Wrath,"<a href=""/wh40k10ed/the-rules/core-rules/#Anti"">anti-infantry 4+</a>, <a href=""/wh40k10ed/the-rules/core-rules/#Devastating-Wounds"">devastating wounds</a>, <a href=""/wh40k10ed/the-rules/core-rules/#Rapid-Fire"">rapid fire 1</a>",24,Ranged,2,2,8,-3,2
218,The Sword of Secrets,"<a href=""/wh40k10ed/the-rules/core-rules/#Devastating-Wounds"">devastating wounds</a>",Melee,Melee,6,2,6,-4,2
219,Master-crafted storm bolter,"<a href=""/wh40k10ed/the-rules/core-rules/#Precision"">precision</a>, <a href=""/wh40k10ed/the-rules/core-rules/#Rapid-Fire"">rapid fire 2</a>",24,Ranged,2,2,4,0,2
219,The Sword of Silence,"<a href=""/wh40k10ed/the-rules/core-rules/#Precision"">precision</a>",Melee,Melee,6,2,6,-2,2
225,Heavy bolt pistol,"<a href=""/wh40k10ed/the-rules/core-rules/#Pistol"">pistol</a>",18,Ranged,1,3,4,-1,1
225,Crozius arcanum and power weapon - strike,,Melee,Melee,5,2,6,-2,2
225,Crozius arcanum and power weapon - sweep,,Melee,Melee,8,2,5,-2,1
226,The Deliverer,"<a href=""/wh40k10ed/the-rules/core-rules/#Pistol"">pistol</a>, <a href=""/wh40k10ed/the-rules/core-rules/#Precision"">precision</a>",12,Ranged,1,2,4,-1,2
226,Mind Wipe – witchfire,"<a href=""/wh40k10ed/the-rules/core-rules/#Devastating-Wounds"">devastating wounds</a>, <a href=""/wh40k10ed/the-rules/core-rules/#Precision"">precision</a>, <a href=""/wh40k10ed/the-rules/core-rules/#Psychic-Weapons-and-Abilities"">psychic</a>",12,Ranged,1,2,6,-2,D6
226,Mind Wipe – focused witchfire,"<a href=""/wh40k10ed/the-rules/core-rules/#Anti"">anti-character 4+</a>, <a href=""/wh40k10ed/the-rules/core-rules/#Devastating-Wounds"">devastating wounds</a>, <a href=""/wh40k10ed/the-rules/core-rules/#Hazardous"">hazardous</a>, <a href=""/wh40k10ed/the-rules/core-rules/#Precision"">precision</a>, <a href=""/wh40k10ed/the-rules/core-rules/#Psychic-Weapons-and-Abilities"">psychic</a>",12,Ranged,1,2,6,-2,D6
226,Traitor’s Bane,"<a href=""/wh40k10ed/the-rules/core-rules/#Anti"">anti-chaos 2+</a>, <a href=""/wh40k10ed/the-rules/core-rules/#Psychic-Weapons-and-Abilities"">psychic</a>",Melee,Melee,4,2,6,-2,D3
230,Assault cannon,"<a href=""/wh40k10ed/the-rules/core-rules/#Devastating-Wounds"">devastating wounds</a>",24,Ranged,6,3,6,0,1
230,Cyclone missile launcher – frag,"<a href=""/wh40k10ed/the-rules/core-rules/#Blast"">blast</a>",36,Ranged,2D6,3,4,0,1
230,Cyclone missile launcher – krak,,36,Ranged,2,3,9,-2,D6
230,Heavy flamer,"<a href=""/wh40k10ed/the-rules/core-rules/#Ignores-Cover"">ignores cover</a>, <a href=""/wh40k10ed/the-rules/core-rules/#Torrent"">torrent</a>",12,Ranged,D6,N/A,5,-1,1
230,Plasma cannon – standard,"<a href=""/wh40k10ed/the-rules/core-rules/#Blast"">blast</a>",36,Ranged,D3,3,7,-2,1
230,Plasma cannon – supercharge,"<a href=""/wh40k10ed/the-rules/core-rules/#Blast"">blast</a>, <a href=""/wh40k10ed/the-rules/core-rules/#Hazardous"">hazardous</a>",36,Ranged,D3,3,8,-3,2
230,Storm bolter,"<a href=""/wh40k10ed/the-rules/core-rules/#Rapid-Fire"">rapid fire 2</a>",24,Ranged,2,3,4,0,1
230,Chainfist,"<a href=""/wh40k10ed/the-rules/core-rules/#Anti"">anti-vehicle 3+</a>",Melee,Melee,3,4,8,-2,2
230,Power fist,,Melee,Melee,3,3,8,-2,2
230,Power weapon,,Melee,Melee,4,3,5,-2,1
231,Great weapon of the Unforgiven,"<a href=""/wh40k10ed/the-rules/core-rules/#Devastating-Wounds"">devastating wounds</a>, <a href=""/wh40k10ed/the-rules/core-rules/#Sustained-Hits"">sustained hits 1</a>",Melee,Melee,5,2,6,-2,2
231,Mace of absolution,"<a href=""/wh40k10ed/the-rules/core-rules/#Anti"">ANTI-MONSTER 4+</a>, <a href=""/wh40k10ed/the-rules/core-rules/#Anti"">ANTI-VEHICLE 4+</a>",Melee,Melee,4,2,6,-2,2
231,Power weapon,,Melee,Melee,5,2,6,-2,2
231,Relic weapon,"<a href=""/wh40k10ed/the-rules/core-rules/#Lethal-Hits"">lethal hits</a>",Melee,Melee,6,2,7,-2,2
238,Assault cannon,"<a href=""/wh40k10ed/the-rules/core-rules/#Devastating-Wounds"">devastating wounds</a>",24,Ranged,6,3,6,0,1
238,Heavy bolter,"<a href=""/wh40k10ed/the-rules/core-rules/#Sustained-Hits"">sustained hits 1</a>",36,Ranged,3,3,5,-1,2
238,Close combat weapon,,Melee,Melee,4,3,4,0,1
239,Avenger mega bolter,"<a href=""/wh40k10ed/the-rules/core-rules/#Sustained-Hits"">sustained hits 1</a>",36,Ranged,10,3,5,-1,2
239,Blacksword missiles,"<a href=""/wh40k10ed/the-rules/core-rules/#Anti"">anti-fly 2+</a>",36,Ranged,2,3,8,-2,D6
239,Nephilim lascannons,,48,Ranged,2,3,12,-3,D6+1
239,Twin heavy bolter,"<a href=""/wh40k10ed/the-rules/core-rules/#Sustained-Hits"">sustained hits 1</a>, <a href=""/wh40k10ed/the-rules/core-rules/#Twin-linked"">twin-linked</a>",36,Ranged,3,3,5,-1,2
239,Armoured hull,,Melee,Melee,3,4,6,0,1
240,Hurricane bolter,"<a href=""/wh40k10ed/the-rules/core-rules/#Rapid-Fire"">rapid fire 6</a>, <a href=""/wh40k10ed/the-rules/core-rules/#Twin-linked"">twin-linked</a>",24,Ranged,6,3,4,0,1
240,Rift cannon,"<a href=""/wh40k10ed/the-rules/core-rules/#Blast"">blast</a>, <a href=""/wh40k10ed/the-rules/core-rules/#Devastating-Wounds"">devastating wounds</a>",18,Ranged,D3+1,3,16,-4,3
240,Armoured hull,,Melee,Melee,3,4,6,0,1
241,Astartes grenade launcher – frag,"<a href=""/wh40k10ed/the-rules/core-rules/#Blast"">blast</a>",24,Ranged,D3,3,4,0,1
241,Astartes grenade launcher – krak,,24,Ranged,1,3,9,-2,D3
241,Bolt pistol,"<a href=""/wh40k10ed/the-rules/core-rules/#Pistol"">pistol</a>",12,Ranged,1,3,4,0,1
241,Plasma talon – standard,"<a href=""/wh40k10ed/the-rules/core-rules/#Rapid-Fire"">rapid fire 1</a>",18,Ranged,2,3,7,-2,1
241,Plasma talon – supercharge,"<a href=""/wh40k10ed/the-rules/core-rules/#Hazardous"">hazardous</a>, <a href=""/wh40k10ed/the-rules/core-rules/#Rapid-Fire"">rapid fire 1</a>",18,Ranged,2,3,8,-3,2
241,Black Knight combat weapon,"<a href=""/wh40k10ed/the-rules/core-rules/#Devastating-Wounds"">devastating wounds</a>",Melee,Melee,3,3,5,-2,1
242,Assault cannon,"<a href=""/wh40k10ed/the-rules/core-rules/#Devastating-Wounds"">devastating wounds</a>",24,Ranged,6,3,6,0,1
242,Heavy bolter,"<a href=""/wh40k10ed/the-rules/core-rules/#Sustained-Hits"">sustained hits 1</a>",36,Ranged,3,3,5,-1,2
242,Plasma storm battery – standard,"<a href=""/wh40k10ed/the-rules/core-rules/#Blast"">blast</a>, <a href=""/wh40k10ed/the-rules/core-rules/#Twin-linked"">twin-linked</a>",36,Ranged,D6+1,3,8,-2,2
242,Plasma storm battery – supercharge,"<a href=""/wh40k10ed/the-rules/core-rules/#Blast"">blast</a>, <a href=""/wh40k10ed/the-rules/core-rules/#Hazardous"">hazardous</a>, <a href=""/wh40k10ed/the-rules/core-rules/#Twin-linked"">twin-linked</a>",36,Ranged,D6+1,3,9,-3,3
242,Close combat weapon,,Melee,Melee,4,3,4,0,1
243,Heavy bolter,"<a href=""/wh40k10ed/the-rules/core-rules/#Sustained-Hits"">sustained hits 1</a>",36,Ranged,3,4,5,-1,2
243,Redemptor lascannons,"<a href=""/wh40k10ed/the-rules/core-rules/#Anti"">anti-fly 2+</a>",48,Ranged,2,4,14,-3,D6+1
243,Redemptor missile silo – superfrag,"<a href=""/wh40k10ed/the-rules/core-rules/#Blast"">blast</a>",48,Ranged,2D6+2,4,5,0,1
243,Redemptor missile silo – superkrak,,48,Ranged,2,4,10,-2,D6+1
282,Storm bolter,"<a href=""/wh40k10ed/the-rules/core-rules/#Rapid-Fire"">rapid fire 2</a>",24,Ranged,2,2,4,0,1
282,Axe Morkai – strike,,Melee,Melee,6,2,8,-2,3
282,Axe Morkai – sweep,,Melee,Melee,10,2,6,-2,1
282,Tyrnak and Fenrir,"<a href=""/wh40k10ed/the-rules/core-rules/#Extra-Attacks"">extra attacks</a>",Melee,Melee,6,2,5,-1,1
285,Bolt pistol,"<a href=""/wh40k10ed/the-rules/core-rules/#Pistol"">pistol</a>",12,Ranged,1,2,4,0,1
285,Frostfang,"<a href=""/wh40k10ed/the-rules/core-rules/#Sustained-Hits"">sustained hits 1</a>",Melee,Melee,8,2,6,-3,2
292,Bolt pistol,"<a href=""/wh40k10ed/the-rules/core-rules/#Pistol"">pistol</a>",12,Ranged,1,3,4,0,1
292,Living Lightning – witchfire,"<a href=""/wh40k10ed/the-rules/core-rules/#Psychic-Weapons-and-Abilities"">psychic</a>, <a href=""/wh40k10ed/the-rules/core-rules/#Sustained-Hits"">sustained hits 2</a>",24,Ranged,D6,3,7,-1,1
292,Living Lightning – focused witchfire,"<a href=""/wh40k10ed/the-rules/core-rules/#Hazardous"">hazardous</a>, <a href=""/wh40k10ed/the-rules/core-rules/#Psychic-Weapons-and-Abilities"">psychic</a>, <a href=""/wh40k10ed/the-rules/core-rules/#Sustained-Hits"">sustained hits 2</a>",24,Ranged,2D6,3,7,-1,1
292,Staff of the Stormcaller,"<a href=""/wh40k10ed/the-rules/core-rules/#Psychic-Weapons-and-Abilities"">psychic</a>, <a href=""/wh40k10ed/the-rules/core-rules/#Sustained-Hits"">sustained hits 2</a>",Melee,Melee,4,3,7,-1,D3
297,Plasma pistol – standard,"<a href=""/wh40k10ed/the-rules/core-rules/#Pistol"">pistol</a>",12,Ranged,1,2,7,-2,1
297,Plasma pistol – supercharge,"<a href=""/wh40k10ed/the-rules/core-rules/#Hazardous"">hazardous</a>, <a href=""/wh40k10ed/the-rules/core-rules/#Pistol"">pistol</a>",12,Ranged,1,2,8,-3,2
297,Artificer crozius arcanum,"<a href=""/wh40k10ed/the-rules/core-rules/#Anti"">ANTI-MONSTER 4+</a>, <a href=""/wh40k10ed/the-rules/core-rules/#Anti"">ANTI-VEHICLE 4+</a>",Melee,Melee,5,2,6,-2,2
302,Assault cannon,"<a href=""/wh40k10ed/the-rules/core-rules/#Devastating-Wounds"">devastating wounds</a>",24,Ranged,6,2,6,0,1
302,Heavy flamer,"<a href=""/wh40k10ed/the-rules/core-rules/#Ignores-Cover"">ignores cover</a>, <a href=""/wh40k10ed/the-rules/core-rules/#Torrent"">torrent</a>",12,Ranged,D6,N/A,5,-1,1
302,Helfrost cannon – dispersed,"<a href=""/wh40k10ed/the-rules/core-rules/#Torrent"">torrent</a>",12,Ranged,D6,N/A,6,-1,2
302,Helfrost cannon – focused,,36,Ranged,1,2,10,-3,5
302,Multi-melta,"<a href=""/wh40k10ed/the-rules/core-rules/#Melta"">melta 2</a>",18,Ranged,2,2,9,-4,D6
302,Trueclaw,"<a href=""/wh40k10ed/the-rules/core-rules/#Lethal-Hits"">lethal hits</a>",Melee,Melee,6,2,12,-2,3
303,Bolt pistol,"<a href=""/wh40k10ed/the-rules/core-rules/#Pistol"">pistol</a>",12,Ranged,1,3,4,0,1
303,Plasma pistol – standard,"<a href=""/wh40k10ed/the-rules/core-rules/#Pistol"">pistol</a>",12,Ranged,1,3,7,-2,1
303,Plasma pistol – supercharge,"<a href=""/wh40k10ed/the-rules/core-rules/#Hazardous"">hazardous</a>, <a href=""/wh40k10ed/the-rules/core-rules/#Pistol"">pistol</a>",12,Ranged,1,3,8,-3,2
303,Astartes chainsword,,Melee,Melee,4,3,4,-1,1
303,Power weapon,,Melee,Melee,4,3,5,-2,1
305,Bolt carbine,"<a href=""/wh40k10ed/the-rules/core-rules/#Rapid-Fire"">rapid fire 1</a>",24,Ranged,2,3,4,0,1
305,Bolt pistol,"<a href=""/wh40k10ed/the-rules/core-rules/#Pistol"">pistol</a>",12,Ranged,1,3,4,0,1
305,Plasma pistol – standard,"<a href=""/wh40k10ed/the-rules/core-rules/#Pistol"">pistol</a>",12,Ranged,1,3,7,-2,1
305,Plasma pistol – supercharge,"<a href=""/wh40k10ed/the-rules/core-rules/#Hazardous"">hazardous</a>, <a href=""/wh40k10ed/the-rules/core-rules/#Pistol"">pistol</a>",12,Ranged,1,3,8,-3,2
305,Astartes chainsword,,Melee,Melee,4,3,4,-1,1
305,Power fist,,Melee,Melee,3,3,8,-2,2
305,Power weapon,,Melee,Melee,4,3,5,-2,1
306,Helfrost pistol – dispersed,"<a href=""/wh40k10ed/the-rules/core-rules/#Pistol"">pistol</a>, <a href=""/wh40k10ed/the-rules/core-rules/#Torrent"">torrent</a>",12,Ranged,D6,N/A,4,-1,1
306,Helfrost pistol – focused,"<a href=""/wh40k10ed/the-rules/core-rules/#Pistol"">pistol</a>",12,Ranged,1,2,6,-3,3
306,Tempest hammer and servo-arm,,Melee,Melee,4,4,8,-2,3
308,Bolt pistol,"<a href=""/wh40k10ed/the-rules/core-rules/#Pistol"">pistol</a>",12,Ranged,1,3,4,0,1
308,Boltgun,,24,Ranged,2,3,4,0,1
308,Helfrost pistol – dispersed,"<a href=""/wh40k10ed/the-rules/core-rules/#Pistol"">pistol</a>, <a href=""/wh40k10ed/the-rules/core-rules/#Torrent"">torrent</a>",12,Ranged,D3,N/A,3,-1,1
308,Helfrost pistol – focused,"<a href=""/wh40k10ed/the-rules/core-rules/#Pistol"">pistol</a>",12,Ranged,1,2,6,-3,3
308,Crushing teeth and claws,"<a href=""/wh40k10ed/the-rules/core-rules/#Extra-Attacks"">extra attacks</a>",Melee,Melee,3,4,5,-1,1
308,Iron Priest hammer,,Melee,Melee,3,4,8,-2,3
308,Servo arm,"<a href=""/wh40k10ed/the-rules/core-rules/#Extra-Attacks"">extra attacks</a>",Melee,Melee,1,3,8,-2,3
311,Stormfrag auto-launcher,"<a href=""/wh40k10ed/the-rules/core-rules/#Assault"">assault</a>, <a href=""/wh40k10ed/the-rules/core-rules/#Blast"">blast</a>",12,Ranged,D3,4,4,0,1
311,Wulfen weapons,"<a href=""/wh40k10ed/the-rules/core-rules/#Sustained-Hits"">sustained hits 1</a>",Melee,Melee,3,3,5,-2,2
314,Heavy flamer,"<a href=""/wh40k10ed/the-rules/core-rules/#Ignores-Cover"">ignores cover</a>, <a href=""/wh40k10ed/the-rules/core-rules/#Torrent"">torrent</a>",12,Ranged,D6,N/A,5,-1,1
314,Storm bolter,"<a href=""/wh40k10ed/the-rules/core-rules/#Rapid-Fire"">rapid fire 2</a>",24,Ranged,2,3,4,0,1
314,Murderclaws,"<a href=""/wh40k10ed/the-rules/core-rules/#Sustained-Hits"">sustained hits 1</a>, <a href=""/wh40k10ed/the-rules/core-rules/#Twin-linked"">twin-linked</a>",Melee,Melee,8,3,14,-2,3
317,Foehammer,"<a href=""/wh40k10ed/the-rules/core-rules/#Anti"">anti-monster 3+</a>, <a href=""/wh40k10ed/the-rules/core-rules/#Anti"">anti-vehicle 3+</a>, <a href=""/wh40k10ed/the-rules/core-rules/#Assault"">assault</a>",6,Ranged,1,2,8,-2,3
317,Foehammer,"<a href=""/wh40k10ed/the-rules/core-rules/#Anti"">anti-monster 3+</a>, <a href=""/wh40k10ed/the-rules/core-rules/#Anti"">anti-vehicle 3+</a>, <a href=""/wh40k10ed/the-rules/core-rules/#Precision"">precision</a>",Melee,Melee,5,2,8,-2,3
318,Assault cannon,"<a href=""/wh40k10ed/the-rules/core-rules/#Devastating-Wounds"">devastating wounds</a>",24,Ranged,6,2,6,0,1
318,Storm bolter,"<a href=""/wh40k10ed/the-rules/core-rules/#Rapid-Fire"">rapid fire 2</a>",24,Ranged,2,2,4,0,1
318,Master-crafted power weapon,,Melee,Melee,4,3,5,-2,2
318,Power fist,,Melee,Melee,3,3,8,-2,2
318,Relic greataxe,"<a href=""/wh40k10ed/the-rules/core-rules/#Devastating-Wounds"">devastating wounds</a>",Melee,Melee,3,3,7,-2,3
318,Twin lightning claws,"<a href=""/wh40k10ed/the-rules/core-rules/#Twin-linked"">twin-linked</a>",Melee,Melee,6,3,5,-2,1
322,Bolt pistol,"<a href=""/wh40k10ed/the-rules/core-rules/#Pistol"">pistol</a>",12,Ranged,1,3,4,0,1
322,Boltgun,,24,Ranged,2,3,4,0,1
322,Plasma pistol – standard,"<a href=""/wh40k10ed/the-rules/core-rules/#Pistol"">pistol</a>",12,Ranged,1,3,7,-2,1
322,Plasma pistol – supercharge,"<a href=""/wh40k10ed/the-rules/core-rules/#Hazardous"">hazardous</a>, <a href=""/wh40k10ed/the-rules/core-rules/#Pistol"">pistol</a>",12,Ranged,1,3,8,-3,2
322,Teeth and claws,"<a href=""/wh40k10ed/the-rules/core-rules/#Extra-Attacks"">extra attacks</a>",Melee,Melee,3,4,5,-1,1
322,Wolf Guard weapon,,Melee,Melee,4,3,5,-2,2
323,Teeth and claws,,Melee,Melee,3,4,4,0,1
358,Blackstar rocket launcher,"<a href=""/wh40k10ed/the-rules/core-rules/#Blast"">blast</a>",30,Ranged,D6+1,3,5,0,1
358,Hurricane bolter,"<a href=""/wh40k10ed/the-rules/core-rules/#Rapid-Fire"">rapid fire 6</a>, <a href=""/wh40k10ed/the-rules/core-rules/#Twin-linked"">twin-linked</a>",24,Ranged,6,3,4,0,1
358,Stormstrike missile launcher,,48,Ranged,1,3,10,-2,3
358,Twin assault cannon,"<a href=""/wh40k10ed/the-rules/core-rules/#Devastating-Wounds"">devastating wounds</a>, <a href=""/wh40k10ed/the-rules/core-rules/#Twin-linked"">twin-linked</a>",24,Ranged,6,3,6,0,1
358,Twin lascannon,"<a href=""/wh40k10ed/the-rules/core-rules/#Twin-linked"">twin-linked</a>",48,Ranged,1,3,12,-3,D6+1
358,Armoured hull,,Melee,Melee,3,4,6,0,1
374,Searing Purity,"<a href=""/wh40k10ed/the-rules/core-rules/#Devastating-Wounds"">devastating wounds</a>, <a href=""/wh40k10ed/the-rules/core-rules/#Psychic-Weapons-and-Abilities"">psychic</a>",12,Ranged,D3+1,2,12,-2,2
374,Storm bolter,"<a href=""/wh40k10ed/the-rules/core-rules/#Rapid-Fire"">rapid fire 2</a>",24,Ranged,2,2,4,0,1
374,Malleus Argyrum,"<a href=""/wh40k10ed/the-rules/core-rules/#Psychic-Weapons-and-Abilities"">psychic</a>",Melee,Melee,5,2,10,-2,3
375,Incinerator,"<a href=""/wh40k10ed/the-rules/core-rules/#Ignores-Cover"">ignores cover</a>, <a href=""/wh40k10ed/the-rules/core-rules/#Torrent"">torrent</a>",12,Ranged,D6,N/A,6,-1,1
375,Psilencer,"<a href=""/wh40k10ed/the-rules/core-rules/#Precision"">precision</a>, <a href=""/wh40k10ed/the-rules/core-rules/#Psychic-Weapons-and-Abilities"">psychic</a>, <a href=""/wh40k10ed/the-rules/core-rules/#Sustained-Hits"">sustained hits 1</a>",24,Ranged,6,2,5,0,1
375,Psycannon,"<a href=""/wh40k10ed/the-rules/core-rules/#Psychic-Weapons-and-Abilities"">psychic</a>",24,Ranged,3,2,8,-1,2
375,Storm bolter,"<a href=""/wh40k10ed/the-rules/core-rules/#Rapid-Fire"">rapid fire 2</a>",24,Ranged,2,2,4,0,1
375,Nemesis force weapon,"<a href=""/wh40k10ed/the-rules/core-rules/#Psychic-Weapons-and-Abilities"">psychic</a>",Melee,Melee,5,2,6,-2,2
376,Incinerator,"<a href=""/wh40k10ed/the-rules/core-rules/#Ignores-Cover"">ignores cover</a>, <a href=""/wh40k10ed/the-rules/core-rules/#Torrent"">torrent</a>",12,Ranged,D6,N/A,6,-1,1
376,Psilencer,"<a href=""/wh40k10ed/the-rules/core-rules/#Precision"">precision</a>, <a href=""/wh40k10ed/the-rules/core-rules/#Psychic-Weapons-and-Abilities"">psychic</a>, <a href=""/wh40k10ed/the-rules/core-rules/#Sustained-Hits"">sustained hits 1</a>",24,Ranged,6,2,5,0,1
376,Psycannon,"<a href=""/wh40k10ed/the-rules/core-rules/#Psychic-Weapons-and-Abilities"">psychic</a>",24,Ranged,3,2,8,-1,2
376,Storm bolter,"<a href=""/wh40k10ed/the-rules/core-rules/#Rapid-Fire"">rapid fire 2</a>",24,Ranged,2,2,4,0,1
376,Nemesis force weapon,"<a href=""/wh40k10ed/the-rules/core-rules/#Psychic-Weapons-and-Abilities"">psychic</a>",Melee,Melee,4,2,6,-2,2
379,Storm bolter,"<a href=""/wh40k10ed/the-rules/core-rules/#Rapid-Fire"">rapid fire 2</a>",24,Ranged,2,2,4,0,1
379,Nemesis force weapon,"<a href=""/wh40k10ed/the-rules/core-rules/#Precision"">precision</a>, <a href=""/wh40k10ed/the-rules/core-rules/#Psychic-Weapons-and-Abilities"">psychic</a>",Melee,Melee,5,2,6,-2,2
380,Purifying Flame,"<a href=""/wh40k10ed/the-rules/core-rules/#Anti"">anti-infantry 2+</a>, <a href=""/wh40k10ed/the-rules/core-rules/#Ignores-Cover"">ignores cover</a>, <a href=""/wh40k10ed/the-rules/core-rules/#Psychic-Weapons-and-Abilities"">psychic</a>",18,Ranged,3,2,4,-2,1
380,Storm bolter,"<a href=""/wh40k10ed/the-rules/core-rules/#Rapid-Fire"">rapid fire 2</a>",24,Ranged,2,2,4,0,1
380,Black Blade of Antwyr,"<a href=""/wh40k10ed/the-rules/core-rules/#Devastating-Wounds"">devastating wounds</a>, <a href=""/wh40k10ed/the-rules/core-rules/#Precision"">precision</a>",Melee,Melee,5,2,6,-2,2
381,Incinerator,"<a href=""/wh40k10ed/the-rules/core-rules/#Ignores-Cover"">ignores cover</a>, <a href=""/wh40k10ed/the-rules/core-rules/#Torrent"">torrent</a>",12,Ranged,D6,N/A,6,-1,1
381,Psilencer,"<a href=""/wh40k10ed/the-rules/core-rules/#Precision"">precision</a>, <a href=""/wh40k10ed/the-rules/core-rules/#Psychic-Weapons-and-Abilities"">psychic</a>, <a href=""/wh40k10ed/the-rules/core-rules/#Sustained-Hits"">sustained hits 1</a>",24,Ranged,6,3,5,0,1
381,Psycannon,"<a href=""/wh40k10ed/the-rules/core-rules/#Psychic-Weapons-and-Abilities"">psychic</a>",24,Ranged,3,3,8,-1,2
381,Storm bolter,"<a href=""/wh40k10ed/the-rules/core-rules/#Rapid-Fire"">rapid fire 2</a>",24,Ranged,2,3,4,0,1
381,Close combat weapon,,Melee,Melee,3,3,4,0,1
381,Nemesis force weapon,"<a href=""/wh40k10ed/the-rules/core-rules/#Psychic-Weapons-and-Abilities"">psychic</a>",Melee,Melee,3,3,6,-2,2
382,Incinerator,"<a href=""/wh40k10ed/the-rules/core-rules/#Ignores-Cover"">ignores cover</a>, <a href=""/wh40k10ed/the-rules/core-rules/#Torrent"">torrent</a>",12,Ranged,D6,N/A,6,-1,1
382,Psilencer,"<a href=""/wh40k10ed/the-rules/core-rules/#Precision"">precision</a>, <a href=""/wh40k10ed/the-rules/core-rules/#Psychic-Weapons-and-Abilities"">psychic</a>, <a href=""/wh40k10ed/the-rules/core-rules/#Sustained-Hits"">sustained hits 1</a>",24,Ranged,6,3,5,0,1
382,Psycannon,"<a href=""/wh40k10ed/the-rules/core-rules/#Psychic-Weapons-and-Abilities"">psychic</a>",24,Ranged,3,3,8,-1,2
382,Storm bolter,"<a href=""/wh40k10ed/the-rules/core-rules/#Rapid-Fire"">rapid fire 2</a>",24,Ranged,2,3,4,0,1
382,Nemesis force weapon,"<a href=""/wh40k10ed/the-rules/core-rules/#Psychic-Weapons-and-Abilities"">psychic</a>",Melee,Melee,4,3,6,-2,2
383,Incinerator,"<a href=""/wh40k10ed/the-rules/core-rules/#Ignores-Cover"">ignores cover</a>, <a href=""/wh40k10ed/the-rules/core-rules/#Torrent"">torrent</a>",12,Ranged,D6,N/A,6,-1,1
383,Psilencer,"<a href=""/wh40k10ed/the-rules/core-rules/#Precision"">precision</a>, <a href=""/wh40k10ed/the-rules/core-rules/#Psychic-Weapons-and-Abilities"">psychic</a>, <a href=""/wh40k10ed/the-rules/core-rules/#Sustained-Hits"">sustained hits 1</a>",24,Ranged,6,3,5,0,1
383,Psycannon,"<a href=""/wh40k10ed/the-rules/core-rules/#Psychic-Weapons-and-Abilities"">psychic</a>",24,Ranged,3,3,8,-1,2
383,Purifying Flame,"<a href=""/wh40k10ed/the-rules/core-rules/#Anti"">anti-infantry 2+</a>, <a href=""/wh40k10ed/the-rules/core-rules/#Ignores-Cover"">ignores cover</a>, <a href=""/wh40k10ed/the-rules/core-rules/#Psychic-Weapons-and-Abilities"">psychic</a>",18,Ranged,1,3,4,-2,1
383,Storm bolter,"<a href=""/wh40k10ed/the-rules/core-rules/#Rapid-Fire"">rapid fire 2</a>",24,Ranged,2,3,4,0,1
383,Close combat weapon,,Melee,Melee,3,3,4,0,1
383,Nemesis force weapon,"<a href=""/wh40k10ed/the-rules/core-rules/#Psychic-Weapons-and-Abilities"">psychic</a>",Melee,Melee,3,3,6,-2,2
384,Incinerator,"<a href=""/wh40k10ed/the-rules/core-rules/#Ignores-Cover"">ignores cover</a>, <a href=""/wh40k10ed/the-rules/core-rules/#Torrent"">torrent</a>",12,Ranged,D6,N/A,6,-1,1
384,Psilencer,"<a href=""/wh40k10ed/the-rules/core-rules/#Precision"">precision</a>, <a href=""/wh40k10ed/the-rules/core-rules/#Psychic-Weapons-and-Abilities"">psychic</a>, <a href=""/wh40k10ed/the-rules/core-rules/#Sustained-Hits"">sustained hits 1</a>",24,Ranged,6,2,5,0,1
384,Psycannon,"<a href=""/wh40k10ed/the-rules/core-rules/#Psychic-Weapons-and-Abilities"">psychic</a>",24,Ranged,3,2,8,-1,2
384,Storm bolter,"<a href=""/wh40k10ed/the-rules/core-rules/#Rapid-Fire"">rapid fire 2</a>",24,Ranged,2,2,4,0,1
384,Nemesis force weapon,"<a href=""/wh40k10ed/the-rules/core-rules/#Psychic-Weapons-and-Abilities"">psychic</a>",Melee,Melee,4,2,6,-2,2
387,Incinerator,"<a href=""/wh40k10ed/the-rules/core-rules/#Ignores-Cover"">ignores cover</a>, <a href=""/wh40k10ed/the-rules/core-rules/#Torrent"">torrent</a>",12,Ranged,D6,N/A,6,-1,1
387,Psilencer,"<a href=""/wh40k10ed/the-rules/core-rules/#Precision"">precision</a>, <a href=""/wh40k10ed/the-rules/core-rules/#Psychic-Weapons-and-Abilities"">psychic</a>, <a href=""/wh40k10ed/the-rules/core-rules/#Sustained-Hits"">sustained hits 1</a>",24,Ranged,6,3,5,0,1
387,Psycannon,"<a href=""/wh40k10ed/the-rules/core-rules/#Psychic-Weapons-and-Abilities"">psychic</a>",24,Ranged,3,3,8,-1,2
387,Storm bolter,"<a href=""/wh40k10ed/the-rules/core-rules/#Rapid-Fire"">rapid fire 2</a>",24,Ranged,2,3,4,0,1
387,Close combat weapon,,Melee,Melee,3,3,4,0,1
387,Nemesis force weapon,"<a href=""/wh40k10ed/the-rules/core-rules/#Psychic-Weapons-and-Abilities"">psychic</a>",Melee,Melee,3,3,6,-2,2
388,Incinerator,"<a href=""/wh40k10ed/the-rules/core-rules/#Ignores-Cover"">ignores cover</a>, <a href=""/wh40k10ed/the-rules/core-rules/#Torrent"">torrent</a>",12,Ranged,D6,N/A,6,-1,1
388,Psilencer,"<a href=""/wh40k10ed/the-rules/core-rules/#Precision"">precision</a>, <a href=""/wh40k10ed/the-rules/core-rules/#Psychic-Weapons-and-Abilities"">psychic</a>, <a href=""/wh40k10ed/the-rules/core-rules/#Sustained-Hits"">sustained hits 1</a>",24,Ranged,6,3,5,0,1
388,Psycannon,"<a href=""/wh40k10ed/the-rules/core-rules/#Psychic-Weapons-and-Abilities"">psychic</a>",24,Ranged,3,3,8,-1,2
388,Storm bolter,"<a href=""/wh40k10ed/the-rules/core-rules/#Rapid-Fire"">rapid fire 2</a>",24,Ranged,2,3,4,0,1
388,Close combat weapon,,Melee,Melee,3,3,4,0,1
388,Nemesis force weapon,"<a href=""/wh40k10ed/the-rules/core-rules/#Psychic-Weapons-and-Abilities"">psychic</a>",Melee,Melee,3,3,6,-2,2
389,Gatling psilencer,"<a href=""/wh40k10ed/the-rules/core-rules/#Psychic-Weapons-and-Abilities"">psychic</a>, <a href=""/wh40k10ed/the-rules/core-rules/#Sustained-Hits"">sustained hits 1</a>",24,Ranged,12,3,6,0,1
389,Heavy incinerator,"<a href=""/wh40k10ed/the-rules/core-rules/#Ignores-Cover"">ignores cover</a>, <a href=""/wh40k10ed/the-rules/core-rules/#Torrent"">torrent</a>",18,Ranged,2D6,N/A,6,-1,1
389,Heavy psycannon,"<a href=""/wh40k10ed/the-rules/core-rules/#Ignores-Cover"">ignores cover</a>, <a href=""/wh40k10ed/the-rules/core-rules/#Psychic-Weapons-and-Abilities"">psychic</a>",24,Ranged,6,3,10,-2,3
389,Dreadfists,,Melee,Melee,6,2,6,-1,1
389,Nemesis daemon greathammer,"<a href=""/wh40k10ed/the-rules/core-rules/#Psychic-Weapons-and-Abilities"">psychic</a>",Melee,Melee,5,3,14,-3,D6+1
389,Nemesis greatsword – strike,"<a href=""/wh40k10ed/the-rules/core-rules/#Psychic-Weapons-and-Abilities"">psychic</a>",Melee,Melee,5,2,10,-2,D6
389,Nemesis greatsword – sweep,"<a href=""/wh40k10ed/the-rules/core-rules/#Psychic-Weapons-and-Abilities"">psychic</a>",Melee,Melee,10,2,5,-1,1
390,Assault cannon,"<a href=""/wh40k10ed/the-rules/core-rules/#Devastating-Wounds"">devastating wounds</a>",24,Ranged,6,3,6,0,1
390,Heavy flamer,"<a href=""/wh40k10ed/the-rules/core-rules/#Ignores-Cover"">ignores cover</a>, <a href=""/wh40k10ed/the-rules/core-rules/#Torrent"">torrent</a>",12,Ranged,D6,N/A,5,-1,1
390,Heavy plasma cannon – standard,"<a href=""/wh40k10ed/the-rules/core-rules/#Blast"">blast</a>",36,Ranged,D3,3,7,-2,2
390,Heavy plasma cannon – supercharge,"<a href=""/wh40k10ed/the-rules/core-rules/#Blast"">blast</a>, <a href=""/wh40k10ed/the-rules/core-rules/#Hazardous"">hazardous</a>",36,Ranged,D3,3,8,-3,3
390,Heavy psycannon,"<a href=""/wh40k10ed/the-rules/core-rules/#Psychic-Weapons-and-Abilities"">psychic</a>",24,Ranged,6,3,10,-1,3
390,Incinerator,"<a href=""/wh40k10ed/the-rules/core-rules/#Ignores-Cover"">ignores cover</a>, <a href=""/wh40k10ed/the-rules/core-rules/#Torrent"">torrent</a>",12,Ranged,D6,N/A,6,-1,1
390,Missile launcher – frag,"<a href=""/wh40k10ed/the-rules/core-rules/#Blast"">blast</a>",48,Ranged,D6,3,4,0,1
390,Missile launcher – krak,,48,Ranged,1,3,9,-2,D6
390,Multi-melta,"<a href=""/wh40k10ed/the-rules/core-rules/#Melta"">melta 2</a>",18,Ranged,2,3,9,-4,D6
390,Storm bolter,"<a href=""/wh40k10ed/the-rules/core-rules/#Rapid-Fire"">rapid fire 2</a>",24,Ranged,2,3,4,0,1
390,Twin lascannon,"<a href=""/wh40k10ed/the-rules/core-rules/#Twin-linked"">twin-linked</a>",48,Ranged,1,3,12,-3,D6+1
390,Armoured feet,,Melee,Melee,5,3,6,0,1
390,Dreadnought combat weapon,,Melee,Melee,5,3,12,-2,3
390,Nemesis doomglaive,"<a href=""/wh40k10ed/the-rules/core-rules/#Psychic-Weapons-and-Abilities"">psychic</a>",Melee,Melee,5,3,14,-3,3
391,Godhammer lascannon,,48,Ranged,2,3,12,-3,D6+1
391,Hunter-killer missile,one shot,48,Ranged,1,2,14,-3,D6
391,Multi-melta,"<a href=""/wh40k10ed/the-rules/core-rules/#Melta"">melta 2</a>",18,Ranged,2,3,9,-4,D6
391,Storm bolter,"<a href=""/wh40k10ed/the-rules/core-rules/#Rapid-Fire"">rapid fire 2</a>",24,Ranged,2,3,4,0,1
391,Twin heavy bolter,"<a href=""/wh40k10ed/the-rules/core-rules/#Sustained-Hits"">sustained hits 1</a>, <a href=""/wh40k10ed/the-rules/core-rules/#Twin-linked"">twin-linked</a>",36,Ranged,3,3,5,-1,2
391,Armoured tracks,,Melee,Melee,6,4,8,0,1
392,Hunter-killer missile,one shot,48,Ranged,1,2,14,-3,D6
392,Hurricane bolter,"<a href=""/wh40k10ed/the-rules/core-rules/#Rapid-Fire"">rapid fire 6</a>, <a href=""/wh40k10ed/the-rules/core-rules/#Twin-linked"">twin-linked</a>",24,Ranged,6,3,4,0,1
392,Multi-melta,"<a href=""/wh40k10ed/the-rules/core-rules/#Melta"">melta 2</a>",18,Ranged,2,3,9,-4,D6
392,Storm bolter,"<a href=""/wh40k10ed/the-rules/core-rules/#Rapid-Fire"">rapid fire 2</a>",24,Ranged,2,3,4,0,1
392,Twin assault cannon,"<a href=""/wh40k10ed/the-rules/core-rules/#Devastating-Wounds"">devastating wounds</a>, <a href=""/wh40k10ed/the-rules/core-rules/#Twin-linked"">twin-linked</a>",24,Ranged,6,3,6,0,1
392,Armoured tracks,,Melee,Melee,6,4,8,0,1
393,Flamestorm cannon,"<a href=""/wh40k10ed/the-rules/core-rules/#Ignores-Cover"">ignores cover</a>, <a href=""/wh40k10ed/the-rules/core-rules/#Torrent"">torrent</a>",12,Ranged,D6+3,N/A,6,-2,2
393,Hunter-killer missile,one shot,48,Ranged,1,2,14,-3,D6
393,Multi-melta,"<a href=""/wh40k10ed/the-rules/core-rules/#Melta"">melta 2</a>",18,Ranged,2,3,9,-4,D6
393,Storm bolter,"<a href=""/wh40k10ed/the-rules/core-rules/#Rapid-Fire"">rapid fire 2</a>",24,Ranged,2,3,4,0,1
393,Twin assault cannon,"<a href=""/wh40k10ed/the-rules/core-rules/#Devastating-Wounds"">devastating wounds</a>, <a href=""/wh40k10ed/the-rules/core-rules/#Twin-linked"">twin-linked</a>",24,Ranged,6,3,6,0,1
393,Armoured tracks,,Melee,Melee,6,4,8,0,1
395,Hunter-killer missile,one shot,48,Ranged,1,2,14,-3,D6
395,Storm bolter,"<a href=""/wh40k10ed/the-rules/core-rules/#Rapid-Fire"">rapid fire 2</a>",24,Ranged,2,3,4,0,1
395,Twin heavy bolter,"<a href=""/wh40k10ed/the-rules/core-rules/#Sustained-Hits"">sustained hits 1</a>, <a href=""/wh40k10ed/the-rules/core-rules/#Twin-linked"">twin-linked</a>",36,Ranged,3,3,5,-1,2
395,Twin lascannon,"<a href=""/wh40k10ed/the-rules/core-rules/#Twin-linked"">twin-linked</a>",48,Ranged,1,3,12,-3,D6+1
395,Armoured tracks,,Melee,Melee,3,4,6,0,1
396,Hunter-killer missile,one shot,48,Ranged,1,2,14,-3,D6
396,Storm bolter,"<a href=""/wh40k10ed/the-rules/core-rules/#Rapid-Fire"">rapid fire 2</a>",24,Ranged,2,3,4,0,1
396,Armoured tracks,,Melee,Melee,3,4,6,0,1
398,Hurricane bolter,"<a href=""/wh40k10ed/the-rules/core-rules/#Rapid-Fire"">rapid fire 6</a>, <a href=""/wh40k10ed/the-rules/core-rules/#Twin-linked"">twin-linked</a>",24,Ranged,6,3,4,0,1
398,Stormstrike missile launcher,,48,Ranged,1,3,10,-3,D6+2
398,Twin assault cannon,"<a href=""/wh40k10ed/the-rules/core-rules/#Devastating-Wounds"">devastating wounds</a>, <a href=""/wh40k10ed/the-rules/core-rules/#Twin-linked"">twin-linked</a>",24,Ranged,6,3,6,0,1
398,Twin heavy bolter,"<a href=""/wh40k10ed/the-rules/core-rules/#Sustained-Hits"">sustained hits 1</a>, <a href=""/wh40k10ed/the-rules/core-rules/#Twin-linked"">twin-linked</a>",36,Ranged,3,3,5,-1,2
398,Twin heavy plasma cannon – standard,"<a href=""/wh40k10ed/the-rules/core-rules/#Blast"">blast</a>, <a href=""/wh40k10ed/the-rules/core-rules/#Twin-linked"">twin-linked</a>",36,Ranged,3,3,7,-2,2
398,Twin heavy plasma cannon – supercharge,"<a href=""/wh40k10ed/the-rules/core-rules/#Blast"">blast</a>, <a href=""/wh40k10ed/the-rules/core-rules/#Hazardous"">hazardous</a>, <a href=""/wh40k10ed/the-rules/core-rules/#Twin-linked"">twin-linked</a>",36,Ranged,3,3,8,-3,3
398,Twin lascannon,"<a href=""/wh40k10ed/the-rules/core-rules/#Twin-linked"">twin-linked</a>",48,Ranged,1,3,12,-3,D6+1
398,Twin multi-melta,"<a href=""/wh40k10ed/the-rules/core-rules/#Melta"">melta 2</a>, <a href=""/wh40k10ed/the-rules/core-rules/#Twin-linked"">twin-linked</a>",18,Ranged,2,3,9,-4,D6
398,Typhoon missile launcher – frag,"<a href=""/wh40k10ed/the-rules/core-rules/#Blast"">blast</a>",48,Ranged,2D6,3,4,0,1
398,Typhoon missile launcher – krak,,48,Ranged,2,3,9,-2,D6
398,Armoured hull,,Melee,Melee,6,4,8,0,1
399,Forge bolter,,24,Ranged,3,2,5,-1,2
399,Grav-pistol,"<a href=""/wh40k10ed/the-rules/core-rules/#Anti"">anti-vehicle 2+</a>, <a href=""/wh40k10ed/the-rules/core-rules/#Pistol"">pistol</a>",12,Ranged,1,2,4,-1,2
399,Omnissian power axe,,Melee,Melee,4,3,6,-2,2
399,Servo-arms,"<a href=""/wh40k10ed/the-rules/core-rules/#Extra-Attacks"">extra attacks</a>",Melee,Melee,1,3,8,-2,3
400,Assault cannon,"<a href=""/wh40k10ed/the-rules/core-rules/#Devastating-Wounds"">devastating wounds</a>",24,Ranged,6,3,6,0,1
400,Heavy flamer,"<a href=""/wh40k10ed/the-rules/core-rules/#Ignores-Cover"">ignores cover</a>, <a href=""/wh40k10ed/the-rules/core-rules/#Torrent"">torrent</a>",12,Ranged,D6,N/A,5,-1,1
400,Heavy plasma cannon – standard,"<a href=""/wh40k10ed/the-rules/core-rules/#Blast"">blast</a>",36,Ranged,D3,3,7,-2,2
400,Heavy plasma cannon – supercharge,"<a href=""/wh40k10ed/the-rules/core-rules/#Blast"">blast</a>, <a href=""/wh40k10ed/the-rules/core-rules/#Hazardous"">hazardous</a>",36,Ranged,D3,3,8,-3,3
400,Storm bolter,"<a href=""/wh40k10ed/the-rules/core-rules/#Rapid-Fire"">rapid fire 2</a>",24,Ranged,2,3,4,0,1
400,Twin lascannon,"<a href=""/wh40k10ed/the-rules/core-rules/#Twin-linked"">twin-linked</a>",48,Ranged,1,3,12,-3,D6+1
400,Dreadnought combat weapon,,Melee,Melee,5,3,12,-2,3
402,Airbursting fragmentation projector,"<a href=""/wh40k10ed/the-rules/core-rules/#Blast"">blast</a>, <a href=""/wh40k10ed/the-rules/core-rules/#Indirect-Fire"">indirect fire</a>",24,Ranged,D6,3,3,0,1
402,Burst cannon,,18,Ranged,4,3,5,0,1
402,Cyclic ion blaster – standard,,18,Ranged,3,3,7,-1,1
402,Cyclic ion blaster – overcharge,"<a href=""/wh40k10ed/the-rules/core-rules/#Hazardous"">hazardous</a>",18,Ranged,3,3,8,-2,2
402,Fusion blaster,"<a href=""/wh40k10ed/the-rules/core-rules/#Melta"">melta 2</a>",12,Ranged,1,3,9,-4,D6
402,High-output burst cannon,,18,Ranged,8,3,5,0,1
402,Missile pod,,30,Ranged,2,3,7,-1,2
402,Plasma rifle,,18,Ranged,1,3,8,-3,3
402,T’au flamer,"<a href=""/wh40k10ed/the-rules/core-rules/#Ignores-Cover"">ignores cover</a>, <a href=""/wh40k10ed/the-rules/core-rules/#Torrent"">torrent</a>",12,Ranged,D6,N/A,4,0,1
402,Battlesuit fists,,Melee,Melee,3,4,5,0,1
403,Twin pulse carbine,"<a href=""/wh40k10ed/the-rules/core-rules/#Assault"">assault</a>, <a href=""/wh40k10ed/the-rules/core-rules/#Twin-linked"">twin-linked</a>",20,Ranged,2,5,5,0,1
403,Close combat weapon,,Melee,Melee,1,6,3,0,1
404,Honour stave,,Melee,Melee,2,4,5,0,1
405,Fireblade pulse rifle,"<a href=""/wh40k10ed/the-rules/core-rules/#Rapid-Fire"">rapid fire 1</a>",30,Ranged,1,3,5,0,2
405,Close combat weapon,,Melee,Melee,3,4,3,0,1
406,High-intensity plasma rifle,,24,Ranged,2,2,8,-3,3
406,Dawn Blade – strike,,Melee,Melee,4,2,10,-2,3
406,Dawn Blade – sweep,,Melee,Melee,8,2,6,-1,1
407,Flechette launcher,,18,Ranged,5,2,3,0,1
407,High-energy fusion blaster,"<a href=""/wh40k10ed/the-rules/core-rules/#Melta"">melta 2</a>",18,Ranged,1,2,10,-4,D6
407,Light missile pod,,24,Ranged,2,2,7,0,2
407,Pulse pistol,"<a href=""/wh40k10ed/the-rules/core-rules/#Pistol"">pistol</a>",12,Ranged,1,3,5,0,1
407,Battlesuit fists,,Melee,Melee,3,4,5,0,1
408,Fidelity,"<a href=""/wh40k10ed/the-rules/core-rules/#Sustained-Hits"">sustained hits 1</a>",Melee,Melee,6,3,5,-1,2
409,Close combat weapon,,Melee,Melee,1,6,2,0,1
409,Supreme honour blade,,Melee,Melee,3,3,5,0,1
410,Shade,"<a href=""/wh40k10ed/the-rules/core-rules/#Assault"">assault</a>",18,Ranged,2,2,5,0,2
410,Close combat weapon,,Melee,Melee,3,4,3,0,1
411,Pulse carbine,,20,Ranged,2,4,5,0,1
411,Pulse pistol,"<a href=""/wh40k10ed/the-rules/core-rules/#Pistol"">pistol</a>",12,Ranged,1,4,5,0,1
411,Pulse rifle,"<a href=""/wh40k10ed/the-rules/core-rules/#Rapid-Fire"">rapid fire 1</a>",30,Ranged,1,4,5,0,1
411,Support turret,"<a href=""/wh40k10ed/the-rules/core-rules/#Indirect-Fire"">indirect fire</a>, <a href=""/wh40k10ed/the-rules/core-rules/#Twin-linked"">twin-linked</a>",30,Ranged,2,5,5,0,1
411,Close combat weapon,,Melee,Melee,1,5,3,0,1
412,Pulse blaster,"<a href=""/wh40k10ed/the-rules/core-rules/#Assault"">assault</a>",10,Ranged,2,3,6,-1,1
412,Pulse pistol,"<a href=""/wh40k10ed/the-rules/core-rules/#Pistol"">pistol</a>",12,Ranged,1,4,5,0,1
412,Support turret,"<a href=""/wh40k10ed/the-rules/core-rules/#Indirect-Fire"">indirect fire</a>, <a href=""/wh40k10ed/the-rules/core-rules/#Twin-linked"">twin-linked</a>",30,Ranged,2,5,5,0,1
412,Close combat weapon,,Melee,Melee,1,5,3,0,1
413,Tanglebomb launcher,"<a href=""/wh40k10ed/the-rules/core-rules/#Blast"">Blast</a>",24,Ranged,D3,4,5,0,1
413,Kroot pistol,"<a href=""/wh40k10ed/the-rules/core-rules/#Pistol"">Pistol</a>",12,Ranged,1,4,4,0,1
413,Kroot rifle,"<a href=""/wh40k10ed/the-rules/core-rules/#Rapid-Fire"">rapid fire 1</a>",24,Ranged,1,4,4,0,1
413,Kroot carbine,,18,Ranged,1,4,4,0,2
413,Close combat weapon,,Melee,Melee,2,3,4,0,1
414,Repeater cannon,"<a href=""/wh40k10ed/the-rules/core-rules/#Rapid-Fire"">rapid fire 2</a>",36,Ranged,2,4,7,-1,2
414,Tanglecannon,"<a href=""/wh40k10ed/the-rules/core-rules/#Blast"">blast</a>, <a href=""/wh40k10ed/the-rules/core-rules/#Heavy"">heavy</a>",36,Ranged,D6+1,4,6,0,1
414,Close combat weapon,,Melee,Melee,2,3,4,0,1
414,Krootox fists,"<a href=""/wh40k10ed/the-rules/core-rules/#Extra-Attacks"">EXTRA ATTACKS</a>",Melee,Melee,4,3,6,-1,2
415,Ripping fangs,,Melee,Melee,3,3,3,0,1
417,Burst cannon,,18,Ranged,4,4,5,0,1
417,Fusion blaster,"<a href=""/wh40k10ed/the-rules/core-rules/#Melta"">melta 2</a>",12,Ranged,1,4,9,-4,D6
417,Battlesuit fists,,Melee,Melee,2,5,4,0,1
418,Airbursting fragmentation projector,"<a href=""/wh40k10ed/the-rules/core-rules/#Blast"">blast</a>, <a href=""/wh40k10ed/the-rules/core-rules/#Indirect-Fire"">indirect fire</a>",24,Ranged,D6,4,3,0,1
418,Burst cannon,,18,Ranged,4,4,5,0,1
418,Cyclic ion blaster – standard,,18,Ranged,3,4,7,-1,1
418,Cyclic ion blaster – overcharge,"<a href=""/wh40k10ed/the-rules/core-rules/#Hazardous"">hazardous</a>",18,Ranged,3,4,8,-2,2
418,Fusion blaster,"<a href=""/wh40k10ed/the-rules/core-rules/#Melta"">melta 2</a>",12,Ranged,1,4,9,-4,D6
418,Missile pod,,30,Ranged,2,4,7,-1,2
418,Plasma rifle,,24,Ranged,1,4,8,-3,3
418,T’au flamer,"<a href=""/wh40k10ed/the-rules/core-rules/#Ignores-Cover"">ignores cover</a>, <a href=""/wh40k10ed/the-rules/core-rules/#Torrent"">torrent</a>",12,Ranged,D6,N/A,4,0,1
418,Battlesuit fists,,Melee,Melee,3,5,5,0,1
420,Cyclic ion raker – standard,,36,Ranged,6,4,7,-1,2
420,Cyclic ion raker – overcharge,"<a href=""/wh40k10ed/the-rules/core-rules/#Hazardous"">hazardous</a>",36,Ranged,6,4,8,-2,3
420,Fusion collider,"<a href=""/wh40k10ed/the-rules/core-rules/#Melta"">melta 2</a>",18,Ranged,2,4,12,-4,D6
420,Twin burst cannon,"<a href=""/wh40k10ed/the-rules/core-rules/#Twin-linked"">twin-linked</a>",18,Ranged,4,4,5,0,1
420,Twin fusion blaster,"<a href=""/wh40k10ed/the-rules/core-rules/#Melta"">melta 2</a>, <a href=""/wh40k10ed/the-rules/core-rules/#Twin-linked"">twin-linked</a>",12,Ranged,1,4,9,-4,D6
420,Twin T’au flamer,"<a href=""/wh40k10ed/the-rules/core-rules/#Ignores-Cover"">ignores cover</a>, <a href=""/wh40k10ed/the-rules/core-rules/#Torrent"">torrent</a>, <a href=""/wh40k10ed/the-rules/core-rules/#Twin-linked"">twin-linked</a>",12,Ranged,D6,N/A,4,0,1
420,Ghostkeel fists,,Melee,Melee,3,5,6,0,2
421,Heavy burst cannon,,36,Ranged,12,4,6,-1,2
421,Ion accelerator – standard,,72,Ranged,6,4,9,-2,3
421,Ion accelerator – supercharge,"<a href=""/wh40k10ed/the-rules/core-rules/#Hazardous"">hazardous</a>",72,Ranged,6,4,10,-3,4
421,Twin fusion blaster,"<a href=""/wh40k10ed/the-rules/core-rules/#Melta"">melta 2</a>, <a href=""/wh40k10ed/the-rules/core-rules/#Twin-linked"">twin-linked</a>",12,Ranged,1,4,9,-4,D6
421,Twin plasma rifle,"<a href=""/wh40k10ed/the-rules/core-rules/#Twin-linked"">twin-linked</a>",18,Ranged,1,4,8,-3,3
421,Twin smart missile system,"<a href=""/wh40k10ed/the-rules/core-rules/#Indirect-Fire"">indirect fire</a>, <a href=""/wh40k10ed/the-rules/core-rules/#Twin-linked"">twin-linked</a>",30,Ranged,3,4,5,0,1
421,Riptide fists,,Melee,Melee,6,5,6,0,2
422,Drone burst cannon,,18,Ranged,4,5,5,0,1
422,Ion rifle – standard,"<a href=""/wh40k10ed/the-rules/core-rules/#Heavy"">heavy</a>",30,Ranged,3,5,7,-1,1
422,Ion rifle – overcharge,"<a href=""/wh40k10ed/the-rules/core-rules/#Hazardous"">hazardous</a>, <a href=""/wh40k10ed/the-rules/core-rules/#Heavy"">heavy</a>",30,Ranged,3,5,8,-2,2
422,Pulse carbine,,20,Ranged,2,4,5,0,1
422,Pulse pistol,"<a href=""/wh40k10ed/the-rules/core-rules/#Pistol"">pistol</a>",12,Ranged,1,4,5,0,1
422,Rail rifle,"<a href=""/wh40k10ed/the-rules/core-rules/#Devastating-Wounds"">devastating wounds</a>, <a href=""/wh40k10ed/the-rules/core-rules/#Heavy"">heavy</a>",30,Ranged,1,5,10,-4,3
422,Semi-automatic grenade launcher – EMP,"<a href=""/wh40k10ed/the-rules/core-rules/#Anti"">anti-vehicle 4+</a>, <a href=""/wh40k10ed/the-rules/core-rules/#Devastating-Wounds"">devastating wounds</a>",18,Ranged,1,4,3,0,1
422,Semi-automatic grenade launcher – fusion,,18,Ranged,1,4,6,-1,3
422,Close combat weapon,,Melee,Melee,1,5,3,0,1
423,Piranha burst cannon,,18,Ranged,4,4,6,-1,1
423,Piranha fusion blaster,"<a href=""/wh40k10ed/the-rules/core-rules/#Melta"">melta 4</a>",12,Ranged,1,4,9,-4,D6
423,Seeker missile,one shot,48,Ranged,1,4,14,-3,D6+1
423,Twin pulse carbine,"<a href=""/wh40k10ed/the-rules/core-rules/#Twin-linked"">twin-linked</a>, <a href=""/wh40k10ed/the-rules/core-rules/#Assault"">assault</a>",20,Ranged,2,4,5,0,1
423,Armoured hull,,Melee,Melee,2,5,4,0,1
424,Accelerator burst cannon,,18,Ranged,4,4,6,-1,1
424,Seeker missile,one shot,48,Ranged,1,4,14,-3,D6+1
424,Twin pulse carbine,"<a href=""/wh40k10ed/the-rules/core-rules/#Assault"">assault</a>, <a href=""/wh40k10ed/the-rules/core-rules/#Twin-linked"">twin-linked</a>",20,Ranged,2,4,5,0,1
424,Smart missile system,"<a href=""/wh40k10ed/the-rules/core-rules/#Indirect-Fire"">indirect fire</a>",30,Ranged,3,4,5,0,1
424,Armoured hull,,Melee,Melee,3,5,6,0,1
425,Accelerator burst cannon,,18,Ranged,4,4,6,-1,1
425,Missile pod,,30,Ranged,2,4,7,-1,2
425,Quad ion turret – standard,"<a href=""/wh40k10ed/the-rules/core-rules/#Twin-linked"">twin-linked</a>",30,Ranged,8,4,7,-1,1
425,Quad ion turret – overcharge,"<a href=""/wh40k10ed/the-rules/core-rules/#Hazardous"">hazardous</a>, <a href=""/wh40k10ed/the-rules/core-rules/#Twin-linked"">twin-linked</a>",30,Ranged,8,4,8,-2,2
425,Seeker missile,one shot,48,Ranged,1,4,14,-3,D6+1
425,Armoured hull,,Melee,Melee,3,5,6,0,1
426,Missile pod,,30,Ranged,2,4,7,-1,2
426,Twin missile pod,"<a href=""/wh40k10ed/the-rules/core-rules/#Twin-linked"">twin-linked</a>",30,Ranged,2,4,7,-1,2
426,Seeker missile,one shot,48,Ranged,1,4,14,-3,D6+1
426,Twin ion rifle – standard,"<a href=""/wh40k10ed/the-rules/core-rules/#Twin-linked"">twin-linked</a>",30,Ranged,3,4,7,-1,1
426,Twin ion rifle – overcharge,"<a href=""/wh40k10ed/the-rules/core-rules/#Hazardous"">hazardous</a>, <a href=""/wh40k10ed/the-rules/core-rules/#Twin-linked"">twin-linked</a>",30,Ranged,3,4,8,-2,2
426,Armoured hull,,Melee,Melee,3,5,6,0,1
427,Neutron blaster,"<a href=""/wh40k10ed/the-rules/core-rules/#Assault"">assault</a>",18,Ranged,2,4,5,-2,2
427,Neutron grenade launcher,"<a href=""/wh40k10ed/the-rules/core-rules/#Anti"">ANTI-INFANTRY 3+</a>, <a href=""/wh40k10ed/the-rules/core-rules/#Blast"">BLAST</a>",18,Ranged,D6,4,4,-1,2
427,Neutron rail rifle,"<a href=""/wh40k10ed/the-rules/core-rules/#Devastating-Wounds"">DEVASTATING WOUNDS</a>",30,Ranged,1,4,10,-4,3
427,T’au flamer,"<a href=""/wh40k10ed/the-rules/core-rules/#Ignores-Cover"">IGNORES COVER</a>, <a href=""/wh40k10ed/the-rules/core-rules/#Torrent"">TORRENT</a>",12,Ranged,D6,N/A,4,0,1
427,Stingwing claws,,Melee,Melee,1,4,4,-1,1
428,Longshot pulse rifles,"<a href=""/wh40k10ed/the-rules/core-rules/#Heavy"">heavy</a>, <a href=""/wh40k10ed/the-rules/core-rules/#Precision"">precision</a>",36,Ranged,3,4,5,-1,2
428,Pulse pistol,"<a href=""/wh40k10ed/the-rules/core-rules/#Pistol"">pistol</a>",12,Ranged,1,3,5,0,1
428,Close combat weapons,,Melee,Melee,4,5,3,0,1
430,Accelerator burst cannon,,18,Ranged,4,4,6,-1,1
430,Seeker missile rack,"<a href=""/wh40k10ed/the-rules/core-rules/#Twin-linked"">twin-linked</a>",48,Ranged,3,4,14,-3,D6+1
430,Twin pulse carbine,"<a href=""/wh40k10ed/the-rules/core-rules/#Assault"">assault</a>, <a href=""/wh40k10ed/the-rules/core-rules/#Twin-linked"">twin-linked</a>",20,Ranged,2,4,5,0,1
430,Smart missile system,"<a href=""/wh40k10ed/the-rules/core-rules/#Indirect-Fire"">indirect fire</a>",30,Ranged,3,4,5,0,1
430,Armoured hull,,Melee,Melee,3,5,6,0,1
431,Accelerator burst cannon,,18,Ranged,4,4,6,-1,1
431,Ion cannon – standard,"<a href=""/wh40k10ed/the-rules/core-rules/#Blast"">blast</a>",60,Ranged,D6+3,3,7,-1,2
431,Ion cannon – overcharge,"<a href=""/wh40k10ed/the-rules/core-rules/#Blast"">blast</a>, <a href=""/wh40k10ed/the-rules/core-rules/#Hazardous"">hazardous</a>",60,Ranged,D6+3,3,8,-2,3
431,Railgun,"<a href=""/wh40k10ed/the-rules/core-rules/#Devastating-Wounds"">devastating wounds</a>, <a href=""/wh40k10ed/the-rules/core-rules/#Heavy"">heavy</a>",72,Ranged,1,3,20,-5,D6+6
431,Seeker missile,one shot,48,Ranged,1,4,14,-3,D6+1
431,Twin pulse carbine,"<a href=""/wh40k10ed/the-rules/core-rules/#Assault"">assault</a>, <a href=""/wh40k10ed/the-rules/core-rules/#Twin-linked"">twin-linked</a>",20,Ranged,2,4,5,0,1
431,Twin smart missile system,"<a href=""/wh40k10ed/the-rules/core-rules/#Indirect-Fire"">indirect fire</a>, <a href=""/wh40k10ed/the-rules/core-rules/#Twin-linked"">twin-linked</a>",30,Ranged,4,4,5,0,1
431,Armoured hull,,Melee,Melee,3,5,6,0,1
432,Accelerator burst cannon,,18,Ranged,4,4,6,-1,1
432,Ion cannon – standard,"<a href=""/wh40k10ed/the-rules/core-rules/#Blast"">blast</a>",60,Ranged,D6+3,4,7,-1,2
432,Ion cannon – overcharge,"<a href=""/wh40k10ed/the-rules/core-rules/#Blast"">blast</a>, <a href=""/wh40k10ed/the-rules/core-rules/#Hazardous"">hazardous</a>",60,Ranged,D6+3,4,8,-2,3
432,Railgun,"<a href=""/wh40k10ed/the-rules/core-rules/#Heavy"">heavy</a>, <a href=""/wh40k10ed/the-rules/core-rules/#Devastating-Wounds"">devastating wounds</a>",72,Ranged,1,4,20,-5,D6+6
432,Seeker missile,one shot,48,Ranged,1,4,14,-3,D6+1
432,Twin pulse carbine,"<a href=""/wh40k10ed/the-rules/core-rules/#Twin-linked"">twin-linked</a>",20,Ranged,2,4,5,0,1
432,Smart missile system,"<a href=""/wh40k10ed/the-rules/core-rules/#Indirect-Fire"">indirect fire</a>",30,Ranged,3,4,5,0,1
432,Armoured hull,,Melee,Melee,3,5,6,0,1
433,Heavy rail rifle,"<a href=""/wh40k10ed/the-rules/core-rules/#Heavy"">heavy</a>, <a href=""/wh40k10ed/the-rules/core-rules/#Devastating-Wounds"">devastating wounds</a>",60,Ranged,2,4,12,-4,D6+1
433,High-yield missile pods,"<a href=""/wh40k10ed/the-rules/core-rules/#Twin-linked"">twin-linked</a>",30,Ranged,6,4,7,-1,2
433,Seeker missile,one shot,48,Ranged,1,4,14,-3,D6+1
433,Twin plasma rifle,"<a href=""/wh40k10ed/the-rules/core-rules/#Twin-linked"">twin-linked</a>",18,Ranged,1,4,8,-3,3
433,Twin smart missile system,"<a href=""/wh40k10ed/the-rules/core-rules/#Indirect-Fire"">indirect fire</a>, <a href=""/wh40k10ed/the-rules/core-rules/#Twin-linked"">twin-linked</a>",30,Ranged,4,4,5,0,1
433,Crushing bulk,,Melee,Melee,3,5,6,0,1
434,Cluster rocket system,"<a href=""/wh40k10ed/the-rules/core-rules/#Blast"">blast</a>, <a href=""/wh40k10ed/the-rules/core-rules/#Heavy"">heavy</a>",48,Ranged,4D6,4,5,0,1
434,Destroyer missiles,"<a href=""/wh40k10ed/the-rules/core-rules/#Heavy"">heavy</a>",72,Ranged,1,4,16,-4,D6+2
434,Pulse blast cannon – focused,"<a href=""/wh40k10ed/the-rules/core-rules/#Heavy"">heavy</a>",24,Ranged,2,4,24,-6,12
434,Pulse blast cannon – dispersed,"<a href=""/wh40k10ed/the-rules/core-rules/#Heavy"">heavy</a>",48,Ranged,6,4,10,-2,4
434,Pulse driver cannon,"<a href=""/wh40k10ed/the-rules/core-rules/#Blast"">blast</a>, <a href=""/wh40k10ed/the-rules/core-rules/#Heavy"">heavy</a>",72,Ranged,D6+3,4,12,-3,3
434,Twin airbursting fragmentation projector,"<a href=""/wh40k10ed/the-rules/core-rules/#Blast"">blast</a>, <a href=""/wh40k10ed/the-rules/core-rules/#Heavy"">heavy</a>, <a href=""/wh40k10ed/the-rules/core-rules/#Indirect-Fire"">indirect fire</a>, <a href=""/wh40k10ed/the-rules/core-rules/#Twin-linked"">twin-linked</a>",24,Ranged,D6,4,3,0,1
434,Twin burst cannon,"<a href=""/wh40k10ed/the-rules/core-rules/#Heavy"">heavy</a>, <a href=""/wh40k10ed/the-rules/core-rules/#Twin-linked"">twin-linked</a>",18,Ranged,4,4,5,0,1
434,Twin smart missile system,"<a href=""/wh40k10ed/the-rules/core-rules/#Heavy"">heavy</a>, <a href=""/wh40k10ed/the-rules/core-rules/#Indirect-Fire"">indirect fire</a>, <a href=""/wh40k10ed/the-rules/core-rules/#Twin-linked"">twin-linked</a>",30,Ranged,3,4,5,0,1
434,Twin T’au flamer,"<a href=""/wh40k10ed/the-rules/core-rules/#Ignores-Cover"">ignores cover</a>, <a href=""/wh40k10ed/the-rules/core-rules/#Torrent"">torrent</a>, <a href=""/wh40k10ed/the-rules/core-rules/#Twin-linked"">twin-linked</a>",12,Ranged,D6,N/A,4,0,1
434,Thunderous footfalls,,Melee,Melee,3,5,8,-1,2
435,Drone defenders,"<a href=""/wh40k10ed/the-rules/core-rules/#Assault"">assault</a>, <a href=""/wh40k10ed/the-rules/core-rules/#Twin-linked"">twin-linked</a>",20,Ranged,8,5,5,0,1
437,Supremacy railgun,"<a href=""/wh40k10ed/the-rules/core-rules/#Devastating-Wounds"">devastating wounds</a>, <a href=""/wh40k10ed/the-rules/core-rules/#Twin-linked"">twin-linked</a>",72,Ranged,1,5,20,-5,D6+6
439,Experimental pulse submunitions rifle – EMP,"<a href=""/wh40k10ed/the-rules/core-rules/#Anti"">anti-vehicle 3+</a>, <a href=""/wh40k10ed/the-rules/core-rules/#Devastating-Wounds"">devastating wounds</a>",24,Ranged,1,3,1,0,3
439,Experimental pulse submunitions rifle – ionic,"<a href=""/wh40k10ed/the-rules/core-rules/#Blast"">blast</a>",24,Ranged,D6,3,6,-1,1
439,Battlesuit fists,,Melee,Melee,3,4,5,0,1
443,Fusion cascade,"<a href=""/wh40k10ed/the-rules/core-rules/#Melta"">melta 4</a>",12,Ranged,1,4,9,-4,D6
443,Phased ion gun,,30,Ranged,4,4,6,-1,1
443,Twin hazard burst cannon,"<a href=""/wh40k10ed/the-rules/core-rules/#Twin-linked"">twin-linked</a>",24,Ranged,4,4,5,0,1
443,Battlesuit fists,,Melee,Melee,3,5,5,0,1
444,Flechette pod,,12,Ranged,5,4,3,0,1
444,Ionic discharge cannon – standard,"<a href=""/wh40k10ed/the-rules/core-rules/#Blast"">blast</a>",18,Ranged,D6+1,4,7,-1,2
444,Ionic discharge cannon – overcharge,"<a href=""/wh40k10ed/the-rules/core-rules/#Blast"">blast</a>, <a href=""/wh40k10ed/the-rules/core-rules/#Hazardous"">hazardous</a>",18,Ranged,D6+1,4,8,-2,3
444,Phased plasma-flamer,"<a href=""/wh40k10ed/the-rules/core-rules/#Ignores-Cover"">ignores cover</a>, <a href=""/wh40k10ed/the-rules/core-rules/#Torrent"">torrent</a>",12,Ranged,10,N/A,6,-1,1
444,Battlesuit fists,,Melee,Melee,6,5,6,0,2
445,Pulse submunitions cannon,"<a href=""/wh40k10ed/the-rules/core-rules/#Blast"">blast</a>",60,Ranged,D6+2,4,8,-1,2
445,Battlesuit fists,,Melee,Melee,6,5,6,0,2
446,Burst cannon,,18,Ranged,4,4,5,0,1
446,Fragmentation cluster shell launcher,"<a href=""/wh40k10ed/the-rules/core-rules/#Blast"">blast</a>",24,Ranged,2D6+6,4,6,-1,1
446,Fusion eradicator,"<a href=""/wh40k10ed/the-rules/core-rules/#Melta"">melta 3</a>",24,Ranged,5,4,10,-4,D6
446,Heavy rail cannon array,"<a href=""/wh40k10ed/the-rules/core-rules/#Devastating-Wounds"">devastating wounds</a>, <a href=""/wh40k10ed/the-rules/core-rules/#Heavy"">heavy</a>",120,Ranged,2,4,26,-5,16
446,Nexus missile launcher,,36,Ranged,8,4,8,-3,2
446,Pulse ordnance driver,"<a href=""/wh40k10ed/the-rules/core-rules/#Anti"">anti-infantry 2+</a>",60,Ranged,8,4,5,-1,3
446,Smart missile system,"<a href=""/wh40k10ed/the-rules/core-rules/#Indirect-Fire"">indirect fire</a>",30,Ranged,3,4,5,0,1
446,Tri-axis ion cannon – standard,"<a href=""/wh40k10ed/the-rules/core-rules/#Blast"">blast</a>",36,Ranged,D6+3,4,8,-2,2
446,Tri-axis ion cannon – supercharge,"<a href=""/wh40k10ed/the-rules/core-rules/#Blast"">blast</a>, <a href=""/wh40k10ed/the-rules/core-rules/#Hazardous"">hazardous</a>",36,Ranged,D6+3,4,9,-3,3
446,Crushing feet,,Melee,Melee,6,5,8,-1,2
447,Pulse rifle,"<a href=""/wh40k10ed/the-rules/core-rules/#Rapid-Fire"">rapid fire 1</a>",30,Ranged,1,4,5,0,1
447,Close combat weapons,,Melee,Melee,2,5,3,0,1
448,Fusion blaster,"<a href=""/wh40k10ed/the-rules/core-rules/#Melta"">melta 2</a>",12,Ranged,1,4,9,-4,D6
448,Missile pod,,30,Ranged,2,4,7,-1,2
448,Plasma rifle,,24,Ranged,1,4,8,-3,3
448,Rail rifle,"<a href=""/wh40k10ed/the-rules/core-rules/#Devastating-Wounds"">devastating wounds</a>",30,Ranged,1,4,10,-4,3
448,Armoured hull,,Melee,Melee,2,5,4,0,1
449,Burst cannon,,18,Ranged,4,4,5,0,1
449,Twin burst cannon,"<a href=""/wh40k10ed/the-rules/core-rules/#Twin-linked"">twin-linked</a>",18,Ranged,4,5,5,0,1
449,Close combat weapon,,Melee,Melee,1,6,3,0,1
452,Remora seeker missile,one shot,48,Ranged,1,4,14,-3,D6+1
452,Twin long-barrelled burst cannon,"<a href=""/wh40k10ed/the-rules/core-rules/#Twin-linked"">twin-linked</a>",24,Ranged,4,4,6,-1,1
452,Close combat weapon,,Melee,Melee,1,5,4,0,1
453,Cyclic ion blaster – standard,,18,Ranged,3,4,7,-1,1
453,Cyclic ion blaster – overcharge,"<a href=""/wh40k10ed/the-rules/core-rules/#Hazardous"">hazardous</a>",18,Ranged,3,4,8,-2,2
453,Ion cannon – standard,"<a href=""/wh40k10ed/the-rules/core-rules/#Blast"">blast</a>",60,Ranged,D6+3,4,7,-1,2
453,Ion cannon – overcharge,"<a href=""/wh40k10ed/the-rules/core-rules/#Blast"">blast</a>, <a href=""/wh40k10ed/the-rules/core-rules/#Hazardous"">hazardous</a>",60,Ranged,D6+3,4,8,-2,3
453,Long-barrelled burst cannon,,24,Ranged,8,4,6,0,1
453,Missile pod,,30,Ranged,2,4,7,-1,2
453,Seeker missile,one shot,48,Ranged,1,4,14,-3,D6+1
453,Swiftstrike burst cannon,,36,Ranged,16,4,6,-1,1
453,Swiftstrike railgun,"<a href=""/wh40k10ed/the-rules/core-rules/#Devastating-Wounds"">devastating wounds</a>",72,Ranged,1,4,20,-5,D6+6
453,Armoured hull,,Melee,Melee,3,5,6,0,1
454,Burst cannon,,18,Ranged,4,4,5,0,1
454,Cyclic ion blaster – standard,,18,Ranged,3,4,7,-1,1
454,Cyclic ion blaster – overcharge,"<a href=""/wh40k10ed/the-rules/core-rules/#Hazardous"">hazardous</a>",18,Ranged,3,4,8,-2,2
454,Ion cannon – standard,"<a href=""/wh40k10ed/the-rules/core-rules/#Blast"">blast</a>",60,Ranged,D6+3,4,7,-1,2
454,Ion cannon – overcharge,"<a href=""/wh40k10ed/the-rules/core-rules/#Blast"">blast</a>, <a href=""/wh40k10ed/the-rules/core-rules/#Hazardous"">hazardous</a>",60,Ranged,D6+3,4,8,-2,3
454,Missile pod,,30,Ranged,2,4,7,-1,2
454,Seeker missile,one shot,48,Ranged,1,4,14,-3,D6+1
454,Skyspear missile rack,"<a href=""/wh40k10ed/the-rules/core-rules/#Anti"">anti-fly 3+</a>, <a href=""/wh40k10ed/the-rules/core-rules/#Blast"">blast</a>",72,Ranged,D6+1,4,6,-1,1
454,Swiftstrike burst cannon,,36,Ranged,16,4,6,-1,1
454,Swiftstrike railgun,"<a href=""/wh40k10ed/the-rules/core-rules/#Devastating-Wounds"">devastating wounds</a>",72,Ranged,1,4,20,-5,D6+6
454,Armoured hull,,Melee,Melee,3,5,6,0,1
455,Burst cannon,,18,Ranged,4,4,5,0,1
455,Cyclic ion blaster – standard,,18,Ranged,3,4,7,-1,1
455,Cyclic ion blaster – overcharge,"<a href=""/wh40k10ed/the-rules/core-rules/#Hazardous"">hazardous</a>",18,Ranged,3,4,8,-2,2
455,Missile pod,,30,Ranged,2,4,7,-1,2
455,Seeker missile,one shot,48,Ranged,1,4,14,-3,D6+1
455,Twin heavy rail cannon,"<a href=""/wh40k10ed/the-rules/core-rules/#Devastating-Wounds"">devastating wounds</a>, <a href=""/wh40k10ed/the-rules/core-rules/#Twin-linked"">twin-linked</a>",120,Ranged,1,4,26,-5,12
455,Armoured hull,,Melee,Melee,3,5,6,0,1
456,Long-barrelled burst cannon,,36,Ranged,4,4,5,0,1
456,Missile pod,,30,Ranged,2,4,7,-1,2
456,Armoured hull,,Melee,Melee,3,5,8,0,1
457,Heavy rail cannon,"<a href=""/wh40k10ed/the-rules/core-rules/#Devastating-Wounds"">devastating wounds</a>",120,Ranged,1,4,26,-5,12
457,Ion cannon – standard,"<a href=""/wh40k10ed/the-rules/core-rules/#Blast"">blast</a>",60,Ranged,D6+3,4,7,-1,2
457,Ion cannon – overcharge,"<a href=""/wh40k10ed/the-rules/core-rules/#Blast"">blast</a>, <a href=""/wh40k10ed/the-rules/core-rules/#Hazardous"">hazardous</a>",60,Ranged,D6+3,4,8,-2,3
457,Long-barrelled burst cannon array,,24,Ranged,32,4,6,-1,1
457,Missile pod,,30,Ranged,2,4,7,-1,2
457,Seeker missile,one shot,48,Ranged,1,4,14,-3,D6+1
457,Armoured hull,,Melee,Melee,8,5,6,0,1
459,Twin burst cannon,"<a href=""/wh40k10ed/the-rules/core-rules/#Twin-linked"">twin-linked</a>",18,Ranged,4,5,5,0,1
459,Twin fusion blaster,"<a href=""/wh40k10ed/the-rules/core-rules/#Melta"">melta 2</a>, <a href=""/wh40k10ed/the-rules/core-rules/#Twin-linked"">twin-linked</a>",12,Ranged,1,5,9,-4,D6
459,Twin missile pod,"<a href=""/wh40k10ed/the-rules/core-rules/#Twin-linked"">twin-linked</a>",30,Ranged,2,5,7,-1,2
459,Twin plasma rifle,"<a href=""/wh40k10ed/the-rules/core-rules/#Twin-linked"">twin-linked</a>",24,Ranged,1,5,8,-3,3
460,Heavy venom cannon,"<a href=""/wh40k10ed/the-rules/core-rules/#Blast"">blast</a>",36,Ranged,D3,2,9,-2,3
460,Stranglethorn cannon,"<a href=""/wh40k10ed/the-rules/core-rules/#Blast"">blast</a>",36,Ranged,D6+1,2,7,-1,2
460,Monstrous bonesword and lash whip,"<a href=""/wh40k10ed/the-rules/core-rules/#Twin-linked"">twin-linked</a>",Melee,Melee,6,2,9,-2,3
460,Monstrous scything talons,"<a href=""/wh40k10ed/the-rules/core-rules/#Extra-Attacks"">extra attacks</a>",Melee,Melee,4,2,7,-2,2
461,Synaptic pulse,"<a href=""/wh40k10ed/the-rules/core-rules/#Psychic-Weapons-and-Abilities"">psychic</a>, <a href=""/wh40k10ed/the-rules/core-rules/#Torrent"">torrent</a>",18,Ranged,D6+3,N/A,5,-1,2
461,Bone sabres,"<a href=""/wh40k10ed/the-rules/core-rules/#Twin-linked"">twin-linked</a>",Melee,Melee,8,2,9,-2,3
462,Old One Eye’s claws and talons – strike,,Melee,Melee,6,3,14,-3,D6+1
462,Old One Eye’s claws and talons – sweep,,Melee,Melee,12,3,6,-1,1
463,Broodlord claws and talons,"<a href=""/wh40k10ed/the-rules/core-rules/#Devastating-Wounds"">devastating wounds</a>, <a href=""/wh40k10ed/the-rules/core-rules/#Twin-linked"">twin-linked</a>",Melee,Melee,5,2,6,-2,2
465,Stinger salvoes,,24,Ranged,8,3,5,0,1
465,Massive crushing claws,,Melee,Melee,4,4,12,-3,D6+1
465,Massive scything talons – strike,,Melee,Melee,4,3,9,-2,D6
465,Massive scything talons – sweep,,Melee,Melee,8,3,7,-1,2
467,Genestealer claws and talons,,Melee,Melee,4,2,4,-2,1
468,Fleshborer,"<a href=""/wh40k10ed/the-rules/core-rules/#Assault"">assault</a>",18,Ranged,1,4,5,0,1
468,Shardlauncher,"<a href=""/wh40k10ed/the-rules/core-rules/#Blast"">blast</a>, <a href=""/wh40k10ed/the-rules/core-rules/#Heavy"">heavy</a>",18,Ranged,D3,4,5,0,1
468,Spike rifle,"<a href=""/wh40k10ed/the-rules/core-rules/#Heavy"">heavy</a>",24,Ranged,1,4,4,-1,1
468,Strangleweb,"<a href=""/wh40k10ed/the-rules/core-rules/#Assault"">assault</a>, <a href=""/wh40k10ed/the-rules/core-rules/#Devastating-Wounds"">devastating wounds</a>, <a href=""/wh40k10ed/the-rules/core-rules/#Torrent"">torrent</a>",18,Ranged,D6,N/A,2,0,1
468,Termagant devourer,,18,Ranged,2,4,4,0,1
468,Termagant spinefists,"<a href=""/wh40k10ed/the-rules/core-rules/#Assault"">assault</a>, <a href=""/wh40k10ed/the-rules/core-rules/#Pistol"">pistol</a>, <a href=""/wh40k10ed/the-rules/core-rules/#Twin-linked"">twin-linked</a>",12,Ranged,2,4,3,0,1
468,Chitinous claws and teeth,,Melee,Melee,1,4,3,0,1
469,Hormagaunt talons,,Melee,Melee,3,4,3,-1,1
470,Spinemaws,"<a href=""/wh40k10ed/the-rules/core-rules/#Pistol"">pistol</a>",6,Ranged,4,5,3,0,1
470,Chitinous claws and teeth,"<a href=""/wh40k10ed/the-rules/core-rules/#Sustained-Hits"">sustained hits 1</a>",Melee,Melee,6,5,2,0,1
471,"Bone cleaver, lash whip and rending claws",,Melee,Melee,3,3,5,-1,2
471,Crushing claws and rending claws,"<a href=""/wh40k10ed/the-rules/core-rules/#Twin-linked"">twin-linked</a>",Melee,Melee,2,4,8,-2,2
471,Scything talons and rending claws,,Melee,Melee,5,3,5,-1,1
472,Impaler cannon,"<a href=""/wh40k10ed/the-rules/core-rules/#Heavy"">heavy</a>, <a href=""/wh40k10ed/the-rules/core-rules/#Indirect-Fire"">indirect fire</a>",36,Ranged,4,4,5,-1,1
472,Shockcannon,"<a href=""/wh40k10ed/the-rules/core-rules/#Anti"">anti-vehicle 2+</a>",24,Ranged,2,3,7,-1,3
472,Chitinous claws and teeth,,Melee,Melee,3,4,5,0,1
473,Lictor claws and talons,"<a href=""/wh40k10ed/the-rules/core-rules/#Precision"">precision</a>",Melee,Melee,6,2,7,-2,2
474,Psychic overload,"<a href=""/wh40k10ed/the-rules/core-rules/#Blast"">blast</a>, <a href=""/wh40k10ed/the-rules/core-rules/#Psychic-Weapons-and-Abilities"">psychic</a>",18,Ranged,D6+3,3,10,-2,3
474,Massive scything talons – strike,,Melee,Melee,3,3,9,-2,D6+1
474,Massive scything talons – sweep,,Melee,Melee,6,3,7,-1,2
475,Warp Blast – witchfire,"<a href=""/wh40k10ed/the-rules/core-rules/#Blast"">blast</a>, <a href=""/wh40k10ed/the-rules/core-rules/#Psychic-Weapons-and-Abilities"">psychic</a>",24,Ranged,D3,3,7,-2,D3
475,Warp Blast – focused witchfire,"<a href=""/wh40k10ed/the-rules/core-rules/#Lethal-Hits"">lethal hits</a>, <a href=""/wh40k10ed/the-rules/core-rules/#Psychic-Weapons-and-Abilities"">psychic</a>",24,Ranged,1,3,12,-3,D6+1
475,Chitinous claws and teeth,,Melee,Melee,2,5,3,0,1
476,Toxic lashes,"<a href=""/wh40k10ed/the-rules/core-rules/#Anti"">anti-infantry 2+</a>",Melee,Melee,5,3,3,0,1
477,Flamespurt,"<a href=""/wh40k10ed/the-rules/core-rules/#Ignores-Cover"">ignores cover</a>, <a href=""/wh40k10ed/the-rules/core-rules/#Torrent"">torrent</a>, <a href=""/wh40k10ed/the-rules/core-rules/#Twin-linked"">twin-linked</a>",12,Ranged,D6+1,N/A,6,-1,1
477,Chitin-barbed limbs,,Melee,Melee,2,4,5,0,1
478,Grasping tongue,"<a href=""/wh40k10ed/the-rules/core-rules/#Precision"">precision</a>",12,Ranged,1,3,6,-2,D6+1
478,Ravenous maw,,Melee,Melee,14,3,7,-1,2
478,Shovelling claws,"<a href=""/wh40k10ed/the-rules/core-rules/#Extra-Attacks"">extra attacks</a>",Melee,Melee,4,3,14,-2,D6+1
479,Lictor claws and talons,"<a href=""/wh40k10ed/the-rules/core-rules/#Precision"">precision</a>",Melee,Melee,6,2,7,-2,2
482,Ravener claws and talons,"<a href=""/wh40k10ed/the-rules/core-rules/#Twin-linked"">twin-linked</a>",Melee,Melee,3,3,5,-2,2
483,Spinemaws,"<a href=""/wh40k10ed/the-rules/core-rules/#Pistol"">pistol</a>",6,Ranged,4,5,3,0,1
483,Claws and teeth,"<a href=""/wh40k10ed/the-rules/core-rules/#Sustained-Hits"">sustained hits 1</a>",Melee,Melee,6,5,2,0,1
484,Fleshborer,"<a href=""/wh40k10ed/the-rules/core-rules/#Assault"">assault</a>",18,Ranged,1,4,5,0,1
484,Blinding venom,,Melee,Melee,1,4,3,0,1
485,Stinger salvoes,,24,Ranged,8,3,5,0,1
485,Twin heavy venom cannon,"<a href=""/wh40k10ed/the-rules/core-rules/#Blast"">blast</a>, <a href=""/wh40k10ed/the-rules/core-rules/#Twin-linked"">twin-linked</a>",36,Ranged,D3,3,9,-2,3
485,Twin stranglethorn cannon,"<a href=""/wh40k10ed/the-rules/core-rules/#Blast"">blast</a>, <a href=""/wh40k10ed/the-rules/core-rules/#Twin-linked"">twin-linked</a>",36,Ranged,D6+1,2,7,-1,2
485,Scything wings,,Melee,Melee,4,4,7,-1,2
486,Drool cannon,"<a href=""/wh40k10ed/the-rules/core-rules/#Torrent"">torrent</a>",12,Ranged,2D6,N/A,6,-1,1
486,Stinger salvoes,,24,Ranged,8,3,5,0,1
486,Tentaclids,"<a href=""/wh40k10ed/the-rules/core-rules/#Anti"">anti-vehicle 4+</a>, <a href=""/wh40k10ed/the-rules/core-rules/#Devastating-Wounds"">devastating wounds</a>",36,Ranged,4,3,7,0,2
486,Scything wings,,Melee,Melee,4,4,7,-1,2
486,Thorax spur,"<a href=""/wh40k10ed/the-rules/core-rules/#Anti"">anti-fly 2+</a>, <a href=""/wh40k10ed/the-rules/core-rules/#Extra-Attacks"">extra attacks</a>",Melee,Melee,1,3,10,-3,D6
489,Tyrannocyte bio-weapons,,24,Ranged,5,4,5,-1,2
489,Flensing whips,,Melee,Melee,6,4,7,-1,2
490,Bio-plasma,"<a href=""/wh40k10ed/the-rules/core-rules/#Assault"">assault</a>, <a href=""/wh40k10ed/the-rules/core-rules/#Blast"">blast</a>",12,Ranged,D3,4,7,-2,1
490,Deathspitters with slimer maggots,,24,Ranged,6,4,7,-2,1
490,Devourers with brainleech worms,,18,Ranged,12,4,6,0,1
490,Heavy venom cannon,"<a href=""/wh40k10ed/the-rules/core-rules/#Blast"">blast</a>",36,Ranged,D3,4,9,-2,3
490,Spine banks,"<a href=""/wh40k10ed/the-rules/core-rules/#Assault"">assault</a>",6,Ranged,5,4,5,0,1
490,Stranglethorn cannon,"<a href=""/wh40k10ed/the-rules/core-rules/#Blast"">blast</a>",36,Ranged,D6+1,4,7,-1,2
490,Carnifex crushing claws,,Melee,Melee,4,4,12,-3,D6+1
490,Carnifex extra scything talons,"<a href=""/wh40k10ed/the-rules/core-rules/#Extra-Attacks"">extra attacks</a>",Melee,Melee,2,4,9,-2,3
490,Carnifex scything talons,,Melee,Melee,6,4,9,-2,3
490,Chitinous claws and teeth,,Melee,Melee,4,4,6,0,1
491,Spore Mine launcher,"<a href=""/wh40k10ed/the-rules/core-rules/#Blast"">blast</a>, <a href=""/wh40k10ed/the-rules/core-rules/#Devastating-Wounds"">devastating wounds</a>, <a href=""/wh40k10ed/the-rules/core-rules/#Heavy"">heavy</a>, <a href=""/wh40k10ed/the-rules/core-rules/#Indirect-Fire"">indirect fire</a>",48,Ranged,D3,4,6,-1,2
491,Chitin-barbed limbs,,Melee,Melee,2,4,5,0,1
493,Bio-electric pulse,"<a href=""/wh40k10ed/the-rules/core-rules/#Sustained-Hits"">sustained hits 2</a>",12,Ranged,6,3,5,0,1
493,Trygon scything talons,,Melee,Melee,12,3,9,-2,3
494,Distensible jaw,"<a href=""/wh40k10ed/the-rules/core-rules/#Anti"">anti-infantry 4+</a>, <a href=""/wh40k10ed/the-rules/core-rules/#Devastating-Wounds"">devastating wounds</a>, <a href=""/wh40k10ed/the-rules/core-rules/#Extra-Attacks"">extra attacks</a>",Melee,Melee,1,3,5,0,3
494,Mawloc scything talons,,Melee,Melee,16,3,8,-2,1
495,Bio-plasmic cannon,"<a href=""/wh40k10ed/the-rules/core-rules/#Blast"">blast</a>, <a href=""/wh40k10ed/the-rules/core-rules/#Heavy"">heavy</a>",36,Ranged,D6+3,3,9,-3,3
495,Powerful limbs,,Melee,Melee,3,3,7,0,2
496,Acid spray,"<a href=""/wh40k10ed/the-rules/core-rules/#Torrent"">torrent</a>",18,Ranged,D6+6,N/A,6,-2,2
496,Fleshborer hive,"<a href=""/wh40k10ed/the-rules/core-rules/#Heavy"">heavy</a>, <a href=""/wh40k10ed/the-rules/core-rules/#Sustained-Hits"">sustained hits 1</a>, <a href=""/wh40k10ed/the-rules/core-rules/#Twin-linked"">twin-linked</a>",24,Ranged,20,3,5,0,1
496,Rupture cannon,"<a href=""/wh40k10ed/the-rules/core-rules/#Heavy"">heavy</a>",48,Ranged,2,3,18,-4,D6+6
496,Stinger salvoes,,24,Ranged,8,3,5,0,1
496,Powerful limbs,,Melee,Melee,4,3,8,0,2
497,Massive toxic lashes,"<a href=""/wh40k10ed/the-rules/core-rules/#Anti"">anti-infantry 2+</a>",9,Ranged,2D6,3,6,-1,2
497,Massive toxic lashes,"<a href=""/wh40k10ed/the-rules/core-rules/#Anti"">anti-infantry 2+</a>",Melee,Melee,12,3,6,-1,2
498,Sporocyst bio-weapons,,24,Ranged,10,4,5,-1,2
498,Flensing whips,,Melee,Melee,6,4,7,-1,2
499,Grasping tail,,Melee,Melee,4,4,5,0,2
500,Massive scything sickle-talons,"<a href=""/wh40k10ed/the-rules/core-rules/#Twin-linked"">twin-linked</a>",Melee,Melee,10,3,9,-2,3
503,Bio-cannon,"<a href=""/wh40k10ed/the-rules/core-rules/#Blast"">blast</a>",48,Ranged,D6+3,3,9,-2,2
503,Hierodule scything talons,,Melee,Melee,8,3,14,-2,D3+3
504,Dire bio-cannon,"<a href=""/wh40k10ed/the-rules/core-rules/#Blast"">blast</a>",48,Ranged,D6+6,3,10,-3,3
504,Gargantuan scything talons,,Melee,Melee,6,3,14,-2,D6
505,Bio-plasma torrent,"<a href=""/wh40k10ed/the-rules/core-rules/#Assault"">assault</a>, <a href=""/wh40k10ed/the-rules/core-rules/#Torrent"">torrent</a>",12,Ranged,3D6,N/A,7,-2,1
505,Dire bio-cannon,"<a href=""/wh40k10ed/the-rules/core-rules/#Blast"">blast</a>",48,Ranged,D6+6,3,10,-3,3
505,Lashwhip pods,"<a href=""/wh40k10ed/the-rules/core-rules/#Extra-Attacks"">extra attacks</a>",Melee,Melee,10,3,5,-1,1
505,Titanic scything talons,,Melee,Melee,8,3,20,-2,D6+1
506,Bio-acid spray,"<a href=""/wh40k10ed/the-rules/core-rules/#Torrent"">torrent</a>",18,Ranged,3D6,N/A,6,-2,1
506,Hierodule scything talons,,Melee,Melee,10,3,14,-2,D3+3
507,Patriarch’s claws,"<a href=""/wh40k10ed/the-rules/core-rules/#Devastating-Wounds"">devastating wounds</a>, <a href=""/wh40k10ed/the-rules/core-rules/#Twin-linked"">twin-linked</a>",Melee,Melee,5,2,6,-2,2
508,Autopistol,"<a href=""/wh40k10ed/the-rules/core-rules/#Pistol"">pistol</a>",12,Ranged,1,3,3,0,1
508,Magus stave,"<a href=""/wh40k10ed/the-rules/core-rules/#Psychic-Weapons-and-Abilities"">psychic</a>",Melee,Melee,3,3,5,-1,D3
509,Scoped needle pistol,"<a href=""/wh40k10ed/the-rules/core-rules/#Anti"">anti-infantry 2+</a>, <a href=""/wh40k10ed/the-rules/core-rules/#Ignores-Cover"">ignores cover</a>, <a href=""/wh40k10ed/the-rules/core-rules/#Pistol"">pistol</a>",18,Ranged,1,2,1,0,D3
509,Cult bonesword,,Melee,Melee,5,2,5,-2,1
509,Toxin injector claw,"<a href=""/wh40k10ed/the-rules/core-rules/#Anti"">anti-infantry 2+</a>, <a href=""/wh40k10ed/the-rules/core-rules/#Extra-Attacks"">extra attacks</a>",Melee,Melee,2,2,2,0,D3
510,Autopistol,"<a href=""/wh40k10ed/the-rules/core-rules/#Pistol"">pistol</a>",12,Ranged,1,3,3,0,1
510,Cult claws,,Melee,Melee,4,3,4,-1,1
511,Autopistol,"<a href=""/wh40k10ed/the-rules/core-rules/#Pistol"">pistol</a>",12,Ranged,1,4,3,0,1
511,Cult claws and knife,,Melee,Melee,3,3,4,-1,1
511,Heavy mining tool,"<a href=""/wh40k10ed/the-rules/core-rules/#Anti"">anti-vehicle 4+</a>",Melee,Melee,2,3,5,-2,3
511,Leader’s bio-weapons,,Melee,Melee,5,3,5,-2,1
512,Anointed pistol,"<a href=""/wh40k10ed/the-rules/core-rules/#Pistol"">pistol</a>",12,Ranged,1,4,4,0,1
512,Autopistol,"<a href=""/wh40k10ed/the-rules/core-rules/#Pistol"">pistol</a>",12,Ranged,1,4,3,0,1
512,Hybrid firearm,"<a href=""/wh40k10ed/the-rules/core-rules/#Rapid-Fire"">rapid fire 1</a>",24,Ranged,1,4,3,0,1
512,Flamer,"<a href=""/wh40k10ed/the-rules/core-rules/#Ignores-Cover"">ignores cover</a>, <a href=""/wh40k10ed/the-rules/core-rules/#Torrent"">torrent</a>",12,Ranged,D6,N/A,4,0,1
512,Grenade launcher – frag,"<a href=""/wh40k10ed/the-rules/core-rules/#Blast"">blast</a>",24,Ranged,D3,4,4,0,1
512,Grenade launcher – krak,,24,Ranged,1,4,9,-2,D3
512,Heavy stubber,"<a href=""/wh40k10ed/the-rules/core-rules/#Rapid-Fire"">rapid fire 3</a>",36,Ranged,3,4,4,0,1
512,Mining laser,"<a href=""/wh40k10ed/the-rules/core-rules/#Heavy"">heavy</a>",24,Ranged,1,5,10,-3,D6+1
512,Seismic cannon,"<a href=""/wh40k10ed/the-rules/core-rules/#Heavy"">heavy</a>, <a href=""/wh40k10ed/the-rules/core-rules/#Rapid-Fire"">rapid fire 2</a>",24,Ranged,2,5,6,-1,D3
512,Webber,"<a href=""/wh40k10ed/the-rules/core-rules/#Devastating-Wounds"">devastating wounds</a>, <a href=""/wh40k10ed/the-rules/core-rules/#Torrent"">torrent</a>",12,Ranged,D6,N/A,2,0,1
512,Chainsword,,Melee,Melee,2,4,3,0,1
512,Power weapon,,Melee,Melee,1,4,4,-2,1
512,Close combat weapon,,Melee,Melee,1,4,3,0,1
513,Autopistol,"<a href=""/wh40k10ed/the-rules/core-rules/#Pistol"">pistol</a>",12,Ranged,1,4,3,0,1
513,Hand flamer,"<a href=""/wh40k10ed/the-rules/core-rules/#Ignores-Cover"">ignores cover</a>, <a href=""/wh40k10ed/the-rules/core-rules/#Pistol"">pistol</a>, <a href=""/wh40k10ed/the-rules/core-rules/#Torrent"">torrent</a>",12,Ranged,D6,N/A,3,0,1
513,Leader’s bio-weapons,,Melee,Melee,5,3,5,-1,2
513,Metamorph mutations – strike,,Melee,Melee,3,3,5,-1,2
513,Metamorph mutations – sweep,,Melee,Melee,5,3,4,-1,1
514,Aberrant weapons,,Melee,Melee,3,3,7,-2,2
515,Cult claws and talons,,Melee,Melee,4,2,4,-2,1
516,Demolition charge cache,"<a href=""/wh40k10ed/the-rules/core-rules/#Assault"">assault</a>, <a href=""/wh40k10ed/the-rules/core-rules/#Blast"">blast</a>, <a href=""/wh40k10ed/the-rules/core-rules/#Hazardous"">hazardous</a>",8,Ranged,D6,5,9,-2,2
516,Heavy stubber,"<a href=""/wh40k10ed/the-rules/core-rules/#Rapid-Fire"">rapid fire 3</a>",36,Ranged,3,4,4,0,1
516,Twin autocannon,"<a href=""/wh40k10ed/the-rules/core-rules/#Twin-linked"">twin-linked</a>",48,Ranged,2,4,9,-1,3
516,Armoured hull,,Melee,Melee,3,4,6,0,1
521,Clearance incinerator,"<a href=""/wh40k10ed/the-rules/core-rules/#Ignores-Cover"">ignores cover</a>, <a href=""/wh40k10ed/the-rules/core-rules/#Torrent"">torrent</a>",12,Ranged,2D6,N/A,6,-1,1
521,Demolition charge cache,"<a href=""/wh40k10ed/the-rules/core-rules/#Assault"">assault</a>, <a href=""/wh40k10ed/the-rules/core-rules/#Blast"">blast</a>, <a href=""/wh40k10ed/the-rules/core-rules/#Hazardous"">hazardous</a>",8,Ranged,D6,5,9,-2,2
521,Heavy mining laser,"<a href=""/wh40k10ed/the-rules/core-rules/#Blast"">blast</a>",36,Ranged,D3,4,12,-3,D6+1
521,Heavy seismic cannon,"<a href=""/wh40k10ed/the-rules/core-rules/#Rapid-Fire"">rapid fire 2</a>",24,Ranged,4,4,8,-2,D3
521,Heavy stubber,"<a href=""/wh40k10ed/the-rules/core-rules/#Rapid-Fire"">rapid fire 3</a>",36,Ranged,3,4,4,0,1
521,Drilldozer blade,,Melee,Melee,8,3,10,-2,2
522,Gauntlet of Fire,"<a href=""/wh40k10ed/the-rules/core-rules/#Ignores-Cover"">ignores cover</a>, <a href=""/wh40k10ed/the-rules/core-rules/#Torrent"">torrent</a>",12,Ranged,D6,N/A,5,-1,1
522,Staff of the Destroyer,,18,Ranged,3,2,6,-3,2
522,Staff of the Destroyer,"<a href=""/wh40k10ed/the-rules/core-rules/#Devastating-Wounds"">devastating wounds</a>",Melee,Melee,4,2,6,-3,2
523,Staff of light,,18,Ranged,3,2,5,-2,1
523,Tachyon arrow,one shot,72,Ranged,1,2,16,-5,D6+2
523,Overlord’s blade,"<a href=""/wh40k10ed/the-rules/core-rules/#Devastating-Wounds"">devastating wounds</a>",Melee,Melee,4,2,8,-3,2
523,Staff of light,,Melee,Melee,4,2,5,-2,1
523,Voidscythe,"<a href=""/wh40k10ed/the-rules/core-rules/#Devastating-Wounds"">devastating wounds</a>",Melee,Melee,3,3,12,-3,3
524,Staff of light,,18,Ranged,3,3,5,-2,1
524,Staff of light,,Melee,Melee,3,3,5,-2,1
524,Lord’s blade,"<a href=""/wh40k10ed/the-rules/core-rules/#Devastating-Wounds"">devastating wounds</a>",Melee,Melee,3,3,8,-3,2
527,Staff of light,,18,Ranged,3,3,5,-2,1
527,Staff of light,,Melee,Melee,4,3,5,-2,1
528,Warscythe,"<a href=""/wh40k10ed/the-rules/core-rules/#Devastating-Wounds"">devastating wounds</a>, <a href=""/wh40k10ed/the-rules/core-rules/#Precision"">precision</a>",Melee,Melee,4,2,8,-3,2
530,Staff of Tomorrow,"<a href=""/wh40k10ed/the-rules/core-rules/#Devastating-Wounds"">devastating wounds</a>",Melee,Melee,2,3,4,-3,D3
531,Tachyon arrow,one shot,72,Ranged,1,2,16,-5,D6+2
531,Warscythe,"<a href=""/wh40k10ed/the-rules/core-rules/#Devastating-Wounds"">devastating wounds</a>",Melee,Melee,4,2,8,-3,2
532,Empathic Obliterator,"<a href=""/wh40k10ed/the-rules/core-rules/#Sustained-Hits"">sustained hits d3</a>",Melee,Melee,4,2,7,0,D3
533,Gauss cannon,"<a href=""/wh40k10ed/the-rules/core-rules/#Lethal-Hits"">lethal hits</a>",24,Ranged,3,3,5,-2,2
533,Staff of light,,18,Ranged,3,2,5,-2,1
533,Tesla cannon,"<a href=""/wh40k10ed/the-rules/core-rules/#Sustained-Hits"">sustained hits 2</a>",24,Ranged,4,3,6,0,1
533,Overlord’s blade,"<a href=""/wh40k10ed/the-rules/core-rules/#Devastating-Wounds"">devastating wounds</a>",Melee,Melee,4,2,8,-3,2
533,Staff of light,,Melee,Melee,4,3,5,-2,1
534,Gauss flayer,"<a href=""/wh40k10ed/the-rules/core-rules/#Lethal-Hits"">lethal hits</a>, <a href=""/wh40k10ed/the-rules/core-rules/#Rapid-Fire"">rapid fire 1</a>",24,Ranged,1,4,4,0,1
534,Gauss reaper,"<a href=""/wh40k10ed/the-rules/core-rules/#Lethal-Hits"">lethal hits</a>",12,Ranged,2,4,4,-1,1
534,Close combat weapon,,Melee,Melee,1,4,4,0,1
535,Gauss blaster,"<a href=""/wh40k10ed/the-rules/core-rules/#Lethal-Hits"">lethal hits</a>",24,Ranged,2,3,5,-1,1
535,Tesla carbine,"<a href=""/wh40k10ed/the-rules/core-rules/#Assault"">assault</a>, <a href=""/wh40k10ed/the-rules/core-rules/#Sustained-Hits"">sustained hits 2</a>",24,Ranged,2,3,5,0,1
535,Close combat weapon,,Melee,Melee,2,3,4,0,1
536,Hyperphase sword,,Melee,Melee,3,3,6,-2,1
536,Warscythe,"<a href=""/wh40k10ed/the-rules/core-rules/#Devastating-Wounds"">devastating wounds</a>",Melee,Melee,2,3,8,-3,2
537,Synaptic disintegrator,"<a href=""/wh40k10ed/the-rules/core-rules/#Heavy"">heavy</a>, <a href=""/wh40k10ed/the-rules/core-rules/#Precision"">precision</a>",36,Ranged,1,3,5,-2,2
537,Close combat weapon,,Melee,Melee,2,3,4,0,1
538,Flayer claws,"<a href=""/wh40k10ed/the-rules/core-rules/#Sustained-Hits"">sustained hits 1</a>, <a href=""/wh40k10ed/the-rules/core-rules/#Twin-linked"">twin-linked</a>",Melee,Melee,4,3,4,-1,1
539,Particle caster,"<a href=""/wh40k10ed/the-rules/core-rules/#Devastating-Wounds"">devastating wounds</a>, <a href=""/wh40k10ed/the-rules/core-rules/#Pistol"">pistol</a>",12,Ranged,3,3,5,0,1
539,Rod of covenant,,12,Ranged,1,3,5,-2,2
539,Rod of covenant,,Melee,Melee,3,3,5,-2,2
539,Voidblade,,Melee,Melee,4,3,5,-2,1
540,Heat ray – dispersed,"<a href=""/wh40k10ed/the-rules/core-rules/#Ignores-Cover"">ignores cover</a>, <a href=""/wh40k10ed/the-rules/core-rules/#Torrent"">torrent</a>",12,Ranged,2D6,N/A,5,-1,1
540,Heat ray – focused,"<a href=""/wh40k10ed/the-rules/core-rules/#Melta"">melta 4</a>",18,Ranged,2,3,9,-4,D6
540,Particle shredder,"<a href=""/wh40k10ed/the-rules/core-rules/#Blast"">blast</a>, <a href=""/wh40k10ed/the-rules/core-rules/#Devastating-Wounds"">devastating wounds</a>",18,Ranged,D6+6,2,7,0,1
540,Heavy gauss cannon array,"<a href=""/wh40k10ed/the-rules/core-rules/#Lethal-Hits"">lethal hits</a>",24,Ranged,6,3,8,-2,2
540,Stalker’s forelimbs,,Melee,Melee,4,3,7,-1,3
541,Gaze of death,,18,Ranged,D3,2,12,-2,D6+3
541,Scythe of the Nightbringer – strike,"<a href=""/wh40k10ed/the-rules/core-rules/#Devastating-Wounds"">devastating wounds</a>",Melee,Melee,6,2,14,-4,D6+2
541,Scythe of the Nightbringer – sweep,,Melee,Melee,14,2,8,-2,2
542,Cosmic insanity,"<a href=""/wh40k10ed/the-rules/core-rules/#Anti"">anti-character 4+</a>, <a href=""/wh40k10ed/the-rules/core-rules/#Devastating-Wounds"">devastating wounds</a>, <a href=""/wh40k10ed/the-rules/core-rules/#Precision"">precision</a>",18,Ranged,6,2,6,-2,1
542,Golden fists,,Melee,Melee,8,2,8,-3,3
543,Gauss flayer array,"<a href=""/wh40k10ed/the-rules/core-rules/#Lethal-Hits"">lethal hits</a>, <a href=""/wh40k10ed/the-rules/core-rules/#Rapid-Fire"">rapid fire 5</a>",24,Ranged,5,3,4,0,1
543,Armoured bulk,,Melee,Melee,3,4,6,0,1
544,Twin tesla destructor,"<a href=""/wh40k10ed/the-rules/core-rules/#Sustained-Hits"">sustained hits 2</a>, <a href=""/wh40k10ed/the-rules/core-rules/#Twin-linked"">twin-linked</a>",36,Ranged,6,3,8,0,2
544,Armoured bulk,,Melee,Melee,3,4,6,0,1
545,Heavy death ray,"<a href=""/wh40k10ed/the-rules/core-rules/#Sustained-Hits"">sustained hits d3</a>",36,Ranged,3,3,16,-4,D6+1
545,Twin tesla destructor,"<a href=""/wh40k10ed/the-rules/core-rules/#Sustained-Hits"">sustained hits 2</a>, <a href=""/wh40k10ed/the-rules/core-rules/#Twin-linked"">twin-linked</a>",36,Ranged,6,3,8,0,2
545,Armoured bulk,,Melee,Melee,3,4,6,0,1
546,Particle caster,"<a href=""/wh40k10ed/the-rules/core-rules/#Devastating-Wounds"">devastating wounds</a>, <a href=""/wh40k10ed/the-rules/core-rules/#Pistol"">pistol</a>",12,Ranged,3,4,5,0,1
546,Transdimensional beamer,,12,Ranged,1,4,4,-2,3
546,Vicious claws,,Melee,Melee,4,4,6,-1,2
546,Whip coils,,Melee,Melee,8,4,5,0,1
548,Particle beamer,"<a href=""/wh40k10ed/the-rules/core-rules/#Blast"">blast</a>, <a href=""/wh40k10ed/the-rules/core-rules/#Devastating-Wounds"">devastating wounds</a>",18,Ranged,D6,3,5,0,1
548,Twin gauss blaster,"<a href=""/wh40k10ed/the-rules/core-rules/#Lethal-Hits"">lethal hits</a>, <a href=""/wh40k10ed/the-rules/core-rules/#Twin-linked"">twin-linked</a>",24,Ranged,2,3,5,-1,1
548,Twin tesla carbine,"<a href=""/wh40k10ed/the-rules/core-rules/#Assault"">assault</a>, <a href=""/wh40k10ed/the-rules/core-rules/#Sustained-Hits"">sustained hits 2</a>, <a href=""/wh40k10ed/the-rules/core-rules/#Twin-linked"">twin-linked</a>",24,Ranged,2,3,5,0,1
548,Close combat weapon,,Melee,Melee,1,4,4,0,1
551,Particle beamer,"<a href=""/wh40k10ed/the-rules/core-rules/#Blast"">blast</a>, <a href=""/wh40k10ed/the-rules/core-rules/#Devastating-Wounds"">devastating wounds</a>",18,Ranged,D6,3,6,0,1
551,Automaton claws,,Melee,Melee,5,4,8,-2,2
552,Death ray,"<a href=""/wh40k10ed/the-rules/core-rules/#Sustained-Hits"">sustained hits d3</a>",24,Ranged,1,3,12,-4,D6+1
552,Gauss flux arc,"<a href=""/wh40k10ed/the-rules/core-rules/#Lethal-Hits"">lethal hits</a>, <a href=""/wh40k10ed/the-rules/core-rules/#Rapid-Fire"">rapid fire 3</a>",24,Ranged,3,3,6,-1,1
552,Particle whip,"<a href=""/wh40k10ed/the-rules/core-rules/#Blast"">blast</a>, <a href=""/wh40k10ed/the-rules/core-rules/#Devastating-Wounds"">devastating wounds</a>",24,Ranged,3D6,3,8,-1,2
552,Portal of exile,,Melee,Melee,6,2,8,-2,3
553,Gauss cannon,"<a href=""/wh40k10ed/the-rules/core-rules/#Lethal-Hits"">lethal hits</a>",24,Ranged,3,3,5,-2,2
553,Tesla cannon,"<a href=""/wh40k10ed/the-rules/core-rules/#Sustained-Hits"">sustained hits 2</a>",24,Ranged,4,3,6,0,1
553,Twin tesla destructor,"<a href=""/wh40k10ed/the-rules/core-rules/#Sustained-Hits"">sustained hits 2</a>, <a href=""/wh40k10ed/the-rules/core-rules/#Twin-linked"">twin-linked</a>",36,Ranged,6,3,8,0,2
553,Armoured bulk,,Melee,Melee,3,4,6,0,1
554,Doomsday cannon,"<a href=""/wh40k10ed/the-rules/core-rules/#Blast"">blast</a>, <a href=""/wh40k10ed/the-rules/core-rules/#Heavy"">heavy</a>",72,Ranged,D6+1,3,18,-4,4
554,Gauss flayer array,"<a href=""/wh40k10ed/the-rules/core-rules/#Lethal-Hits"">lethal hits</a>, <a href=""/wh40k10ed/the-rules/core-rules/#Rapid-Fire"">rapid fire 5</a>",24,Ranged,5,3,4,0,1
554,Armoured bulk,,Melee,Melee,3,4,6,0,1
555,Seismic assault,"<a href=""/wh40k10ed/the-rules/core-rules/#Assault"">assault</a>, <a href=""/wh40k10ed/the-rules/core-rules/#Sustained-Hits"">sustained hits 1</a>",12,Ranged,6,2,8,-2,D3
555,Crackling tendrils,"<a href=""/wh40k10ed/the-rules/core-rules/#Sustained-Hits"">sustained hits 1</a>",Melee,Melee,8,2,9,-3,D6
556,Tesla spheres,"<a href=""/wh40k10ed/the-rules/core-rules/#Sustained-Hits"">sustained hits 2</a>",24,Ranged,6,3,7,0,1
556,Antimatter Meteor,"<a href=""/wh40k10ed/the-rules/core-rules/#Blast"">blast</a>, <a href=""/wh40k10ed/the-rules/core-rules/#Devastating-Wounds"">devastating wounds</a>, <a href=""/wh40k10ed/the-rules/core-rules/#Indirect-Fire"">indirect fire</a>, c'tan power",24,Ranged,D6+3,3,10,-3,3
556,Cosmic Fire,"<a href=""/wh40k10ed/the-rules/core-rules/#Ignores-Cover"">ignores cover</a>, <a href=""/wh40k10ed/the-rules/core-rules/#Devastating-Wounds"">devastating wounds</a>, <a href=""/wh40k10ed/the-rules/core-rules/#Torrent"">torrent</a>, c'tan power",18,Ranged,3D6,N/A,6,-2,1
556,Time’s Arrow,"<a href=""/wh40k10ed/the-rules/core-rules/#Anti"">anti-character 4+</a>, <a href=""/wh40k10ed/the-rules/core-rules/#Devastating-Wounds"">devastating wounds</a>, <a href=""/wh40k10ed/the-rules/core-rules/#Precision"">precision</a>, c'tan power",24,Ranged,1,2,3,-2,6
556,Armoured bulk,,Melee,Melee,6,4,8,0,1
557,Tesla sphere,"<a href=""/wh40k10ed/the-rules/core-rules/#Anti"">anti-fly 4+</a>, <a href=""/wh40k10ed/the-rules/core-rules/#Sustained-Hits"">sustained hits 2</a>",24,Ranged,6,3,7,0,1
557,Armoured bulk,,Melee,Melee,6,4,8,0,1
558,Gauss slicers,"<a href=""/wh40k10ed/the-rules/core-rules/#Lethal-Hits"">lethal hits</a>",24,Ranged,8,4,5,-1,1
558,Tomb Stalker claws,"<a href=""/wh40k10ed/the-rules/core-rules/#Sustained-Hits"">sustained hits 1</a>",Melee,Melee,6,4,6,-1,2
559,Cutting beam,"<a href=""/wh40k10ed/the-rules/core-rules/#Melta"">melta 2</a>",12,Ranged,1,4,9,-4,D6
559,Voidblade,,Melee,Melee,3,4,5,-2,1
560,Exile cannon,"<a href=""/wh40k10ed/the-rules/core-rules/#Blast"">blast</a>",18,Ranged,D6+1,4,10,-2,2
560,Tomb Sentinel claws,,Melee,Melee,6,4,6,0,1
561,Twin tesla destructor,"<a href=""/wh40k10ed/the-rules/core-rules/#Sustained-Hits"">sustained hits 2</a>, <a href=""/wh40k10ed/the-rules/core-rules/#Twin-linked"">twin-linked</a>",36,Ranged,6,3,8,0,2
561,Armoured bulk,,Melee,Melee,3,4,6,0,1
562,Focused death ray,"<a href=""/wh40k10ed/the-rules/core-rules/#Sustained-Hits"">sustained hits 2</a>",36,Ranged,6,4,8,-2,2
562,Gauss exterminator,"<a href=""/wh40k10ed/the-rules/core-rules/#Lethal-Hits"">lethal hits</a>",48,Ranged,1,4,14,-3,6
562,Heat cannon,"<a href=""/wh40k10ed/the-rules/core-rules/#Melta"">melta 4</a>",36,Ranged,2,4,9,-4,D6
564,Gauss cannon,"<a href=""/wh40k10ed/the-rules/core-rules/#Lethal-Hits"">lethal hits</a>",24,Ranged,3,3,5,-2,2
564,Particle beamer,"<a href=""/wh40k10ed/the-rules/core-rules/#Blast"">blast</a>, <a href=""/wh40k10ed/the-rules/core-rules/#Devastating-Wounds"">devastating wounds</a>",18,Ranged,D6,3,6,0,1
564,Tesla cannon,"<a href=""/wh40k10ed/the-rules/core-rules/#Sustained-Hits"">sustained hits 2</a>",24,Ranged,4,3,6,0,1
564,Tesseract singularity chamber – particle hurricane,"<a href=""/wh40k10ed/the-rules/core-rules/#Ignores-Cover"">ignores cover</a>, <a href=""/wh40k10ed/the-rules/core-rules/#Torrent"">torrent</a>",12,Ranged,D6+3,N/A,6,-1,2
564,Tesseract singularity chamber – seismic lash,"<a href=""/wh40k10ed/the-rules/core-rules/#Blast"">blast</a>",36,Ranged,D3,3,9,-3,D6+1
564,Armoured bulk,,Melee,Melee,3,4,6,0,1
567,Gauss annihilator,"<a href=""/wh40k10ed/the-rules/core-rules/#Anti"">anti-fly 2+</a>, <a href=""/wh40k10ed/the-rules/core-rules/#Lethal-Hits"">lethal hits</a>",120,Ranged,1,4,16,-4,D6+6
567,Tesla arc,"<a href=""/wh40k10ed/the-rules/core-rules/#Sustained-Hits"">sustained hits 2</a>",6,Ranged,6,4,4,0,1
568,Mind War,"<a href=""/wh40k10ed/the-rules/core-rules/#Anti"">anti-character 4+</a>, <a href=""/wh40k10ed/the-rules/core-rules/#Precision"">precision</a>, <a href=""/wh40k10ed/the-rules/core-rules/#Psychic-Weapons-and-Abilities"">psychic</a>",18,Ranged,1,2,5,-2,D6
568,Shuriken pistol,"<a href=""/wh40k10ed/the-rules/core-rules/#Assault"">assault</a>, <a href=""/wh40k10ed/the-rules/core-rules/#Pistol"">pistol</a>",12,Ranged,1,2,4,-1,1
568,Staff of Ulthamar and witchblade,"<a href=""/wh40k10ed/the-rules/core-rules/#Anti"">anti-infantry 2+</a>, <a href=""/wh40k10ed/the-rules/core-rules/#Psychic-Weapons-and-Abilities"">psychic</a>",Melee,Melee,3,2,5,-1,2
569,The Eye of Wrath,"<a href=""/wh40k10ed/the-rules/core-rules/#Assault"">assault</a>",6,Ranged,1,2,6,-3,2
569,The Spear of Twilight,,Melee,Melee,5,2,6,-3,3
570,Shuriken pistol,"<a href=""/wh40k10ed/the-rules/core-rules/#Assault"">assault</a>, <a href=""/wh40k10ed/the-rules/core-rules/#Pistol"">pistol</a>",12,Ranged,1,2,4,-1,1
570,Voidbringer,"<a href=""/wh40k10ed/the-rules/core-rules/#Devastating-Wounds"">devastating wounds</a>, <a href=""/wh40k10ed/the-rules/core-rules/#Heavy"">heavy</a>, <a href=""/wh40k10ed/the-rules/core-rules/#Precision"">precision</a>",48,Ranged,1,2,6,-3,3
570,Aeldari power sword,,Melee,Melee,4,2,4,-2,1
571,Bloody Twins,"<a href=""/wh40k10ed/the-rules/core-rules/#Assault"">assault</a>, <a href=""/wh40k10ed/the-rules/core-rules/#Pistol"">pistol</a>",24,Ranged,6,2,5,-1,2
571,Sword of Asur,"<a href=""/wh40k10ed/the-rules/core-rules/#Devastating-Wounds"">devastating wounds</a>",Melee,Melee,6,2,6,-3,3
572,Silent Death,"<a href=""/wh40k10ed/the-rules/core-rules/#Assault"">assault</a>",12,Ranged,6,2,6,-2,1
572,Blade of Destruction,"<a href=""/wh40k10ed/the-rules/core-rules/#Anti"">anti-infantry 3+</a>",Melee,Melee,8,2,6,-3,2
573,Arhra’s Bane,"<a href=""/wh40k10ed/the-rules/core-rules/#Assault"">assault</a>, <a href=""/wh40k10ed/the-rules/core-rules/#Pistol"">pistol</a>",12,Ranged,2,2,5,-1,2
573,Arhra’s Bane,"<a href=""/wh40k10ed/the-rules/core-rules/#Sustained-Hits"">sustained hits 1</a>",Melee,Melee,5,2,8,-3,2
573,Isirmathil,"<a href=""/wh40k10ed/the-rules/core-rules/#Sustained-Hits"">sustained hits 1</a>",Melee,Melee,8,2,6,-1,1
574,Searsong – beam,"<a href=""/wh40k10ed/the-rules/core-rules/#Assault"">assault</a>, <a href=""/wh40k10ed/the-rules/core-rules/#Melta"">melta 1</a>, <a href=""/wh40k10ed/the-rules/core-rules/#Sustained-Hits"">sustained hits 2</a>",12,Ranged,3,2,8,-3,2
574,Searsong – lance,"<a href=""/wh40k10ed/the-rules/core-rules/#Assault"">assault</a>, <a href=""/wh40k10ed/the-rules/core-rules/#Melta"">melta 6</a>",18,Ranged,1,2,14,-4,D6
574,Fire Axe,,Melee,Melee,6,2,5,-4,3
575,Fury of the Tempest,"<a href=""/wh40k10ed/the-rules/core-rules/#Assault"">assault</a>, <a href=""/wh40k10ed/the-rules/core-rules/#Lethal-Hits"">lethal hits</a>",24,Ranged,4,2,6,-1,2
575,Shining Blade,"<a href=""/wh40k10ed/the-rules/core-rules/#Sustained-Hits"">sustained hits 1</a>",Melee,Melee,6,2,5,-2,2
576,Maugetar,"<a href=""/wh40k10ed/the-rules/core-rules/#Devastating-Wounds"">devastating wounds</a>, <a href=""/wh40k10ed/the-rules/core-rules/#Ignores-Cover"">ignores cover</a>",36,Ranged,6,2,7,-2,2
576,Maugetar,,Melee,Melee,5,2,6,-2,2
577,Death spinner,"<a href=""/wh40k10ed/the-rules/core-rules/#Ignores-Cover"">ignores cover</a>, <a href=""/wh40k10ed/the-rules/core-rules/#Torrent"">torrent</a>",12,Ranged,D6,N/A,4,-1,1
577,Dragon fusion gun,"<a href=""/wh40k10ed/the-rules/core-rules/#Assault"">assault</a>, <a href=""/wh40k10ed/the-rules/core-rules/#Melta"">melta 3</a>",12,Ranged,1,2,9,-4,D6
577,Dragon fusion pistol,"<a href=""/wh40k10ed/the-rules/core-rules/#Assault"">assault</a>, <a href=""/wh40k10ed/the-rules/core-rules/#Melta"">melta 3</a>, <a href=""/wh40k10ed/the-rules/core-rules/#Pistol"">pistol</a>",6,Ranged,1,2,9,-4,D6
577,Reaper launcher – starshot,"<a href=""/wh40k10ed/the-rules/core-rules/#Heavy"">heavy</a>, <a href=""/wh40k10ed/the-rules/core-rules/#Ignores-Cover"">ignores cover</a>",48,Ranged,1,3,10,-2,3
577,Reaper launcher – starswarm,"<a href=""/wh40k10ed/the-rules/core-rules/#Heavy"">heavy</a>, <a href=""/wh40k10ed/the-rules/core-rules/#Ignores-Cover"">ignores cover</a>",48,Ranged,2,3,4,-2,1
577,Shuriken pistol,"<a href=""/wh40k10ed/the-rules/core-rules/#Assault"">assault</a>, <a href=""/wh40k10ed/the-rules/core-rules/#Pistol"">pistol</a>",12,Ranged,1,2,4,-1,1
577,Banshee blade,"<a href=""/wh40k10ed/the-rules/core-rules/#Anti"">anti-infantry 3+</a>",Melee,Melee,5,2,4,-2,2
577,Scorpion chainsword,"<a href=""/wh40k10ed/the-rules/core-rules/#Sustained-Hits"">sustained hits 1</a>",Melee,Melee,7,2,4,-1,1
577,Star glaive,,Melee,Melee,4,2,6,-3,3
580,Dragon fusion gun,"<a href=""/wh40k10ed/the-rules/core-rules/#Assault"">assault</a>, <a href=""/wh40k10ed/the-rules/core-rules/#Melta"">melta 3</a>",12,Ranged,1,2,9,-4,D6
580,Laser lance,"<a href=""/wh40k10ed/the-rules/core-rules/#Assault"">assault</a>",6,Ranged,1,2,6,-3,2
580,Twin shuriken catapult,"<a href=""/wh40k10ed/the-rules/core-rules/#Assault"">assault</a>, <a href=""/wh40k10ed/the-rules/core-rules/#Twin-linked"">twin-linked</a>",18,Ranged,2,2,4,-1,1
580,Laser lance,"<a href=""/wh40k10ed/the-rules/core-rules/#Lance"">lance</a>",Melee,Melee,4,2,4,-3,2
580,Banshee blade,,Melee,Melee,5,2,4,-3,1
580,Close combat weapon,,Melee,Melee,3,2,3,0,1
581,The Wailing Doom,"<a href=""/wh40k10ed/the-rules/core-rules/#Sustained-Hits"">sustained hits d3</a>",12,Ranged,1,2,16,-4,D6+2
581,The Wailing Doom – strike,,Melee,Melee,6,2,16,-4,D6+2
581,The Wailing Doom – sweep,,Melee,Melee,12,2,8,-2,2
582,Eldritch Storm,"<a href=""/wh40k10ed/the-rules/core-rules/#Blast"">blast</a>, <a href=""/wh40k10ed/the-rules/core-rules/#Psychic-Weapons-and-Abilities"">psychic</a>",24,Ranged,D6,3,6,-2,D3
582,Shuriken pistol,"<a href=""/wh40k10ed/the-rules/core-rules/#Assault"">assault</a>, <a href=""/wh40k10ed/the-rules/core-rules/#Pistol"">pistol</a>",12,Ranged,1,2,4,-1,1
582,Singing spear,"<a href=""/wh40k10ed/the-rules/core-rules/#Assault"">assault</a>, <a href=""/wh40k10ed/the-rules/core-rules/#Psychic-Weapons-and-Abilities"">psychic</a>",12,Ranged,1,2,9,0,3
582,Singing spear,"<a href=""/wh40k10ed/the-rules/core-rules/#Psychic-Weapons-and-Abilities"">psychic</a>",Melee,Melee,2,2,3,0,3
582,Witchblade,"<a href=""/wh40k10ed/the-rules/core-rules/#Anti"">anti-infantry 2+</a>, <a href=""/wh40k10ed/the-rules/core-rules/#Psychic-Weapons-and-Abilities"">psychic</a>",Melee,Melee,2,2,3,0,2
583,Eldritch Storm,"<a href=""/wh40k10ed/the-rules/core-rules/#Blast"">blast</a>, <a href=""/wh40k10ed/the-rules/core-rules/#Psychic-Weapons-and-Abilities"">psychic</a>",24,Ranged,D6,3,6,-2,D3
583,Shuriken pistol,"<a href=""/wh40k10ed/the-rules/core-rules/#Assault"">assault</a>, <a href=""/wh40k10ed/the-rules/core-rules/#Pistol"">pistol</a>",12,Ranged,1,3,4,-1,1
583,Singing spear,"<a href=""/wh40k10ed/the-rules/core-rules/#Assault"">assault</a>, <a href=""/wh40k10ed/the-rules/core-rules/#Psychic-Weapons-and-Abilities"">psychic</a>",12,Ranged,1,3,9,0,3
583,Twin shuriken catapult,"<a href=""/wh40k10ed/the-rules/core-rules/#Assault"">assault</a>, <a href=""/wh40k10ed/the-rules/core-rules/#Twin-linked"">twin-linked</a>",18,Ranged,2,3,4,-1,1
583,Singing spear,"<a href=""/wh40k10ed/the-rules/core-rules/#Psychic-Weapons-and-Abilities"">psychic</a>",Melee,Melee,2,2,3,0,3
583,Witchblade,"<a href=""/wh40k10ed/the-rules/core-rules/#Anti"">anti-infantry 2+</a>, <a href=""/wh40k10ed/the-rules/core-rules/#Psychic-Weapons-and-Abilities"">psychic</a>",Melee,Melee,2,2,3,0,2
584,Destructor,"<a href=""/wh40k10ed/the-rules/core-rules/#Psychic-Weapons-and-Abilities"">psychic</a>, <a href=""/wh40k10ed/the-rules/core-rules/#Torrent"">torrent</a>",12,Ranged,D6,N/A,5,-1,1
584,Shuriken pistol,"<a href=""/wh40k10ed/the-rules/core-rules/#Assault"">assault</a>, <a href=""/wh40k10ed/the-rules/core-rules/#Pistol"">pistol</a>",12,Ranged,1,3,4,-1,1
584,Singing spear,"<a href=""/wh40k10ed/the-rules/core-rules/#Assault"">assault</a>, <a href=""/wh40k10ed/the-rules/core-rules/#Psychic-Weapons-and-Abilities"">psychic</a>",12,Ranged,1,3,9,0,3
584,Singing spear,"<a href=""/wh40k10ed/the-rules/core-rules/#Psychic-Weapons-and-Abilities"">psychic</a>",Melee,Melee,2,3,3,0,3
584,Witchblade,"<a href=""/wh40k10ed/the-rules/core-rules/#Anti"">anti-infantry 2+</a>, <a href=""/wh40k10ed/the-rules/core-rules/#Psychic-Weapons-and-Abilities"">psychic</a>",Melee,Melee,2,3,3,0,2
585,Destructor,"<a href=""/wh40k10ed/the-rules/core-rules/#Psychic-Weapons-and-Abilities"">psychic</a>, <a href=""/wh40k10ed/the-rules/core-rules/#Torrent"">torrent</a>",12,Ranged,D6,N/A,5,-1,1
585,Shuriken pistol,"<a href=""/wh40k10ed/the-rules/core-rules/#Assault"">assault</a>, <a href=""/wh40k10ed/the-rules/core-rules/#Pistol"">pistol</a>",12,Ranged,1,3,4,-1,1
585,Singing spear,"<a href=""/wh40k10ed/the-rules/core-rules/#Assault"">assault</a>, <a href=""/wh40k10ed/the-rules/core-rules/#Psychic-Weapons-and-Abilities"">psychic</a>",12,Ranged,1,3,9,0,3
585,Singing spear,"<a href=""/wh40k10ed/the-rules/core-rules/#Psychic-Weapons-and-Abilities"">psychic</a>",Melee,Melee,2,3,3,0,3
585,Witchblade,"<a href=""/wh40k10ed/the-rules/core-rules/#Anti"">anti-infantry 2+</a>, <a href=""/wh40k10ed/the-rules/core-rules/#Psychic-Weapons-and-Abilities"">psychic</a>",Melee,Melee,2,3,3,0,2
587,Destructor,"<a href=""/wh40k10ed/the-rules/core-rules/#Psychic-Weapons-and-Abilities"">psychic</a>, <a href=""/wh40k10ed/the-rules/core-rules/#Torrent"">torrent</a>",12,Ranged,D6,N/A,5,-1,1
587,Shuriken pistol,"<a href=""/wh40k10ed/the-rules/core-rules/#Assault"">assault</a>, <a href=""/wh40k10ed/the-rules/core-rules/#Pistol"">pistol</a>",12,Ranged,1,3,4,-1,1
587,Singing spear,"<a href=""/wh40k10ed/the-rules/core-rules/#Assault"">assault</a>, <a href=""/wh40k10ed/the-rules/core-rules/#Psychic-Weapons-and-Abilities"">psychic</a>",12,Ranged,1,3,9,0,3
587,Twin shuriken catapult,"<a href=""/wh40k10ed/the-rules/core-rules/#Assault"">assault</a>, <a href=""/wh40k10ed/the-rules/core-rules/#Twin-linked"">twin-linked</a>",18,Ranged,2,3,4,-1,1
587,Singing spear,"<a href=""/wh40k10ed/the-rules/core-rules/#Psychic-Weapons-and-Abilities"">psychic</a>",Melee,Melee,2,3,3,0,3
587,Witchblade,"<a href=""/wh40k10ed/the-rules/core-rules/#Anti"">anti-infantry 2+</a>, <a href=""/wh40k10ed/the-rules/core-rules/#Psychic-Weapons-and-Abilities"">psychic</a>",Melee,Melee,2,3,3,0,2
588,Shuriken pistol,"<a href=""/wh40k10ed/the-rules/core-rules/#Assault"">assault</a>, <a href=""/wh40k10ed/the-rules/core-rules/#Pistol"">pistol</a>",12,Ranged,1,2,4,-1,1
588,Witch staff,"<a href=""/wh40k10ed/the-rules/core-rules/#Anti"">anti-infantry 2+</a>, <a href=""/wh40k10ed/the-rules/core-rules/#Psychic-Weapons-and-Abilities"">psychic</a>",Melee,Melee,2,2,3,0,D3
589,Bright lance,,36,Ranged,1,3,12,-3,D6+2
589,Missile launcher – starshot,,48,Ranged,1,3,10,-2,D6
589,Missile launcher – sunburst,"<a href=""/wh40k10ed/the-rules/core-rules/#Blast"">blast</a>",48,Ranged,D6,3,4,-1,1
589,Scatter laser,"<a href=""/wh40k10ed/the-rules/core-rules/#Sustained-Hits"">sustained hits 1</a>",36,Ranged,6,3,5,0,1
589,Shuriken cannon,"<a href=""/wh40k10ed/the-rules/core-rules/#Lethal-Hits"">lethal hits</a>",24,Ranged,3,3,6,-1,2
589,Shuriken catapult,"<a href=""/wh40k10ed/the-rules/core-rules/#Assault"">assault</a>",18,Ranged,2,3,4,-1,1
589,Starcannon,,36,Ranged,2,3,8,-3,2
589,Close combat weapon,,Melee,Melee,1,3,3,0,1
590,Flamer,"<a href=""/wh40k10ed/the-rules/core-rules/#Assault"">assault</a>, <a href=""/wh40k10ed/the-rules/core-rules/#Ignores-Cover"">ignores cover</a>, <a href=""/wh40k10ed/the-rules/core-rules/#Torrent"">torrent</a>",12,Ranged,D6,N/A,4,0,1
590,Fusion gun,"<a href=""/wh40k10ed/the-rules/core-rules/#Assault"">assault</a>, <a href=""/wh40k10ed/the-rules/core-rules/#Melta"">melta 2</a>",12,Ranged,1,3,8,-4,D6
590,Shuriken pistol,"<a href=""/wh40k10ed/the-rules/core-rules/#Assault"">assault</a>, <a href=""/wh40k10ed/the-rules/core-rules/#Pistol"">pistol</a>",12,Ranged,1,3,4,-1,1
590,Close combat weapon,,Melee,Melee,2,3,3,0,1
590,Power sword,,Melee,Melee,2,3,4,-2,1
591,Scatter laser,"<a href=""/wh40k10ed/the-rules/core-rules/#Sustained-Hits"">sustained hits 1</a>",36,Ranged,6,3,5,0,1
591,Shuriken cannon,"<a href=""/wh40k10ed/the-rules/core-rules/#Lethal-Hits"">lethal hits</a>",24,Ranged,3,3,6,-1,2
591,Twin shuriken catapult,"<a href=""/wh40k10ed/the-rules/core-rules/#Assault"">assault</a>, <a href=""/wh40k10ed/the-rules/core-rules/#Twin-linked"">twin-linked</a>",18,Ranged,2,3,4,-1,1
591,Close combat weapon,,Melee,Melee,3,3,3,0,1
592,Long rifle,"<a href=""/wh40k10ed/the-rules/core-rules/#Heavy"">heavy</a>, <a href=""/wh40k10ed/the-rules/core-rules/#Precision"">precision</a>",36,Ranged,1,3,4,-1,2
592,Shuriken pistol,"<a href=""/wh40k10ed/the-rules/core-rules/#Assault"">assault</a>, <a href=""/wh40k10ed/the-rules/core-rules/#Pistol"">pistol</a>",12,Ranged,1,2,4,-1,1
592,Close combat weapon,,Melee,Melee,1,3,3,0,1
593,Avenger shuriken catapult,"<a href=""/wh40k10ed/the-rules/core-rules/#Assault"">assault</a>",18,Ranged,4,3,4,-1,1
593,Shuriken pistol,"<a href=""/wh40k10ed/the-rules/core-rules/#Assault"">assault</a>, <a href=""/wh40k10ed/the-rules/core-rules/#Pistol"">pistol</a>",12,Ranged,1,3,4,-1,1
593,Close combat weapon,,Melee,Melee,2,3,3,0,1
593,Diresword,,Melee,Melee,4,3,4,-2,1
593,Power glaive,,Melee,Melee,3,3,5,-3,1
594,Shuriken pistol,"<a href=""/wh40k10ed/the-rules/core-rules/#Assault"">assault</a>, <a href=""/wh40k10ed/the-rules/core-rules/#Pistol"">pistol</a>",12,Ranged,1,3,4,-1,1
594,Triskele,"<a href=""/wh40k10ed/the-rules/core-rules/#Anti"">anti-infantry 3+</a>, <a href=""/wh40k10ed/the-rules/core-rules/#Assault"">assault</a>",12,Ranged,3,3,3,-1,1
594,Banshee blade,"<a href=""/wh40k10ed/the-rules/core-rules/#Anti"">anti-infantry 3+</a>",Melee,Melee,2,2,4,-2,2
594,Executioner,"<a href=""/wh40k10ed/the-rules/core-rules/#Anti"">anti-infantry 3+</a>",Melee,Melee,3,2,6,-3,3
594,Mirrorswords,"<a href=""/wh40k10ed/the-rules/core-rules/#Anti"">anti-infantry 3+</a>",Melee,Melee,4,2,4,-2,2
594,Triskele,"<a href=""/wh40k10ed/the-rules/core-rules/#Anti"">anti-infantry 3+</a>",Melee,Melee,6,2,3,-1,1
595,Chainsabres,"<a href=""/wh40k10ed/the-rules/core-rules/#Assault"">assault</a>, <a href=""/wh40k10ed/the-rules/core-rules/#Pistol"">pistol</a>, <a href=""/wh40k10ed/the-rules/core-rules/#Twin-linked"">twin-linked</a>",12,Ranged,1,3,4,-1,1
595,Shuriken pistol,"<a href=""/wh40k10ed/the-rules/core-rules/#Assault"">assault</a>, <a href=""/wh40k10ed/the-rules/core-rules/#Pistol"">pistol</a>",12,Ranged,1,3,4,-1,1
595,Biting blade,"<a href=""/wh40k10ed/the-rules/core-rules/#Sustained-Hits"">sustained hits 1</a>",Melee,Melee,4,3,6,-3,1
595,Chainsabres,"<a href=""/wh40k10ed/the-rules/core-rules/#Sustained-Hits"">sustained hits 1</a>, <a href=""/wh40k10ed/the-rules/core-rules/#Twin-linked"">twin-linked</a>",Melee,Melee,5,3,4,-1,1
595,Scorpion chainsword,"<a href=""/wh40k10ed/the-rules/core-rules/#Sustained-Hits"">sustained hits 1</a>",Melee,Melee,4,3,4,-1,1
595,Scorpion’s claw,,Melee,Melee,3,3,8,-2,2
596,Dragon fusion gun,"<a href=""/wh40k10ed/the-rules/core-rules/#Assault"">assault</a>, <a href=""/wh40k10ed/the-rules/core-rules/#Melta"">melta 3</a>",12,Ranged,1,3,9,-4,D6
596,Dragon fusion pistol,"<a href=""/wh40k10ed/the-rules/core-rules/#Assault"">assault</a>, <a href=""/wh40k10ed/the-rules/core-rules/#Melta"">melta 3</a>, <a href=""/wh40k10ed/the-rules/core-rules/#Pistol"">pistol</a>",6,Ranged,1,3,9,-4,D6
596,Dragon’s breath flamer,"<a href=""/wh40k10ed/the-rules/core-rules/#Assault"">assault</a>, <a href=""/wh40k10ed/the-rules/core-rules/#Ignores-Cover"">ignores cover</a>, <a href=""/wh40k10ed/the-rules/core-rules/#Torrent"">torrent</a>",12,Ranged,D6+2,N/A,6,-2,1
596,Exarch’s Dragon fusion gun,"<a href=""/wh40k10ed/the-rules/core-rules/#Assault"">assault</a>, <a href=""/wh40k10ed/the-rules/core-rules/#Melta"">melta 6</a>",12,Ranged,1,3,9,-4,D6
596,Firepike,"<a href=""/wh40k10ed/the-rules/core-rules/#Assault"">assault</a>, <a href=""/wh40k10ed/the-rules/core-rules/#Melta"">melta 3</a>",18,Ranged,1,3,12,-4,D6
596,Close combat weapon,,Melee,Melee,2,3,3,0,1
596,Dragon axe,,Melee,Melee,3,3,6,-4,D6
597,Wraithcannon,,18,Ranged,1,4,14,-4,D6+1
597,D-scythe,"<a href=""/wh40k10ed/the-rules/core-rules/#Torrent"">torrent</a>",12,Ranged,D6,N/A,7,-3,1
597,Close combat weapon,,Melee,Melee,3,4,5,0,1
598,Ghostaxe,,Melee,Melee,3,4,7,-2,2
598,Ghostswords,,Melee,Melee,5,4,5,-2,2
599,Shuriken cannon,"<a href=""/wh40k10ed/the-rules/core-rules/#Lethal-Hits"">lethal hits</a>",24,Ranged,3,3,6,-1,2
599,Twin missile launcher – starshot,"<a href=""/wh40k10ed/the-rules/core-rules/#Twin-linked"">twin-linked</a>",48,Ranged,1,3,10,-2,D6
599,Twin missile launcher – sunburst,"<a href=""/wh40k10ed/the-rules/core-rules/#Blast"">blast</a>, <a href=""/wh40k10ed/the-rules/core-rules/#Twin-linked"">twin-linked</a>",48,Ranged,D6,3,4,-1,1
599,Twin bright lance,"<a href=""/wh40k10ed/the-rules/core-rules/#Twin-linked"">twin-linked</a>",36,Ranged,1,3,12,-3,D6+2
599,Twin scatter laser,"<a href=""/wh40k10ed/the-rules/core-rules/#Sustained-Hits"">sustained hits 1</a>, <a href=""/wh40k10ed/the-rules/core-rules/#Twin-linked"">twin-linked</a>",36,Ranged,6,3,5,0,1
599,Twin shuriken cannon,"<a href=""/wh40k10ed/the-rules/core-rules/#Lethal-Hits"">lethal hits</a>, <a href=""/wh40k10ed/the-rules/core-rules/#Twin-linked"">twin-linked</a>",24,Ranged,3,3,6,-1,2
599,Twin shuriken catapult,"<a href=""/wh40k10ed/the-rules/core-rules/#Assault"">assault</a>, <a href=""/wh40k10ed/the-rules/core-rules/#Twin-linked"">twin-linked</a>",18,Ranged,2,3,4,-1,1
599,Twin starcannon,"<a href=""/wh40k10ed/the-rules/core-rules/#Twin-linked"">twin-linked</a>",36,Ranged,2,3,8,-3,2
599,Wraithbone hull,,Melee,Melee,3,4,6,0,1
600,Exarch’s lasblaster,"<a href=""/wh40k10ed/the-rules/core-rules/#Assault"">assault</a>, <a href=""/wh40k10ed/the-rules/core-rules/#Lethal-Hits"">lethal hits</a>",24,Ranged,4,3,5,-1,1
600,Hawk’s talon,"<a href=""/wh40k10ed/the-rules/core-rules/#Lethal-Hits"">lethal hits</a>",24,Ranged,2,3,6,-2,2
600,Lasblaster,"<a href=""/wh40k10ed/the-rules/core-rules/#Assault"">assault</a>, <a href=""/wh40k10ed/the-rules/core-rules/#Lethal-Hits"">lethal hits</a>",24,Ranged,4,3,4,0,1
600,Scatter laser,"<a href=""/wh40k10ed/the-rules/core-rules/#Sustained-Hits"">sustained hits 1</a>",36,Ranged,6,3,5,0,1
600,Sunpistol,"<a href=""/wh40k10ed/the-rules/core-rules/#Assault"">assault</a>, <a href=""/wh40k10ed/the-rules/core-rules/#Lethal-Hits"">lethal hits</a>, <a href=""/wh40k10ed/the-rules/core-rules/#Pistol"">pistol</a>",12,Ranged,2,3,4,0,1
600,Close combat weapon,,Melee,Melee,2,3,3,0,1
600,Power sword,,Melee,Melee,5,3,4,-2,1
601,Death spinner,"<a href=""/wh40k10ed/the-rules/core-rules/#Ignores-Cover"">ignores cover</a>, <a href=""/wh40k10ed/the-rules/core-rules/#Torrent"">torrent</a>",12,Ranged,D6,N/A,4,-1,1
601,Death weavers,"<a href=""/wh40k10ed/the-rules/core-rules/#Ignores-Cover"">ignores cover</a>, <a href=""/wh40k10ed/the-rules/core-rules/#Torrent"">torrent</a>, <a href=""/wh40k10ed/the-rules/core-rules/#Twin-linked"">twin-linked</a>",6,Ranged,D6,N/A,4,-1,1
601,Exarch’s death spinner,"<a href=""/wh40k10ed/the-rules/core-rules/#Ignores-Cover"">ignores cover</a>, <a href=""/wh40k10ed/the-rules/core-rules/#Torrent"">torrent</a>",12,Ranged,D6,N/A,6,-2,1
601,Spinneret rifle,"<a href=""/wh40k10ed/the-rules/core-rules/#Ignores-Cover"">ignores cover</a>, <a href=""/wh40k10ed/the-rules/core-rules/#Torrent"">torrent</a>",18,Ranged,D6,N/A,5,-1,1
601,Close combat weapon,,Melee,Melee,2,3,3,0,1
601,Powerblade array,"<a href=""/wh40k10ed/the-rules/core-rules/#Lethal-Hits"">lethal hits</a>, <a href=""/wh40k10ed/the-rules/core-rules/#Twin-linked"">twin-linked</a>",Melee,Melee,10,3,4,-2,1
601,Powerblades,"<a href=""/wh40k10ed/the-rules/core-rules/#Lethal-Hits"">lethal hits</a>, <a href=""/wh40k10ed/the-rules/core-rules/#Twin-linked"">twin-linked</a>",Melee,Melee,5,3,4,-2,1
602,Laser lance,"<a href=""/wh40k10ed/the-rules/core-rules/#Assault"">assault</a>",6,Ranged,1,3,6,-2,3
602,Shuriken cannon,"<a href=""/wh40k10ed/the-rules/core-rules/#Lethal-Hits"">lethal hits</a>",24,Ranged,3,3,6,-1,2
602,Star lance,"<a href=""/wh40k10ed/the-rules/core-rules/#Assault"">assault</a>",6,Ranged,1,3,9,-3,3
602,Twin shuriken catapult,"<a href=""/wh40k10ed/the-rules/core-rules/#Assault"">assault</a>, <a href=""/wh40k10ed/the-rules/core-rules/#Twin-linked"">twin-linked</a>",18,Ranged,2,3,4,-1,1
602,Laser lance,"<a href=""/wh40k10ed/the-rules/core-rules/#Anti"">anti-monster 3+</a>, <a href=""/wh40k10ed/the-rules/core-rules/#Anti"">anti-vehicle 3+</a>, <a href=""/wh40k10ed/the-rules/core-rules/#Lance"">lance</a>",Melee,Melee,3,3,5,-2,3
602,Paragon sabre,,Melee,Melee,6,3,5,-2,2
602,Star lance,"<a href=""/wh40k10ed/the-rules/core-rules/#Anti"">anti-monster 3+</a>, <a href=""/wh40k10ed/the-rules/core-rules/#Anti"">anti-vehicle 3+</a>, <a href=""/wh40k10ed/the-rules/core-rules/#Lance"">lance</a>",Melee,Melee,4,3,5,-3,3
603,Bright lance,,36,Ranged,1,3,12,-3,D6+2
603,Pulse laser,,48,Ranged,3,3,9,-2,D6
603,Starcannon,,36,Ranged,2,3,8,-3,2
603,Wraithbone hull,,Melee,Melee,3,4,6,0,1
605,Bright lance,,36,Ranged,1,3,12,-3,D6+2
605,Missile launcher – starshot,,48,Ranged,1,3,10,-2,D6
605,Missile launcher – sunburst,"<a href=""/wh40k10ed/the-rules/core-rules/#Blast"">blast</a>",48,Ranged,D6,3,4,-1,1
605,Scatter laser,"<a href=""/wh40k10ed/the-rules/core-rules/#Sustained-Hits"">sustained hits 1</a>",36,Ranged,6,3,5,0,1
605,Shuriken cannon,"<a href=""/wh40k10ed/the-rules/core-rules/#Lethal-Hits"">lethal hits</a>",24,Ranged,3,3,6,-1,2
605,Starcannon,,36,Ranged,2,3,8,-3,2
605,Twin shuriken catapult,"<a href=""/wh40k10ed/the-rules/core-rules/#Assault"">assault</a>, <a href=""/wh40k10ed/the-rules/core-rules/#Twin-linked"">twin-linked</a>",18,Ranged,2,3,4,-1,1
605,Wraithbone hull,,Melee,Melee,3,4,6,0,1
606,Heavy D-scythe,"<a href=""/wh40k10ed/the-rules/core-rules/#Blast"">blast</a>",18,Ranged,D6,4,12,-4,2
606,Wraithbone hull,,Melee,Melee,3,4,6,0,1
607,Missile launcher – starshot,"<a href=""/wh40k10ed/the-rules/core-rules/#Ignores-Cover"">ignores cover</a>",48,Ranged,1,2,10,-2,D6
607,Missile launcher – sunburst,"<a href=""/wh40k10ed/the-rules/core-rules/#Blast"">blast</a>, <a href=""/wh40k10ed/the-rules/core-rules/#Ignores-Cover"">ignores cover</a>",48,Ranged,D6,2,4,-1,1
607,Reaper launcher – starshot,"<a href=""/wh40k10ed/the-rules/core-rules/#Ignores-Cover"">ignores cover</a>",48,Ranged,1,3,10,-2,3
607,Reaper launcher – starswarm,"<a href=""/wh40k10ed/the-rules/core-rules/#Ignores-Cover"">ignores cover</a>",48,Ranged,2,3,5,-2,1
607,Shuriken cannon,"<a href=""/wh40k10ed/the-rules/core-rules/#Ignores-Cover"">ignores cover</a>, <a href=""/wh40k10ed/the-rules/core-rules/#Lethal-Hits"">lethal hits</a>",24,Ranged,3,3,6,-1,2
607,Tempest launcher,"<a href=""/wh40k10ed/the-rules/core-rules/#Blast"">blast</a>, <a href=""/wh40k10ed/the-rules/core-rules/#Indirect-Fire"">indirect fire</a>",36,Ranged,2D6,3,4,-1,1
607,Close combat weapon,,Melee,Melee,2,3,3,0,1
609,Bright lance,,36,Ranged,1,3,12,-3,D6+2
609,Missile launcher – starshot,,48,Ranged,1,3,10,-2,D6
609,Missile launcher – sunburst,"<a href=""/wh40k10ed/the-rules/core-rules/#Blast"">blast</a>",48,Ranged,D6,3,4,-1,1
609,Pulse laser,,48,Ranged,3,3,9,-2,D6
609,Scatter laser,"<a href=""/wh40k10ed/the-rules/core-rules/#Sustained-Hits"">sustained hits 1</a>",36,Ranged,6,3,5,0,1
609,Shuriken cannon,"<a href=""/wh40k10ed/the-rules/core-rules/#Lethal-Hits"">lethal hits</a>",24,Ranged,3,3,6,-1,2
609,Starcannon,,36,Ranged,2,3,8,-3,2
609,Twin shuriken catapult,"<a href=""/wh40k10ed/the-rules/core-rules/#Assault"">assault</a>, <a href=""/wh40k10ed/the-rules/core-rules/#Twin-linked"">twin-linked</a>",18,Ranged,2,3,4,-1,1
609,Wraithbone hull,,Melee,Melee,3,4,6,0,1
610,Prism cannon – dispersed pulse,"<a href=""/wh40k10ed/the-rules/core-rules/#Blast"">blast</a>",60,Ranged,2D6,3,6,-2,2
610,Prism cannon – focused lances,linked fire,60,Ranged,2,3,18,-4,6
610,Shuriken cannon,"<a href=""/wh40k10ed/the-rules/core-rules/#Lethal-Hits"">lethal hits</a>",24,Ranged,3,3,6,-1,2
610,Twin shuriken catapult,"<a href=""/wh40k10ed/the-rules/core-rules/#Assault"">assault</a>, <a href=""/wh40k10ed/the-rules/core-rules/#Twin-linked"">twin-linked</a>",18,Ranged,2,3,4,-1,1
610,Wraithbone hull,,Melee,Melee,3,4,6,0,1
611,Doomweaver,"<a href=""/wh40k10ed/the-rules/core-rules/#Blast"">blast</a>, <a href=""/wh40k10ed/the-rules/core-rules/#Indirect-Fire"">indirect fire</a>, <a href=""/wh40k10ed/the-rules/core-rules/#Twin-linked"">twin-linked</a>",48,Ranged,D6+3,3,7,-1,2
611,Shuriken cannon,"<a href=""/wh40k10ed/the-rules/core-rules/#Lethal-Hits"">lethal hits</a>",24,Ranged,3,3,6,-1,2
611,Twin shuriken catapult,"<a href=""/wh40k10ed/the-rules/core-rules/#Assault"">assault</a>, <a href=""/wh40k10ed/the-rules/core-rules/#Twin-linked"">twin-linked</a>",18,Ranged,2,3,4,-1,1
611,Wraithbone hull,,Melee,Melee,3,4,6,0,1
612,Bright lance,,36,Ranged,1,3,12,-3,D6+2
612,Missile launcher – starshot,,48,Ranged,1,3,10,-2,D6
612,Missile launcher – sunburst,"<a href=""/wh40k10ed/the-rules/core-rules/#Blast"">blast</a>",48,Ranged,D6,3,4,-1,1
612,Scatter laser,"<a href=""/wh40k10ed/the-rules/core-rules/#Sustained-Hits"">sustained hits 1</a>",36,Ranged,6,3,5,0,1
612,Shuriken cannon,"<a href=""/wh40k10ed/the-rules/core-rules/#Lethal-Hits"">lethal hits</a>",24,Ranged,3,3,6,-1,2
612,Starcannon,,36,Ranged,2,3,8,-3,2
612,War Walker feet,,Melee,Melee,3,3,5,0,1
613,Bright lance,,36,Ranged,1,4,12,-3,D6+2
613,Flamer,"<a href=""/wh40k10ed/the-rules/core-rules/#Assault"">assault</a>, <a href=""/wh40k10ed/the-rules/core-rules/#Ignores-Cover"">ignores cover</a>, <a href=""/wh40k10ed/the-rules/core-rules/#Torrent"">torrent</a>",12,Ranged,D6,N/A,4,0,1
613,Missile launcher – starshot,,48,Ranged,1,4,10,-2,D6
613,Missile launcher – sunburst,"<a href=""/wh40k10ed/the-rules/core-rules/#Blast"">blast</a>",48,Ranged,D6,4,4,-1,1
613,Scatter laser,"<a href=""/wh40k10ed/the-rules/core-rules/#Sustained-Hits"">sustained hits 1</a>",36,Ranged,6,4,5,0,1
613,Shuriken cannon,"<a href=""/wh40k10ed/the-rules/core-rules/#Lethal-Hits"">lethal hits</a>",24,Ranged,3,4,6,-1,2
613,Shuriken catapult,"<a href=""/wh40k10ed/the-rules/core-rules/#Assault"">assault</a>",18,Ranged,2,4,4,-1,1
613,Starcannon,,36,Ranged,2,4,8,-3,2
613,Ghostglaive – strike,,Melee,Melee,4,4,10,-3,D6+1
613,Ghostglaive – sweep,,Melee,Melee,8,4,7,-2,2
613,Wraithbone fists,,Melee,Melee,4,4,7,-2,2
614,Heavy wraithcannon,"<a href=""/wh40k10ed/the-rules/core-rules/#Devastating-Wounds"">devastating wounds</a>",36,Ranged,D3,3,20,-4,2D6
614,Scatter laser,"<a href=""/wh40k10ed/the-rules/core-rules/#Sustained-Hits"">sustained hits 1</a>",36,Ranged,6,3,5,0,1
614,Shuriken cannon,"<a href=""/wh40k10ed/the-rules/core-rules/#Lethal-Hits"">lethal hits</a>",24,Ranged,3,3,6,-1,2
614,Starcannon,,36,Ranged,2,3,8,-3,2
614,Suncannon,"<a href=""/wh40k10ed/the-rules/core-rules/#Blast"">blast</a>",48,Ranged,D6+4,3,10,-3,3
614,Titanic feet,,Melee,Melee,5,3,8,-1,2
615,Prism rifle – dispersed,"<a href=""/wh40k10ed/the-rules/core-rules/#Blast"">blast</a>",18,Ranged,D6,3,4,-1,1
615,Prism rifle – focused,,24,Ranged,1,3,6,-2,3
615,Close combat weapon,,Melee,Melee,2,3,3,0,1
616,Aeldari missile launcher – starshot,,48,Ranged,1,3,10,-2,D6
616,Aeldari missile launcher – sunburst,"<a href=""/wh40k10ed/the-rules/core-rules/#Blast"">blast</a>",48,Ranged,D6,3,4,-1,1
616,Bright lance,,36,Ranged,1,3,12,-3,D6+2
616,Scatter laser,,36,Ranged,6,3,5,0,1
616,Shuriken cannon,"<a href=""/wh40k10ed/the-rules/core-rules/#Sustained-Hits"">sustained hits 1</a>",24,Ranged,3,3,6,-1,2
616,Starcannon,,36,Ranged,2,3,8,-3,2
616,Wasp feet,,Melee,Melee,3,3,5,0,1
617,Aeldari missile launcher – sunburst,"<a href=""/wh40k10ed/the-rules/core-rules/#Blast"">blast</a>",48,Ranged,D6,4,4,-1,1
617,Aeldari missile launcher – starshot,,48,Ranged,1,4,10,-2,D6
617,Bright lance,,36,Ranged,1,4,12,-3,D6+2
617,Destructor,"<a href=""/wh40k10ed/the-rules/core-rules/#Psychic-Weapons-and-Abilities"">psychic</a>, <a href=""/wh40k10ed/the-rules/core-rules/#Torrent"">torrent</a>",12,Ranged,D6,N/A,5,-1,1
617,Scatter laser,,36,Ranged,6,4,5,0,1
617,Shuriken cannon,"<a href=""/wh40k10ed/the-rules/core-rules/#Sustained-Hits"">sustained hits 1</a>",24,Ranged,3,4,6,-1,2
617,Starcannon,,36,Ranged,2,4,8,-3,2
617,Wraithseer D-cannon,"<a href=""/wh40k10ed/the-rules/core-rules/#Devastating-Wounds"">devastating wounds</a>",24,Ranged,1,4,14,-4,D6
617,Ghostspear – sweep,"<a href=""/wh40k10ed/the-rules/core-rules/#Anti"">anti-infantry 2+</a>, <a href=""/wh40k10ed/the-rules/core-rules/#Psychic-Weapons-and-Abilities"">psychic</a>",Melee,Melee,12,4,7,-1,1
617,Ghostspear – strike,"<a href=""/wh40k10ed/the-rules/core-rules/#Anti"">anti-infantry 2+</a>, <a href=""/wh40k10ed/the-rules/core-rules/#Precision"">precision</a>, <a href=""/wh40k10ed/the-rules/core-rules/#Psychic-Weapons-and-Abilities"">psychic</a>",Melee,Melee,4,4,10,-2,3
618,Aeldari missile launcher – starshot,,48,Ranged,1,3,10,-2,D6
618,Aeldari missile launcher – sunburst,"<a href=""/wh40k10ed/the-rules/core-rules/#Blast"">blast</a>",48,Ranged,D6,3,4,-1,1
618,Bright lance,,36,Ranged,1,3,12,-3,D6+2
618,Hornet pulse laser,,36,Ranged,2,3,9,-2,D3
618,Scatter laser,,36,Ranged,6,3,5,0,1
618,Shuriken cannon,"<a href=""/wh40k10ed/the-rules/core-rules/#Sustained-Hits"">sustained hits 1</a>",24,Ranged,3,3,6,-1,2
618,Starcannon,,36,Ranged,2,3,8,-3,2
618,Wraithbone hull,,Melee,Melee,3,4,6,0,1
619,D-flail – blast,"<a href=""/wh40k10ed/the-rules/core-rules/#Blast"">blast</a>, <a href=""/wh40k10ed/the-rules/core-rules/#Devastating-Wounds"">devastating wounds</a>",24,Ranged,D3,3,12,-4,3
619,D-flail – rift,"<a href=""/wh40k10ed/the-rules/core-rules/#Devastating-Wounds"">devastating wounds</a>, <a href=""/wh40k10ed/the-rules/core-rules/#Torrent"">torrent</a>",12,Ranged,D3,N/A,12,-4,3
619,Shuriken cannon,"<a href=""/wh40k10ed/the-rules/core-rules/#Sustained-Hits"">sustained hits 1</a>",24,Ranged,3,3,6,-1,2
619,Twin shuriken catapult,"<a href=""/wh40k10ed/the-rules/core-rules/#Assault"">assault</a>, <a href=""/wh40k10ed/the-rules/core-rules/#Twin-linked"">twin-linked</a>",18,Ranged,2,3,4,-3,1
619,Wraithbone hull,,Melee,Melee,3,4,6,0,1
620,Aeldari missile launcher – sunburst,"<a href=""/wh40k10ed/the-rules/core-rules/#Blast"">blast</a>",48,Ranged,D6,3,4,-1,1
620,Aeldari missile launcher – starshot,,48,Ranged,1,3,10,-2,D6
620,Bright lance,,36,Ranged,1,3,12,-3,D6+2
620,Lynx pulsar,"<a href=""/wh40k10ed/the-rules/core-rules/#Assault"">assault</a>",48,Ranged,4,3,16,-3,D6
620,Scatter laser,,36,Ranged,6,3,5,0,1
620,Shuriken cannon,"<a href=""/wh40k10ed/the-rules/core-rules/#Sustained-Hits"">sustained hits 1</a>",24,Ranged,3,3,6,-1,2
620,Starcannon,,36,Ranged,2,3,8,-3,2
620,Wraithbone hull,,Melee,Melee,3,4,6,0,1
621,Aeldari missile launcher – sunburst,"<a href=""/wh40k10ed/the-rules/core-rules/#Blast"">blast</a>",48,Ranged,D6,3,4,-1,1
621,Aeldari missile launcher – starshot,,48,Ranged,1,3,10,-2,D6
621,Bright lance,,36,Ranged,1,3,12,-3,D6+2
621,Scatter laser,,36,Ranged,6,3,5,0,1
621,Shuriken cannon,"<a href=""/wh40k10ed/the-rules/core-rules/#Sustained-Hits"">sustained hits 1</a>",24,Ranged,3,3,6,-1,2
621,Starcannon,,36,Ranged,2,3,8,-3,2
621,Twin Scorpion pulsar,"<a href=""/wh40k10ed/the-rules/core-rules/#Twin-linked"">twin-linked</a>",60,Ranged,6,3,18,-3,5
621,Wraithbone hull,,Melee,Melee,6,4,6,0,1
622,Aeldari missile launcher – sunburst,"<a href=""/wh40k10ed/the-rules/core-rules/#Blast"">blast</a>",48,Ranged,D6,3,4,-1,1
622,Aeldari missile launcher – starshot,,48,Ranged,1,3,10,-2,D6
622,Bright lance,,36,Ranged,1,3,12,-3,D6+2
622,D-impaler,"<a href=""/wh40k10ed/the-rules/core-rules/#Blast"">blast</a>, <a href=""/wh40k10ed/the-rules/core-rules/#Devastating-Wounds"">devastating wounds</a>",36,Ranged,D6+3,3,16,-4,4
622,Scatter laser,,36,Ranged,6,3,5,0,1
622,Shuriken cannon,"<a href=""/wh40k10ed/the-rules/core-rules/#Sustained-Hits"">sustained hits 1</a>",24,Ranged,3,3,6,-1,2
622,Starcannon,,36,Ranged,2,3,8,-3,2
622,Wraithbone hull,,Melee,Melee,6,4,6,0,1
623,Twin bright lance,"<a href=""/wh40k10ed/the-rules/core-rules/#Twin-linked"">twin-linked</a>",36,Ranged,1,3,12,-3,D6+2
623,Twin shuriken cannon,"<a href=""/wh40k10ed/the-rules/core-rules/#Sustained-Hits"">sustained hits 1</a>, <a href=""/wh40k10ed/the-rules/core-rules/#Twin-linked"">twin-linked</a>",24,Ranged,3,3,6,-1,2
623,Wraithbone hull,,Melee,Melee,3,4,6,0,1
624,Phoenix missile array,"<a href=""/wh40k10ed/the-rules/core-rules/#Blast"">blast</a>",48,Ranged,D6,3,6,-1,2
624,Phoenix pulse laser,,48,Ranged,4,3,10,-2,D6
624,Twin shuriken cannon,"<a href=""/wh40k10ed/the-rules/core-rules/#Sustained-Hits"">sustained hits 1</a>, <a href=""/wh40k10ed/the-rules/core-rules/#Twin-linked"">twin-linked</a>",24,Ranged,3,3,6,-1,2
624,Wraithbone hull,,Melee,Melee,3,4,6,0,1
625,Scatter laser,,36,Ranged,6,3,5,0,1
625,Twin pulse laser,"<a href=""/wh40k10ed/the-rules/core-rules/#Twin-linked"">twin-linked</a>",48,Ranged,3,3,9,-2,D6
625,Wraithbone hull,,Melee,Melee,6,4,6,0,1
626,Scatter laser,,36,Ranged,6,3,5,0,1
626,Twin pulse laser,"<a href=""/wh40k10ed/the-rules/core-rules/#Twin-linked"">twin-linked</a>",48,Ranged,3,3,9,-2,D6
626,Twin Vampire pulsar,"<a href=""/wh40k10ed/the-rules/core-rules/#Twin-linked"">twin-linked</a>",60,Ranged,3,3,12,-3,4
626,Wraithbone hull,,Melee,Melee,6,4,6,0,1
627,Deathshroud cannon – dispersed,"<a href=""/wh40k10ed/the-rules/core-rules/#Blast"">blast</a>, <a href=""/wh40k10ed/the-rules/core-rules/#Devastating-Wounds"">devastating wounds</a>",12,Ranged,3D6,3,6,-1,1
627,Deathshroud cannon – focused,"<a href=""/wh40k10ed/the-rules/core-rules/#Blast"">blast</a>, <a href=""/wh40k10ed/the-rules/core-rules/#Devastating-Wounds"">devastating wounds</a>",48,Ranged,D6,3,10,-3,2
627,Inferno lance,"<a href=""/wh40k10ed/the-rules/core-rules/#Melta"">melta 2</a>",24,Ranged,4,3,12,-4,D6
627,Scatter laser,,36,Ranged,6,3,5,0,1
627,Shuriken cannon,"<a href=""/wh40k10ed/the-rules/core-rules/#Sustained-Hits"">sustained hits 1</a>",24,Ranged,3,3,6,-1,2
627,Starcannon,,36,Ranged,2,3,8,-3,2
627,Titanic feet,,Melee,Melee,5,3,8,-1,2
628,Cloudburst missile launcher,"<a href=""/wh40k10ed/the-rules/core-rules/#Blast"">blast</a>",36,Ranged,2D6,3,8,-2,2
628,Revenant pulsar,"<a href=""/wh40k10ed/the-rules/core-rules/#Assault"">assault</a>",60,Ranged,6,3,14,-3,4
628,Sonic lance,"<a href=""/wh40k10ed/the-rules/core-rules/#Anti"">anti-monster 4+</a>, <a href=""/wh40k10ed/the-rules/core-rules/#Anti"">anti-vehicle 4+</a>, <a href=""/wh40k10ed/the-rules/core-rules/#Assault"">assault</a>, <a href=""/wh40k10ed/the-rules/core-rules/#Torrent"">torrent</a>",18,Ranged,D6+6,N/A,8,-3,2
628,Revenant feet,,Melee,Melee,8,3,10,-1,3
629,Brace of pistols,"<a href=""/wh40k10ed/the-rules/core-rules/#Assault"">assault</a>, <a href=""/wh40k10ed/the-rules/core-rules/#Pistol"">pistol</a>",12,Ranged,2,3,3,0,1
629,Dark lance,,36,Ranged,1,3,12,-3,D6+2
629,Dissonance cannon,"<a href=""/wh40k10ed/the-rules/core-rules/#Devastating-Wounds"">devastating wounds</a>",24,Ranged,3,3,6,-1,2
629,Dissonance pistol,"<a href=""/wh40k10ed/the-rules/core-rules/#Devastating-Wounds"">devastating wounds</a>, <a href=""/wh40k10ed/the-rules/core-rules/#Pistol"">pistol</a>",12,Ranged,1,3,6,-1,1
629,Scatter laser,,36,Ranged,6,3,5,0,1
629,Shuriken cannon,"<a href=""/wh40k10ed/the-rules/core-rules/#Sustained-Hits"">sustained hits 1</a>",24,Ranged,3,3,6,-1,2
629,Splinter cannon,"<a href=""/wh40k10ed/the-rules/core-rules/#Anti"">anti-infantry 3+</a>, <a href=""/wh40k10ed/the-rules/core-rules/#Sustained-Hits"">sustained hits 1</a>",36,Ranged,3,3,3,-1,2
629,Twin shuriken catapult,"<a href=""/wh40k10ed/the-rules/core-rules/#Assault"">assault</a>, <a href=""/wh40k10ed/the-rules/core-rules/#Twin-linked"">twin-linked</a>",18,Ranged,2,3,4,-3,1
629,Close combat weapon,,Melee,Melee,2,3,3,0,1
629,Void sabre,,Melee,Melee,3,3,4,-2,1
630,Spear of Starlight,,24,Ranged,3,3,8,-2,4
630,Spear of Starlight,,Melee,Melee,4,3,5,-2,1
631,D-bombard,"<a href=""/wh40k10ed/the-rules/core-rules/#Blast"">blast</a>, <a href=""/wh40k10ed/the-rules/core-rules/#Devastating-Wounds"">devastating wounds</a>",72,Ranged,D6,3,20,-4,2D6
631,Phantom pulsar,,120,Ranged,8,3,18,-4,6
631,Phantom starcannon,,36,Ranged,4,3,8,-3,2
631,Pulse laser,,48,Ranged,3,3,9,-2,D6
631,Voidstorm missile launcher,,48,Ranged,2D6,3,8,-3,2
631,Phantom feet,,Melee,Melee,4,3,12,-2,4
631,Wraith glaive – strike,,Melee,Melee,6,3,18,-4,12
631,Wraith glaive – sweep,,Melee,Melee,12,3,8,-3,4
632,Aeldari missile launcher – starshot,,48,Ranged,1,3,10,-2,D6
632,Aeldari missile launcher – sunburst,"<a href=""/wh40k10ed/the-rules/core-rules/#Blast"">BLAST</a>",48,Ranged,D6,3,4,-1,1
632,Blaster,"<a href=""/wh40k10ed/the-rules/core-rules/#Assault"">assault</a>",18,Ranged,1,3,8,-4,D6+1
632,Brace of pistols,"<a href=""/wh40k10ed/the-rules/core-rules/#Assault"">assault</a>, <a href=""/wh40k10ed/the-rules/core-rules/#Pistol"">pistol</a>",12,Ranged,2,3,3,0,1
632,Corsair firearm,"<a href=""/wh40k10ed/the-rules/core-rules/#Assault"">assault</a>, <a href=""/wh40k10ed/the-rules/core-rules/#Lethal-Hits"">lethal hits</a>",24,Ranged,4,3,4,0,1
632,Dark lance,"<a href=""/wh40k10ed/the-rules/core-rules/#Heavy"">heavy</a>",36,Ranged,1,4,12,-3,D6+2
632,Dissonance pistol,"<a href=""/wh40k10ed/the-rules/core-rules/#Devastating-Wounds"">devastating wounds</a>, <a href=""/wh40k10ed/the-rules/core-rules/#Pistol"">pistol</a>",12,Ranged,1,3,6,-1,1
632,Flamer,"<a href=""/wh40k10ed/the-rules/core-rules/#Assault"">assault</a>, <a href=""/wh40k10ed/the-rules/core-rules/#Ignores-Cover"">ignores cover</a>, <a href=""/wh40k10ed/the-rules/core-rules/#Torrent"">torrent</a>",12,Ranged,D6,N/A,4,0,1
632,Fusion gun,"<a href=""/wh40k10ed/the-rules/core-rules/#Assault"">assault</a>, <a href=""/wh40k10ed/the-rules/core-rules/#Melta"">melta 2</a>",12,Ranged,1,3,8,-4,D6+1
632,Shredder,"<a href=""/wh40k10ed/the-rules/core-rules/#Assault"">assault</a>, <a href=""/wh40k10ed/the-rules/core-rules/#Torrent"">torrent</a>",18,Ranged,D6,N/A,6,0,1
632,Shuriken cannon,"<a href=""/wh40k10ed/the-rules/core-rules/#Sustained-Hits"">sustained hits 1</a>",24,Ranged,3,3,6,-1,2
632,Splinter cannon,"<a href=""/wh40k10ed/the-rules/core-rules/#Anti"">anti-infantry 3+</a>, <a href=""/wh40k10ed/the-rules/core-rules/#Sustained-Hits"">sustained hits 1</a>",36,Ranged,3,3,3,-1,2
632,Close combat weapon,,Melee,Melee,2,3,3,0,1
632,Spar-glaive,,Melee,Melee,4,3,3,0,1
632,Void sabre,,Melee,Melee,3,3,4,-2,1
633,Aeldari missile launcher – starshot,,48,Ranged,1,3,10,-2,D6
633,Aeldari missile launcher – sunburst,"<a href=""/wh40k10ed/the-rules/core-rules/#Blast"">BLAST</a>",48,Ranged,D6,3,4,-1,1
633,Blaster,"<a href=""/wh40k10ed/the-rules/core-rules/#Assault"">ASSAULT</a>",18,Ranged,1,3,8,-4,D6+1
633,Brace of pistols,"<a href=""/wh40k10ed/the-rules/core-rules/#Assault"">assault</a>, <a href=""/wh40k10ed/the-rules/core-rules/#Pistol"">pistol</a>",12,Ranged,2,3,3,0,1
633,Corsair firearm,"<a href=""/wh40k10ed/the-rules/core-rules/#Assault"">assault</a>, <a href=""/wh40k10ed/the-rules/core-rules/#Lethal-Hits"">lethal hits</a>",24,Ranged,4,3,4,0,1
633,Dark lance,"<a href=""/wh40k10ed/the-rules/core-rules/#Heavy"">heavy</a>",36,Ranged,1,4,12,-3,D6+2
633,Dissonance pistol,"<a href=""/wh40k10ed/the-rules/core-rules/#Devastating-Wounds"">devastating wounds</a>, <a href=""/wh40k10ed/the-rules/core-rules/#Pistol"">pistol</a>",12,Ranged,1,3,6,-1,1
633,Flamer,"<a href=""/wh40k10ed/the-rules/core-rules/#Assault"">assault</a>, <a href=""/wh40k10ed/the-rules/core-rules/#Ignores-Cover"">ignores cover</a>, <a href=""/wh40k10ed/the-rules/core-rules/#Torrent"">torrent</a>",12,Ranged,D6,N/A,4,0,1
633,Fusion gun,"<a href=""/wh40k10ed/the-rules/core-rules/#Assault"">assault</a>, <a href=""/wh40k10ed/the-rules/core-rules/#Melta"">melta 2</a>",12,Ranged,1,3,8,-4,D6+1
633,Shardcarbine,"<a href=""/wh40k10ed/the-rules/core-rules/#Anti"">anti-infantry 3+</a>, <a href=""/wh40k10ed/the-rules/core-rules/#Assault"">assault</a>",18,Ranged,3,3,2,0,1
633,Shuriken cannon,"<a href=""/wh40k10ed/the-rules/core-rules/#Sustained-Hits"">sustained hits 1</a>",24,Ranged,3,3,6,-1,2
633,Shuriken catapult,"<a href=""/wh40k10ed/the-rules/core-rules/#Assault"">assault</a>",18,Ranged,2,3,4,-1,1
633,Splinter cannon,"<a href=""/wh40k10ed/the-rules/core-rules/#Anti"">anti-infantry 3+</a>, <a href=""/wh40k10ed/the-rules/core-rules/#Heavy"">heavy</a>, <a href=""/wh40k10ed/the-rules/core-rules/#Sustained-Hits"">sustained hits 1</a>",36,Ranged,3,4,3,-1,2
633,Shredder,"<a href=""/wh40k10ed/the-rules/core-rules/#Assault"">ASSAULT</a>, <a href=""/wh40k10ed/the-rules/core-rules/#Torrent"">TORRENT</a>",18,Ranged,D6,N/A,6,0,1
633,Close combat weapon,,Melee,Melee,2,3,3,0,1
633,Spar-glaive,,Melee,Melee,4,3,3,0,1
633,Void sabre,,Melee,Melee,3,3,4,-2,1
634,Blast pistol,"<a href=""/wh40k10ed/the-rules/core-rules/#Pistol"">pistol</a>",6,Ranged,1,2,8,-3,D3
634,Splinter pistol,"<a href=""/wh40k10ed/the-rules/core-rules/#Anti"">anti-infantry 3+</a>, <a href=""/wh40k10ed/the-rules/core-rules/#Assault"">assault</a>, <a href=""/wh40k10ed/the-rules/core-rules/#Pistol"">pistol</a>",12,Ranged,1,2,2,0,1
634,Huskblade,"<a href=""/wh40k10ed/the-rules/core-rules/#Anti"">anti-infantry 3+</a>",Melee,Melee,5,2,3,-2,2
639,Blast pistol,"<a href=""/wh40k10ed/the-rules/core-rules/#Pistol"">pistol</a>",6,Ranged,1,2,8,-3,D3
639,Splinter pistol,"<a href=""/wh40k10ed/the-rules/core-rules/#Anti"">anti-infantry 3+</a>, <a href=""/wh40k10ed/the-rules/core-rules/#Assault"">assault</a>, <a href=""/wh40k10ed/the-rules/core-rules/#Pistol"">pistol</a>",12,Ranged,1,2,2,0,1
639,Succubus weapons,"<a href=""/wh40k10ed/the-rules/core-rules/#Anti"">anti-infantry 3+</a>",Melee,Melee,6,2,3,-2,1
640,Lelith’s blades,"<a href=""/wh40k10ed/the-rules/core-rules/#Anti"">anti-infantry 2+</a>, <a href=""/wh40k10ed/the-rules/core-rules/#Sustained-Hits"">sustained hits 2</a>",Melee,Melee,8,2,3,-2,1
641,Stinger pistol,"<a href=""/wh40k10ed/the-rules/core-rules/#Anti"">anti-infantry 2+</a>, <a href=""/wh40k10ed/the-rules/core-rules/#Pistol"">pistol</a>, <a href=""/wh40k10ed/the-rules/core-rules/#Precision"">precision</a>",12,Ranged,1,2,2,-1,D3
641,Haemonculus tools and scissorhands,"<a href=""/wh40k10ed/the-rules/core-rules/#Anti"">anti-infantry 2+</a>, <a href=""/wh40k10ed/the-rules/core-rules/#Precision"">precision</a>",Melee,Melee,5,2,3,-1,D3
642,Casket of Flensing,"<a href=""/wh40k10ed/the-rules/core-rules/#Devastating-Wounds"">devastating wounds</a>, one shot, <a href=""/wh40k10ed/the-rules/core-rules/#Torrent"">torrent</a>",12,Ranged,3D6,N/A,3,-1,1
642,Haemonculus tools and scissorhands,"<a href=""/wh40k10ed/the-rules/core-rules/#Anti"">anti-infantry 2+</a>, <a href=""/wh40k10ed/the-rules/core-rules/#Precision"">precision</a>",Melee,Melee,5,2,3,-1,D3
643,The Executioner’s demiklaives – single blade,"<a href=""/wh40k10ed/the-rules/core-rules/#Devastating-Wounds"">devastating wounds</a>",Melee,Melee,5,2,6,-2,3
643,The Executioner’s demiklaives – dual blades,"<a href=""/wh40k10ed/the-rules/core-rules/#Twin-linked"">twin-linked</a>",Melee,Melee,7,2,5,-2,2
644,Blast pistol,"<a href=""/wh40k10ed/the-rules/core-rules/#Pistol"">pistol</a>",6,Ranged,1,3,8,-3,D3
644,Blaster,"<a href=""/wh40k10ed/the-rules/core-rules/#Assault"">assault</a>",18,Ranged,1,3,8,-4,D6+1
644,Dark lance,"<a href=""/wh40k10ed/the-rules/core-rules/#Heavy"">heavy</a>",36,Ranged,1,4,12,-3,D6+2
644,Shredder,"<a href=""/wh40k10ed/the-rules/core-rules/#Assault"">assault</a>, <a href=""/wh40k10ed/the-rules/core-rules/#Torrent"">torrent</a>",18,Ranged,D6,N/A,6,0,1
644,Splinter cannon,"<a href=""/wh40k10ed/the-rules/core-rules/#Anti"">anti-infantry 3+</a>, <a href=""/wh40k10ed/the-rules/core-rules/#Heavy"">heavy</a>, <a href=""/wh40k10ed/the-rules/core-rules/#Sustained-Hits"">sustained hits 1</a>",36,Ranged,3,4,3,-1,2
644,Splinter pistol,"<a href=""/wh40k10ed/the-rules/core-rules/#Anti"">anti-infantry 3+</a>, <a href=""/wh40k10ed/the-rules/core-rules/#Assault"">assault</a>, <a href=""/wh40k10ed/the-rules/core-rules/#Pistol"">pistol</a>",12,Ranged,1,3,2,0,1
644,Splinter rifle,"<a href=""/wh40k10ed/the-rules/core-rules/#Anti"">anti-infantry 3+</a>, <a href=""/wh40k10ed/the-rules/core-rules/#Assault"">assault</a>",24,Ranged,2,3,2,0,1
644,Sybarite weapon,"<a href=""/wh40k10ed/the-rules/core-rules/#Anti"">anti-infantry 3+</a>",Melee,Melee,3,3,3,-1,1
644,Close combat weapon,,Melee,Melee,2,3,3,0,1
646,Blast pistol,"<a href=""/wh40k10ed/the-rules/core-rules/#Pistol"">pistol</a>",6,Ranged,1,3,8,-4,D3
646,Splinter pistol,"<a href=""/wh40k10ed/the-rules/core-rules/#Anti"">anti-infantry 3+</a>, <a href=""/wh40k10ed/the-rules/core-rules/#Assault"">assault</a>, <a href=""/wh40k10ed/the-rules/core-rules/#Pistol"">pistol</a>",12,Ranged,1,3,2,0,1
646,Hekatarii blade,,Melee,Melee,3,3,3,-1,1
648,Demiklaives – single blade,,Melee,Melee,3,3,4,-2,2
648,Demiklaives – dual blades,"<a href=""/wh40k10ed/the-rules/core-rules/#Twin-linked"">twin-linked</a>",Melee,Melee,6,3,4,-1,1
648,Klaive,,Melee,Melee,3,3,4,-2,2
649,Baleblast,"<a href=""/wh40k10ed/the-rules/core-rules/#Assault"">assault</a>, <a href=""/wh40k10ed/the-rules/core-rules/#Devastating-Wounds"">devastating wounds</a>",18,Ranged,2,3,5,0,1
649,Glimmersteel blade,,Melee,Melee,3,3,5,0,1
650,Liquifier gun,"<a href=""/wh40k10ed/the-rules/core-rules/#Torrent"">torrent</a>",12,Ranged,D6,N/A,4,-1,1
650,Ossefactor,"<a href=""/wh40k10ed/the-rules/core-rules/#Anti"">anti-infantry 4+</a>, <a href=""/wh40k10ed/the-rules/core-rules/#Devastating-Wounds"">devastating wounds</a>",24,Ranged,1,3,2,-2,2
650,Hexrifle,"<a href=""/wh40k10ed/the-rules/core-rules/#Heavy"">heavy</a>, <a href=""/wh40k10ed/the-rules/core-rules/#Precision"">precision</a>",36,Ranged,1,3,6,-2,3
650,Stinger pistol,"<a href=""/wh40k10ed/the-rules/core-rules/#Anti"">anti-infantry 2+</a>, <a href=""/wh40k10ed/the-rules/core-rules/#Pistol"">pistol</a>",12,Ranged,1,3,2,0,1
650,Wrack blades,"<a href=""/wh40k10ed/the-rules/core-rules/#Anti"">anti-infantry 4+</a>",Melee,Melee,2,3,3,0,1
651,Liquifier gun,"<a href=""/wh40k10ed/the-rules/core-rules/#Torrent"">torrent</a>",12,Ranged,D6,N/A,4,-1,1
651,Monstrous weapons,,Melee,Melee,4,3,5,-1,2
652,Splinter pods,"<a href=""/wh40k10ed/the-rules/core-rules/#Anti"">anti-infantry 3+</a>, <a href=""/wh40k10ed/the-rules/core-rules/#Assault"">assault</a>",18,Ranged,2,3,2,0,1
652,Agoniser,"<a href=""/wh40k10ed/the-rules/core-rules/#Anti"">anti-infantry 3+</a>",Melee,Melee,3,3,3,-1,1
652,Clawed Fiend fists,"<a href=""/wh40k10ed/the-rules/core-rules/#Devastating-Wounds"">devastating wounds</a>",Melee,Melee,5,4,5,-1,2
652,Khymerae talons,"<a href=""/wh40k10ed/the-rules/core-rules/#Lethal-Hits"">lethal hits</a>",Melee,Melee,4,4,5,0,1
652,Razorwing feathers,"<a href=""/wh40k10ed/the-rules/core-rules/#Sustained-Hits"">sustained hits 1</a>",Melee,Melee,6,4,3,0,1
656,Dark lance,,36,Ranged,1,3,12,-3,D6+2
656,Disintegrator cannon,,36,Ranged,3,3,5,-2,2
656,Bladevanes,,Melee,Melee,3,4,6,0,1
657,Splinter cannon,"<a href=""/wh40k10ed/the-rules/core-rules/#Anti"">anti-infantry 3+</a>, <a href=""/wh40k10ed/the-rules/core-rules/#Sustained-Hits"">sustained hits 1</a>",36,Ranged,3,3,3,-1,2
657,Twin splinter rifle,"<a href=""/wh40k10ed/the-rules/core-rules/#Anti"">anti-infantry 3+</a>, <a href=""/wh40k10ed/the-rules/core-rules/#Assault"">assault</a>, <a href=""/wh40k10ed/the-rules/core-rules/#Rapid-Fire"">rapid fire 1</a>, <a href=""/wh40k10ed/the-rules/core-rules/#Twin-linked"">twin-linked</a>",24,Ranged,2,3,2,0,1
657,Bladevanes,,Melee,Melee,3,4,5,0,1
658,Blaster,"<a href=""/wh40k10ed/the-rules/core-rules/#Assault"">assault</a>",18,Ranged,1,3,8,-4,D6+1
658,Heat lance,"<a href=""/wh40k10ed/the-rules/core-rules/#Assault"">assault</a>, <a href=""/wh40k10ed/the-rules/core-rules/#Melta"">melta 3</a>",18,Ranged,1,3,14,-4,D6
658,Splinter pistol,"<a href=""/wh40k10ed/the-rules/core-rules/#Anti"">anti-infantry 3+</a>, <a href=""/wh40k10ed/the-rules/core-rules/#Assault"">assault</a>, <a href=""/wh40k10ed/the-rules/core-rules/#Pistol"">pistol</a>",12,Ranged,1,3,2,0,1
658,Splinter rifle,"<a href=""/wh40k10ed/the-rules/core-rules/#Anti"">anti-infantry 3+</a>, <a href=""/wh40k10ed/the-rules/core-rules/#Assault"">assault</a>",24,Ranged,2,3,2,0,1
658,Agoniser,"<a href=""/wh40k10ed/the-rules/core-rules/#Anti"">anti-infantry 3+</a>",Melee,Melee,4,3,3,-1,1
658,Bladevanes,,Melee,Melee,3,3,4,0,1
659,Splinter pistol,"<a href=""/wh40k10ed/the-rules/core-rules/#Anti"">anti-infantry 3+</a>, <a href=""/wh40k10ed/the-rules/core-rules/#Assault"">assault</a>, <a href=""/wh40k10ed/the-rules/core-rules/#Pistol"">pistol</a>",12,Ranged,1,3,2,0,1
659,Splinter pods,"<a href=""/wh40k10ed/the-rules/core-rules/#Anti"">anti-infantry 3+</a>, <a href=""/wh40k10ed/the-rules/core-rules/#Assault"">assault</a>, <a href=""/wh40k10ed/the-rules/core-rules/#Twin-linked"">twin-linked</a>",18,Ranged,2,3,2,0,1
659,Helliarch weapon,"<a href=""/wh40k10ed/the-rules/core-rules/#Anti"">anti-infantry 3+</a>, <a href=""/wh40k10ed/the-rules/core-rules/#Sustained-Hits"">sustained hits 1</a>",Melee,Melee,5,3,3,-1,1
659,Hellglaive,"<a href=""/wh40k10ed/the-rules/core-rules/#Sustained-Hits"">sustained hits 1</a>",Melee,Melee,3,3,4,-1,2
660,Dark Lance,,36,Ranged,1,3,12,-3,D6+2
660,Disintegrator,,36,Ranged,3,3,5,-2,2
660,Razorwing missiles – monoscythe missiles,"<a href=""/wh40k10ed/the-rules/core-rules/#Blast"">blast</a>",48,Ranged,D6,3,6,-1,2
660,Razorwing missiles – nuerotoxin missiles,"<a href=""/wh40k10ed/the-rules/core-rules/#Anti"">anti-infantry 2+</a>, <a href=""/wh40k10ed/the-rules/core-rules/#Blast"">blast</a>",48,Ranged,D6+3,3,2,0,1
660,Razorwing missiles – shatterfield missiles,"<a href=""/wh40k10ed/the-rules/core-rules/#Blast"">blast</a>",48,Ranged,D6,3,7,-1,1
660,Twin splinter rifle,"<a href=""/wh40k10ed/the-rules/core-rules/#Anti"">anti-infantry 3+</a>, <a href=""/wh40k10ed/the-rules/core-rules/#Assault"">assault</a>, <a href=""/wh40k10ed/the-rules/core-rules/#Rapid-Fire"">rapid fire 1</a>, <a href=""/wh40k10ed/the-rules/core-rules/#Twin-linked"">twin-linked</a>",24,Ranged,1,3,2,0,1
660,Splinter cannon,"<a href=""/wh40k10ed/the-rules/core-rules/#Anti"">anti-infantry 3+</a>, <a href=""/wh40k10ed/the-rules/core-rules/#Sustained-Hits"">sustained hits 1</a>",36,Ranged,3,3,3,-1,2
660,Bladed wings,,Melee,Melee,3,4,6,0,1
661,Dark scythe,,24,Ranged,6,3,8,-4,2
661,Void lance,,36,Ranged,2,3,14,-4,D6+2
661,Voidraven missiles – implosion missiles,"<a href=""/wh40k10ed/the-rules/core-rules/#Blast"">blast</a>",48,Ranged,D3,3,9,-2,3
661,Voidraven missiles – shatterfield missiles,"<a href=""/wh40k10ed/the-rules/core-rules/#Blast"">blast</a>",48,Ranged,D6,3,7,-1,1
661,Bladed wings,,Melee,Melee,3,4,6,0,1
662,Blast pistol,"<a href=""/wh40k10ed/the-rules/core-rules/#Pistol"">pistol</a>",6,Ranged,1,3,8,-3,D3
662,Blaster,"<a href=""/wh40k10ed/the-rules/core-rules/#Assault"">assault</a>",18,Ranged,1,3,8,-4,D6+1
662,Dark lance,"<a href=""/wh40k10ed/the-rules/core-rules/#Heavy"">heavy</a>",36,Ranged,1,4,12,-3,D6+2
662,Drukhari haywire blaster,"<a href=""/wh40k10ed/the-rules/core-rules/#Anti"">anti-vehicle 4+</a>, <a href=""/wh40k10ed/the-rules/core-rules/#Devastating-Wounds"">devastating wounds</a>, <a href=""/wh40k10ed/the-rules/core-rules/#Heavy"">heavy</a>",24,Ranged,2,4,3,-1,3
662,Heat lance,"<a href=""/wh40k10ed/the-rules/core-rules/#Assault"">assault</a>, <a href=""/wh40k10ed/the-rules/core-rules/#Heavy"">heavy</a>, <a href=""/wh40k10ed/the-rules/core-rules/#Melta"">melta 3</a>",18,Ranged,1,4,14,-4,D6
662,Shardcarbine,"<a href=""/wh40k10ed/the-rules/core-rules/#Anti"">anti-infantry 3+</a>, <a href=""/wh40k10ed/the-rules/core-rules/#Assault"">assault</a>",18,Ranged,3,3,2,0,1
662,Shredder,"<a href=""/wh40k10ed/the-rules/core-rules/#Assault"">assault</a>, <a href=""/wh40k10ed/the-rules/core-rules/#Torrent"">torrent</a>",18,Ranged,D6,N/A,6,0,1
662,Splinter cannon,"<a href=""/wh40k10ed/the-rules/core-rules/#Anti"">anti-infantry 3+</a>, <a href=""/wh40k10ed/the-rules/core-rules/#Heavy"">heavy</a>, <a href=""/wh40k10ed/the-rules/core-rules/#Sustained-Hits"">sustained hits 1</a>",36,Ranged,3,4,3,-1,2
662,Splinter pistol,"<a href=""/wh40k10ed/the-rules/core-rules/#Anti"">anti-infantry 3+</a>, <a href=""/wh40k10ed/the-rules/core-rules/#Assault"">assault</a>, <a href=""/wh40k10ed/the-rules/core-rules/#Pistol"">pistol</a>",12,Ranged,1,3,2,0,1
662,Solarite weapon,"<a href=""/wh40k10ed/the-rules/core-rules/#Anti"">anti-infantry 3+</a>",Melee,Melee,3,3,3,-1,1
662,Close combat weapon,,Melee,Melee,2,3,3,0,1
663,Twin Drukhari haywire blaster,"<a href=""/wh40k10ed/the-rules/core-rules/#Anti"">anti-vehicle 4+</a>, <a href=""/wh40k10ed/the-rules/core-rules/#Devastating-Wounds"">devastating wounds</a>, <a href=""/wh40k10ed/the-rules/core-rules/#Twin-linked"">twin-linked</a>",24,Ranged,2,4,3,-1,3
663,Twin heat lance,"<a href=""/wh40k10ed/the-rules/core-rules/#Assault"">assault</a>, <a href=""/wh40k10ed/the-rules/core-rules/#Melta"">melta 3</a>, <a href=""/wh40k10ed/the-rules/core-rules/#Twin-linked"">twin-linked</a>",18,Ranged,1,4,14,-4,D6
663,Twin splinter cannon,"<a href=""/wh40k10ed/the-rules/core-rules/#Anti"">anti-infantry 3+</a>, <a href=""/wh40k10ed/the-rules/core-rules/#Sustained-Hits"">sustained hits 1</a>, <a href=""/wh40k10ed/the-rules/core-rules/#Twin-linked"">twin-linked</a>",36,Ranged,3,4,3,-1,2
663,Stinger pod,,24,Ranged,2D6,4,5,0,1
663,Twin liquifier gun,"<a href=""/wh40k10ed/the-rules/core-rules/#Torrent"">torrent</a>, <a href=""/wh40k10ed/the-rules/core-rules/#Twin-linked"">twin-linked</a>",12,Ranged,D6,N/A,4,-1,1
663,Chain-flails,,Melee,Melee,8,3,6,0,1
663,Macro-scalpel,,Melee,Melee,5,3,7,-1,2
663,Talos gauntlet,,Melee,Melee,5,4,8,-2,3
663,Talos ichor injector,"<a href=""/wh40k10ed/the-rules/core-rules/#Extra-Attacks"">extra attacks</a>",Melee,Melee,1,3,7,-1,2
664,Spirit syphon,"<a href=""/wh40k10ed/the-rules/core-rules/#Ignores-Cover"">ignores cover</a>, <a href=""/wh40k10ed/the-rules/core-rules/#Torrent"">torrent</a>",12,Ranged,D6,N/A,5,-1,1
664,Spirit vortex,"<a href=""/wh40k10ed/the-rules/core-rules/#Blast"">blast</a>, <a href=""/wh40k10ed/the-rules/core-rules/#Ignores-Cover"">ignores cover</a>",18,Ranged,D6,3,5,-1,1
664,Spirit-leech tentacles,,Melee,Melee,4,4,5,0,1
665,Dark lance,,36,Ranged,1,3,12,-3,D6+2
665,Disintegrator cannon,,36,Ranged,3,3,5,-2,2
665,Bladevanes,,Melee,Melee,3,4,6,0,1
666,Storm vortex projector – beam,,36,Ranged,3,3,12,-3,D6
666,Storm vortex projector – blast,"<a href=""/wh40k10ed/the-rules/core-rules/#Blast"">blast</a>",24,Ranged,D6+3,3,6,-1,1
666,Bladevanes,,Melee,Melee,3,4,6,0,1
666,Prow blade,"<a href=""/wh40k10ed/the-rules/core-rules/#Extra-Attacks"">extra attacks</a>, <a href=""/wh40k10ed/the-rules/core-rules/#Lance"">lance</a>, <a href=""/wh40k10ed/the-rules/core-rules/#Sustained-Hits"">sustained hits 3</a>",Melee,Melee,1,4,8,-2,2
667,Pulse disintegrators,"<a href=""/wh40k10ed/the-rules/core-rules/#Assault"">assault</a>",36,Ranged,12,3,10,-2,2
667,Dire scythe blades,,Melee,Melee,6,4,8,-1,2
680,Demolisher battle cannon,"<a href=""/wh40k10ed/the-rules/core-rules/#Blast"">blast</a>",24,Ranged,D6+1,4,14,-3,D6
680,Eradicator nova cannon,"<a href=""/wh40k10ed/the-rules/core-rules/#Blast"">blast</a>, <a href=""/wh40k10ed/the-rules/core-rules/#Ignores-Cover"">ignores cover</a>",36,Ranged,D3+6,4,7,-1,2
680,Executioner plasma cannon – standard,"<a href=""/wh40k10ed/the-rules/core-rules/#Blast"">blast</a>",36,Ranged,D6+3,4,7,-2,2
680,Executioner plasma cannon – supercharge,"<a href=""/wh40k10ed/the-rules/core-rules/#Blast"">blast</a>, <a href=""/wh40k10ed/the-rules/core-rules/#Hazardous"">hazardous</a>",36,Ranged,D6+3,4,8,-3,3
680,Exterminator autocannon,"<a href=""/wh40k10ed/the-rules/core-rules/#Rapid-Fire"">rapid fire 4</a>, <a href=""/wh40k10ed/the-rules/core-rules/#Twin-linked"">twin-linked</a>",48,Ranged,4,4,9,-1,3
680,Punisher gatling cannon,,24,Ranged,20,4,6,0,1
680,Heavy bolter,"<a href=""/wh40k10ed/the-rules/core-rules/#Sustained-Hits"">sustained hits 1</a>",36,Ranged,3,4,5,-1,2
680,Heavy flamer,"<a href=""/wh40k10ed/the-rules/core-rules/#Ignores-Cover"">ignores cover</a>, <a href=""/wh40k10ed/the-rules/core-rules/#Torrent"">torrent</a>",12,Ranged,D6,N/A,5,-1,1
680,Heavy stubber,"<a href=""/wh40k10ed/the-rules/core-rules/#Rapid-Fire"">rapid fire 3</a>",36,Ranged,3,4,4,0,1
680,Hunter-killer missile,one shot,48,Ranged,1,4,14,-3,D6
680,Lascannon,,48,Ranged,1,4,12,-3,D6+1
680,Leman Russ battle cannon,"<a href=""/wh40k10ed/the-rules/core-rules/#Blast"">blast</a>",48,Ranged,D6+3,4,10,-1,3
680,Multi-melta,"<a href=""/wh40k10ed/the-rules/core-rules/#Melta"">melta 2</a>",18,Ranged,2,4,9,-4,D6
680,Storm bolter,"<a href=""/wh40k10ed/the-rules/core-rules/#Rapid-Fire"">rapid fire 2</a>",24,Ranged,2,4,4,0,1
680,Vanquisher battle cannon,"<a href=""/wh40k10ed/the-rules/core-rules/#Heavy"">heavy</a>",72,Ranged,1,4,18,-4,D6+6
680,Armoured tracks,,Melee,Melee,6,4,7,0,1
686,Autocannon,"<a href=""/wh40k10ed/the-rules/core-rules/#Heavy"">heavy</a>",48,Ranged,2,5,9,-1,3
686,Heavy bolter,"<a href=""/wh40k10ed/the-rules/core-rules/#Heavy"">heavy</a>, <a href=""/wh40k10ed/the-rules/core-rules/#Sustained-Hits"">sustained hits 1</a>",36,Ranged,3,5,5,-1,2
686,Lascannon,"<a href=""/wh40k10ed/the-rules/core-rules/#Heavy"">heavy</a>",48,Ranged,1,5,12,-3,D6+1
686,Laspistol,"<a href=""/wh40k10ed/the-rules/core-rules/#Pistol"">pistol</a>",12,Ranged,2,4,3,0,1
686,Missile launcher – frag,"<a href=""/wh40k10ed/the-rules/core-rules/#Blast"">blast</a>, <a href=""/wh40k10ed/the-rules/core-rules/#Heavy"">heavy</a>",48,Ranged,D6,5,4,0,1
686,Missile launcher – krak,"<a href=""/wh40k10ed/the-rules/core-rules/#Heavy"">heavy</a>",48,Ranged,1,5,9,-2,D6
686,Mortar,"<a href=""/wh40k10ed/the-rules/core-rules/#Blast"">blast</a>, <a href=""/wh40k10ed/the-rules/core-rules/#Heavy"">heavy</a>, <a href=""/wh40k10ed/the-rules/core-rules/#Indirect-Fire"">indirect fire</a>",48,Ranged,D6,5,5,0,1
686,Weapons team close combat weapons,,Melee,Melee,2,4,3,0,1
690,Autocannon,,48,Ranged,2,4,9,-1,3
690,Heavy flamer,"<a href=""/wh40k10ed/the-rules/core-rules/#Ignores-Cover"">ignores cover</a>, <a href=""/wh40k10ed/the-rules/core-rules/#Torrent"">torrent</a>",12,Ranged,D6,N/A,5,-1,1
690,Hunter-killer missile,one shot,48,Ranged,1,4,14,-3,D6
690,Lascannon,,48,Ranged,1,4,12,-3,D6+1
690,Multi-laser,,36,Ranged,4,4,6,0,1
690,Missile launcher – frag,"<a href=""/wh40k10ed/the-rules/core-rules/#Blast"">blast</a>, <a href=""/wh40k10ed/the-rules/core-rules/#Heavy"">heavy</a>",48,Ranged,D6,4,4,0,1
690,Missile launcher – krak,"<a href=""/wh40k10ed/the-rules/core-rules/#Heavy"">heavy</a>",48,Ranged,1,4,9,-2,D6
690,Plasma cannon – standard,"<a href=""/wh40k10ed/the-rules/core-rules/#Blast"">blast</a>",36,Ranged,D3,4,7,-2,1
690,Plasma cannon – supercharge,"<a href=""/wh40k10ed/the-rules/core-rules/#Blast"">blast</a>, <a href=""/wh40k10ed/the-rules/core-rules/#Hazardous"">hazardous</a>",36,Ranged,D3,4,8,-3,2
690,Close combat weapon,,Melee,Melee,2,4,6,0,1
690,Sentinel chainsaw,,Melee,Melee,3,4,6,-1,1
691,Autocannon,,48,Ranged,2,4,9,-1,3
691,Heavy flamer,"<a href=""/wh40k10ed/the-rules/core-rules/#Ignores-Cover"">ignores cover</a>, <a href=""/wh40k10ed/the-rules/core-rules/#Torrent"">torrent</a>",12,Ranged,D6,N/A,5,-1,1
691,Hunter-killer missile,one shot,48,Ranged,1,4,14,-3,D6
691,Lascannon,,48,Ranged,1,4,12,-3,D6+1
691,Multi-laser,,36,Ranged,4,4,6,0,1
691,Missile launcher – frag,"<a href=""/wh40k10ed/the-rules/core-rules/#Blast"">blast</a>, <a href=""/wh40k10ed/the-rules/core-rules/#Heavy"">heavy</a>",48,Ranged,D6,4,4,0,1
691,Missile launcher – krak,"<a href=""/wh40k10ed/the-rules/core-rules/#Heavy"">heavy</a>",48,Ranged,1,4,9,-2,D6
691,Plasma cannon – standard,"<a href=""/wh40k10ed/the-rules/core-rules/#Blast"">blast</a>",36,Ranged,D3,4,7,-2,1
691,Plasma cannon – supercharge,"<a href=""/wh40k10ed/the-rules/core-rules/#Blast"">blast</a>, <a href=""/wh40k10ed/the-rules/core-rules/#Hazardous"">hazardous</a>",36,Ranged,D3,4,8,-3,2
691,Close combat weapon,,Melee,Melee,2,4,6,0,1
691,Sentinel chainsaw,,Melee,Melee,3,4,6,-1,1
692,Heavy bolter,"<a href=""/wh40k10ed/the-rules/core-rules/#Sustained-Hits"">sustained hits 1</a>",36,Ranged,3,4,5,-1,2
692,Heavy flamer,"<a href=""/wh40k10ed/the-rules/core-rules/#Ignores-Cover"">ignores cover</a>, <a href=""/wh40k10ed/the-rules/core-rules/#Torrent"">torrent</a>",12,Ranged,D6,N/A,5,-1,1
692,Heavy stubber,"<a href=""/wh40k10ed/the-rules/core-rules/#Rapid-Fire"">rapid fire 3</a>",36,Ranged,3,4,4,0,1
692,Hunter-killer missile,one shot,48,Ranged,1,4,14,-3,D6
692,Lasgun array,"<a href=""/wh40k10ed/the-rules/core-rules/#Rapid-Fire"">rapid fire 6</a>",24,Ranged,6,4,3,0,1
692,Multi-laser,,36,Ranged,4,4,6,0,1
692,Storm bolter,"<a href=""/wh40k10ed/the-rules/core-rules/#Rapid-Fire"">rapid fire 2</a>",24,Ranged,2,4,4,0,1
692,Armoured tracks,,Melee,Melee,3,4,6,0,1
693,Twin autocannon,"<a href=""/wh40k10ed/the-rules/core-rules/#Twin-linked"">twin-linked</a>",48,Ranged,2,4,9,-1,3
693,Storm bolter,"<a href=""/wh40k10ed/the-rules/core-rules/#Rapid-Fire"">rapid fire 2</a>",24,Ranged,2,4,4,0,1
693,Armoured tracks,,Melee,Melee,3,4,6,0,1
694,Chem cannon,"<a href=""/wh40k10ed/the-rules/core-rules/#Anti"">anti-infantry 2+</a>, <a href=""/wh40k10ed/the-rules/core-rules/#Torrent"">torrent</a>",12,Ranged,D6+1,N/A,2,-2,2
694,Heavy bolter,"<a href=""/wh40k10ed/the-rules/core-rules/#Sustained-Hits"">sustained hits 1</a>",36,Ranged,3,4,5,-1,2
694,Heavy flamer,"<a href=""/wh40k10ed/the-rules/core-rules/#Ignores-Cover"">ignores cover</a>, <a href=""/wh40k10ed/the-rules/core-rules/#Torrent"">torrent</a>",12,Ranged,D6,N/A,5,-1,1
694,Hunter-killer missile,one shot,48,Ranged,1,4,14,-3,D6
694,Inferno cannon,"<a href=""/wh40k10ed/the-rules/core-rules/#Ignores-Cover"">ignores cover</a>, <a href=""/wh40k10ed/the-rules/core-rules/#Torrent"">torrent</a>",18,Ranged,2D6,N/A,6,-2,1
694,Melta cannon,"<a href=""/wh40k10ed/the-rules/core-rules/#Blast"">blast</a>, <a href=""/wh40k10ed/the-rules/core-rules/#Melta"">melta 4</a>",18,Ranged,D3,4,9,-4,D6
694,Multi-melta,"<a href=""/wh40k10ed/the-rules/core-rules/#Melta"">melta 2</a>",18,Ranged,2,4,9,-4,D6
694,Armoured tracks,,Melee,Melee,3,4,6,0,1
695,Earthshaker cannon,"<a href=""/wh40k10ed/the-rules/core-rules/#Blast"">blast</a>, <a href=""/wh40k10ed/the-rules/core-rules/#Indirect-Fire"">indirect fire</a>",240,Ranged,D6+3,4,8,-2,2
695,Heavy bolter,"<a href=""/wh40k10ed/the-rules/core-rules/#Sustained-Hits"">sustained hits 1</a>",36,Ranged,3,4,5,-1,2
695,Heavy flamer,"<a href=""/wh40k10ed/the-rules/core-rules/#Ignores-Cover"">ignores cover</a>, <a href=""/wh40k10ed/the-rules/core-rules/#Torrent"">torrent</a>",12,Ranged,D6,N/A,5,-1,1
695,Hunter-killer missile,one shot,48,Ranged,1,4,14,-3,D6
695,Armoured tracks,,Melee,Melee,3,4,6,0,1
696,Heavy bolter,"<a href=""/wh40k10ed/the-rules/core-rules/#Sustained-Hits"">sustained hits 1</a>",36,Ranged,3,4,5,-1,2
696,Heavy flamer,"<a href=""/wh40k10ed/the-rules/core-rules/#Ignores-Cover"">ignores cover</a>, <a href=""/wh40k10ed/the-rules/core-rules/#Torrent"">torrent</a>",12,Ranged,D6,N/A,5,-1,1
696,Hunter-killer missile,one shot,48,Ranged,1,4,14,-3,D6
696,Hydra autocannon,"<a href=""/wh40k10ed/the-rules/core-rules/#Anti"">anti-fly 2+</a>, <a href=""/wh40k10ed/the-rules/core-rules/#Twin-linked"">twin-linked</a>",72,Ranged,4,4,9,-1,3
696,Armoured tracks,,Melee,Melee,3,4,6,0,1
697,Heavy bolter,"<a href=""/wh40k10ed/the-rules/core-rules/#Sustained-Hits"">sustained hits 1</a>",36,Ranged,3,4,5,-1,2
697,Heavy flamer,"<a href=""/wh40k10ed/the-rules/core-rules/#Ignores-Cover"">ignores cover</a>, <a href=""/wh40k10ed/the-rules/core-rules/#Torrent"">torrent</a>",12,Ranged,D6,N/A,5,-1,1
697,Hunter-killer missile,one shot,48,Ranged,1,4,14,-3,D6
697,Wyvern quad stormshard mortar,"<a href=""/wh40k10ed/the-rules/core-rules/#Blast"">blast</a>, <a href=""/wh40k10ed/the-rules/core-rules/#Indirect-Fire"">indirect fire</a>, <a href=""/wh40k10ed/the-rules/core-rules/#Twin-linked"">twin-linked</a>",48,Ranged,2D6,4,5,0,1
697,Armoured tracks,,Melee,Melee,3,4,6,0,1
698,Heavy bolter,"<a href=""/wh40k10ed/the-rules/core-rules/#Sustained-Hits"">sustained hits 1</a>",36,Ranged,3,4,5,-1,2
698,Heavy flamer,"<a href=""/wh40k10ed/the-rules/core-rules/#Ignores-Cover"">ignores cover</a>, <a href=""/wh40k10ed/the-rules/core-rules/#Torrent"">torrent</a>",12,Ranged,D6,N/A,5,-1,1
698,Hunter-killer missile,one shot,48,Ranged,1,4,14,-3,D6
698,Storm eagle rockets,"<a href=""/wh40k10ed/the-rules/core-rules/#Anti"">anti-infantry 2+</a>, <a href=""/wh40k10ed/the-rules/core-rules/#Blast"">blast</a>, <a href=""/wh40k10ed/the-rules/core-rules/#Indirect-Fire"">indirect fire</a>",120,Ranged,D6,4,7,-2,3
698,Armoured tracks,,Melee,Melee,3,4,6,0,1
699,Deathstrike missile,"<a href=""/wh40k10ed/the-rules/core-rules/#Blast"">blast</a>, one shot, plasma warhead",N/A,Ranged,2D6,2,16,-4,1
699,Heavy bolter,"<a href=""/wh40k10ed/the-rules/core-rules/#Sustained-Hits"">sustained hits 1</a>",36,Ranged,3,4,5,-1,2
699,Heavy flamer,"<a href=""/wh40k10ed/the-rules/core-rules/#Ignores-Cover"">ignores cover</a>, <a href=""/wh40k10ed/the-rules/core-rules/#Torrent"">torrent</a>",12,Ranged,D6,N/A,5,-1,1
699,Hunter-killer missile,one shot,48,Ranged,1,3,14,-3,D6
699,Armoured tracks,,Melee,Melee,3,4,6,0,1
700,Heavy bolter,"<a href=""/wh40k10ed/the-rules/core-rules/#Sustained-Hits"">sustained hits 1</a>",36,Ranged,3,4,5,-1,2
700,Heavy flamer,"<a href=""/wh40k10ed/the-rules/core-rules/#Ignores-Cover"">ignores cover</a>, <a href=""/wh40k10ed/the-rules/core-rules/#Torrent"">torrent</a>",12,Ranged,D6,N/A,5,-1,1
700,Heavy stubber,"<a href=""/wh40k10ed/the-rules/core-rules/#Rapid-Fire"">rapid fire 3</a>",36,Ranged,3,4,4,0,1
700,Hunter-killer missile,one shot,48,Ranged,1,4,14,-3,D6
700,Lascannon,,48,Ranged,1,4,12,-3,D6+1
700,Leman Russ battle cannon,"<a href=""/wh40k10ed/the-rules/core-rules/#Blast"">blast</a>",48,Ranged,D6+3,4,10,-1,3
700,Multi-melta,"<a href=""/wh40k10ed/the-rules/core-rules/#Melta"">melta 2</a>",18,Ranged,2,4,9,-4,D6
700,Plasma cannon – standard,"<a href=""/wh40k10ed/the-rules/core-rules/#Blast"">blast</a>",36,Ranged,D3,4,7,-2,1
700,Plasma cannon – supercharge,"<a href=""/wh40k10ed/the-rules/core-rules/#Blast"">blast</a>, <a href=""/wh40k10ed/the-rules/core-rules/#Hazardous"">hazardous</a>",36,Ranged,D3,4,8,-3,2
700,Storm bolter,"<a href=""/wh40k10ed/the-rules/core-rules/#Rapid-Fire"">rapid fire 2</a>",24,Ranged,2,4,4,0,1
700,Armoured tracks,,Melee,Melee,6,4,7,0,1
701,Demolisher battle cannon,"<a href=""/wh40k10ed/the-rules/core-rules/#Blast"">blast</a>",24,Ranged,D6+1,4,14,-3,D6
701,Heavy bolter,"<a href=""/wh40k10ed/the-rules/core-rules/#Sustained-Hits"">sustained hits 1</a>",36,Ranged,3,4,5,-1,2
701,Heavy flamer,"<a href=""/wh40k10ed/the-rules/core-rules/#Ignores-Cover"">ignores cover</a>, <a href=""/wh40k10ed/the-rules/core-rules/#Torrent"">torrent</a>",12,Ranged,D6,N/A,5,-1,1
701,Heavy stubber,"<a href=""/wh40k10ed/the-rules/core-rules/#Rapid-Fire"">rapid fire 3</a>",36,Ranged,3,4,4,0,1
701,Hunter-killer missile,one shot,48,Ranged,1,4,14,-3,D6
701,Lascannon,,48,Ranged,1,4,12,-3,D6+1
701,Multi-melta,"<a href=""/wh40k10ed/the-rules/core-rules/#Melta"">melta 2</a>",18,Ranged,2,4,9,-4,D6
701,Plasma cannon – standard,"<a href=""/wh40k10ed/the-rules/core-rules/#Blast"">blast</a>",36,Ranged,D3,4,7,-2,1
701,Plasma cannon – supercharge,"<a href=""/wh40k10ed/the-rules/core-rules/#Blast"">blast</a>, <a href=""/wh40k10ed/the-rules/core-rules/#Hazardous"">hazardous</a>",36,Ranged,D3,4,8,-3,2
701,Storm bolter,"<a href=""/wh40k10ed/the-rules/core-rules/#Rapid-Fire"">rapid fire 2</a>",24,Ranged,2,4,4,0,1
701,Armoured tracks,,Melee,Melee,6,4,7,0,1
702,Baneblade cannon,"<a href=""/wh40k10ed/the-rules/core-rules/#Blast"">blast</a>",72,Ranged,3D6,4,12,-2,3
702,Coaxial autocannon,,48,Ranged,2,4,9,-1,3
702,Demolisher cannon,"<a href=""/wh40k10ed/the-rules/core-rules/#Blast"">blast</a>",24,Ranged,D6+3,4,14,-3,D6
702,Heavy stubber,"<a href=""/wh40k10ed/the-rules/core-rules/#Rapid-Fire"">rapid fire 3</a>",36,Ranged,3,4,4,0,1
702,Lascannon,,48,Ranged,1,4,12,-3,D6+1
702,Twin heavy bolter,"<a href=""/wh40k10ed/the-rules/core-rules/#Sustained-Hits"">sustained hits 1</a>, <a href=""/wh40k10ed/the-rules/core-rules/#Twin-linked"">twin-linked</a>",36,Ranged,3,4,5,-1,2
702,Twin heavy flamer,"<a href=""/wh40k10ed/the-rules/core-rules/#Ignores-Cover"">ignores cover</a>, <a href=""/wh40k10ed/the-rules/core-rules/#Torrent"">torrent</a>, <a href=""/wh40k10ed/the-rules/core-rules/#Twin-linked"">twin-linked</a>",12,Ranged,D6,N/A,5,-1,1
702,Armoured tracks,,Melee,Melee,6,4,8,0,1
703,Lascannon,,48,Ranged,1,4,12,-3,D6+1
703,Tremor cannon,"<a href=""/wh40k10ed/the-rules/core-rules/#Blast"">blast</a>",36,Ranged,2D6+3,4,12,-2,3
703,Twin heavy bolter,"<a href=""/wh40k10ed/the-rules/core-rules/#Sustained-Hits"">sustained hits 1</a>, <a href=""/wh40k10ed/the-rules/core-rules/#Twin-linked"">twin-linked</a>",36,Ranged,3,4,5,-1,2
703,Twin heavy flamer,"<a href=""/wh40k10ed/the-rules/core-rules/#Ignores-Cover"">ignores cover</a>, <a href=""/wh40k10ed/the-rules/core-rules/#Torrent"">torrent</a>, <a href=""/wh40k10ed/the-rules/core-rules/#Twin-linked"">twin-linked</a>",12,Ranged,D6,N/A,5,-1,1
703,Armoured tracks,,Melee,Melee,6,4,8,0,1
704,Lascannon,,48,Ranged,1,4,12,-3,D6+1
704,Quake cannon,"<a href=""/wh40k10ed/the-rules/core-rules/#Blast"">blast</a>, <a href=""/wh40k10ed/the-rules/core-rules/#Ignores-Cover"">ignores cover</a>",72,Ranged,D6+6,4,16,-4,4
704,Twin heavy bolter,"<a href=""/wh40k10ed/the-rules/core-rules/#Sustained-Hits"">sustained hits 1</a>, <a href=""/wh40k10ed/the-rules/core-rules/#Twin-linked"">twin-linked</a>",36,Ranged,3,4,5,-1,2
704,Twin heavy flamer,"<a href=""/wh40k10ed/the-rules/core-rules/#Ignores-Cover"">ignores cover</a>, <a href=""/wh40k10ed/the-rules/core-rules/#Torrent"">torrent</a>, <a href=""/wh40k10ed/the-rules/core-rules/#Twin-linked"">twin-linked</a>",12,Ranged,D6,N/A,5,-1,1
704,Armoured tracks,,Melee,Melee,6,4,8,0,1
705,Lascannon,,48,Ranged,1,4,12,-3,D6+1
705,Magma cannon,"<a href=""/wh40k10ed/the-rules/core-rules/#Blast"">blast</a>, <a href=""/wh40k10ed/the-rules/core-rules/#Melta"">melta 6</a>",24,Ranged,D6+3,4,12,-4,D6
705,Twin heavy bolter,"<a href=""/wh40k10ed/the-rules/core-rules/#Sustained-Hits"">sustained hits 1</a>, <a href=""/wh40k10ed/the-rules/core-rules/#Twin-linked"">twin-linked</a>",36,Ranged,3,4,5,-1,2
705,Twin heavy flamer,"<a href=""/wh40k10ed/the-rules/core-rules/#Ignores-Cover"">ignores cover</a>, <a href=""/wh40k10ed/the-rules/core-rules/#Torrent"">torrent</a>, <a href=""/wh40k10ed/the-rules/core-rules/#Twin-linked"">twin-linked</a>",12,Ranged,D6,N/A,5,-1,1
705,Armoured tracks,,Melee,Melee,6,4,8,0,1
706,Coaxial autocannon,,48,Ranged,2,4,9,-1,3
706,Demolisher cannon,"<a href=""/wh40k10ed/the-rules/core-rules/#Blast"">blast</a>",24,Ranged,D6+3,4,14,-3,D6
706,Heavy stubber,"<a href=""/wh40k10ed/the-rules/core-rules/#Rapid-Fire"">rapid fire 3</a>",36,Ranged,3,4,4,0,1
706,Hellhammer cannon,"<a href=""/wh40k10ed/the-rules/core-rules/#Blast"">blast</a>, <a href=""/wh40k10ed/the-rules/core-rules/#Ignores-Cover"">ignores cover</a>",30,Ranged,4D6,4,7,-1,2
706,Lascannon,,48,Ranged,1,4,12,-3,D6+1
706,Twin heavy bolter,"<a href=""/wh40k10ed/the-rules/core-rules/#Sustained-Hits"">sustained hits 1</a>, <a href=""/wh40k10ed/the-rules/core-rules/#Twin-linked"">twin-linked</a>",36,Ranged,3,4,5,-1,2
706,Twin heavy flamer,"<a href=""/wh40k10ed/the-rules/core-rules/#Ignores-Cover"">ignores cover</a>, <a href=""/wh40k10ed/the-rules/core-rules/#Torrent"">torrent</a>, <a href=""/wh40k10ed/the-rules/core-rules/#Twin-linked"">twin-linked</a>",12,Ranged,D6,N/A,5,-1,1
706,Armoured tracks,,Melee,Melee,6,4,8,0,1
707,Lascannon,,48,Ranged,1,4,12,-3,D6+1
707,Twin heavy bolter,"<a href=""/wh40k10ed/the-rules/core-rules/#Sustained-Hits"">sustained hits 1</a>, <a href=""/wh40k10ed/the-rules/core-rules/#Twin-linked"">twin-linked</a>",36,Ranged,3,4,5,-1,2
707,Twin heavy flamer,"<a href=""/wh40k10ed/the-rules/core-rules/#Ignores-Cover"">ignores cover</a>, <a href=""/wh40k10ed/the-rules/core-rules/#Torrent"">torrent</a>, <a href=""/wh40k10ed/the-rules/core-rules/#Twin-linked"">twin-linked</a>",12,Ranged,D6,N/A,5,-1,1
707,Volcano cannon,"<a href=""/wh40k10ed/the-rules/core-rules/#Blast"">blast</a>, <a href=""/wh40k10ed/the-rules/core-rules/#Heavy"">heavy</a>",96,Ranged,D3+1,4,24,-5,12
707,Armoured tracks,,Melee,Melee,6,4,8,0,1
708,Heavy stubber,"<a href=""/wh40k10ed/the-rules/core-rules/#Rapid-Fire"">rapid fire 3</a>",36,Ranged,3,4,4,0,1
708,Lascannon,,48,Ranged,1,4,12,-3,D6+1
708,Twin heavy bolter,"<a href=""/wh40k10ed/the-rules/core-rules/#Sustained-Hits"">sustained hits 1</a>, <a href=""/wh40k10ed/the-rules/core-rules/#Twin-linked"">twin-linked</a>",36,Ranged,3,4,5,-1,2
708,Twin heavy flamer,"<a href=""/wh40k10ed/the-rules/core-rules/#Ignores-Cover"">ignores cover</a>, <a href=""/wh40k10ed/the-rules/core-rules/#Torrent"">torrent</a>, <a href=""/wh40k10ed/the-rules/core-rules/#Twin-linked"">twin-linked</a>",12,Ranged,D6,N/A,5,-1,1
708,Vulcan mega-bolter,"<a href=""/wh40k10ed/the-rules/core-rules/#Sustained-Hits"">sustained hits 1</a>",48,Ranged,20,4,6,-1,2
708,Armoured tracks,,Melee,Melee,6,4,8,0,1
709,Lascannon,,48,Ranged,1,4,12,-3,D6+1
709,Stormsword siege cannon,"<a href=""/wh40k10ed/the-rules/core-rules/#Blast"">blast</a>, <a href=""/wh40k10ed/the-rules/core-rules/#Ignores-Cover"">ignores cover</a>",48,Ranged,D6+6,4,16,-4,D6+2
709,Twin heavy bolter,"<a href=""/wh40k10ed/the-rules/core-rules/#Sustained-Hits"">sustained hits 1</a>, <a href=""/wh40k10ed/the-rules/core-rules/#Twin-linked"">twin-linked</a>",36,Ranged,3,4,5,-1,2
709,Twin heavy flamer,"<a href=""/wh40k10ed/the-rules/core-rules/#Ignores-Cover"">ignores cover</a>, <a href=""/wh40k10ed/the-rules/core-rules/#Torrent"">torrent</a>, <a href=""/wh40k10ed/the-rules/core-rules/#Twin-linked"">twin-linked</a>",12,Ranged,D6,N/A,6,-1,1
709,Armoured tracks,,Melee,Melee,6,4,8,0,1
713,Auto shotgun,"<a href=""/wh40k10ed/the-rules/core-rules/#Assault"">assault</a>",12,Ranged,3,3,4,0,2
713,Plasma pistol – standard,"<a href=""/wh40k10ed/the-rules/core-rules/#Pistol"">pistol</a>",12,Ranged,1,3,7,-2,1
713,Plasma pistol – supercharge,"<a href=""/wh40k10ed/the-rules/core-rules/#Hazardous"">hazardous</a>, <a href=""/wh40k10ed/the-rules/core-rules/#Pistol"">pistol</a>",12,Ranged,1,3,8,-3,2
713,Bionic arm with devil’s claw,"<a href=""/wh40k10ed/the-rules/core-rules/#Anti"">anti-monster 4+</a>",Melee,Melee,6,2,6,-2,2
714,Payback,"<a href=""/wh40k10ed/the-rules/core-rules/#Sustained-Hits"">sustained hits 1</a>",36,Ranged,3,3,5,-1,2
714,Close combat weapon,,Melee,Melee,4,3,4,0,1
716,Bolt pistol,"<a href=""/wh40k10ed/the-rules/core-rules/#Pistol"">pistol</a>",12,Ranged,1,3,4,0,1
716,Plasma pistol – standard,"<a href=""/wh40k10ed/the-rules/core-rules/#Pistol"">pistol</a>",12,Ranged,1,3,7,-2,1
716,Plasma pistol – supercharge,"<a href=""/wh40k10ed/the-rules/core-rules/#Hazardous"">hazardous</a>, <a href=""/wh40k10ed/the-rules/core-rules/#Pistol"">pistol</a>",12,Ranged,1,3,8,-3,2
716,Chainsword,,Melee,Melee,4,3,3,0,1
716,Power weapon,,Melee,Melee,3,3,4,-2,1
719,Bolt pistol,"<a href=""/wh40k10ed/the-rules/core-rules/#Pistol"">pistol</a>",12,Ranged,1,3,4,0,1
719,Flamer,"<a href=""/wh40k10ed/the-rules/core-rules/#Ignores-Cover"">ignores cover</a>, <a href=""/wh40k10ed/the-rules/core-rules/#Torrent"">torrent</a>",12,Ranged,D6,N/A,4,0,1
719,Grenade launcher – frag,"<a href=""/wh40k10ed/the-rules/core-rules/#Blast"">blast</a>",24,Ranged,D3,3,4,0,1
719,Grenade launcher – krak,,24,Ranged,1,3,9,-2,D3
719,Hot-shot lasgun,"<a href=""/wh40k10ed/the-rules/core-rules/#Rapid-Fire"">rapid fire 1</a>",24,Ranged,1,3,3,-1,1
719,Hot-shot laspistol,"<a href=""/wh40k10ed/the-rules/core-rules/#Pistol"">pistol</a>",12,Ranged,1,3,3,-1,1
719,Hot-shot volley gun,"<a href=""/wh40k10ed/the-rules/core-rules/#Rapid-Fire"">rapid fire 2</a>",30,Ranged,2,3,4,-1,1
719,Meltagun,"<a href=""/wh40k10ed/the-rules/core-rules/#Melta"">melta 2</a>",12,Ranged,1,3,9,-4,D6
719,Plasma gun – standard,"<a href=""/wh40k10ed/the-rules/core-rules/#Rapid-Fire"">rapid fire 1</a>",24,Ranged,1,3,7,-2,1
719,Plasma gun – supercharge,"<a href=""/wh40k10ed/the-rules/core-rules/#Hazardous"">hazardous</a>, <a href=""/wh40k10ed/the-rules/core-rules/#Rapid-Fire"">rapid fire 1</a>",24,Ranged,1,3,8,-3,2
719,Plasma pistol – standard,"<a href=""/wh40k10ed/the-rules/core-rules/#Pistol"">pistol</a>",12,Ranged,1,3,7,-2,1
719,Plasma pistol – supercharge,"<a href=""/wh40k10ed/the-rules/core-rules/#Hazardous"">hazardous</a>, <a href=""/wh40k10ed/the-rules/core-rules/#Pistol"">pistol</a>",12,Ranged,1,3,8,-3,2
719,Close combat weapon,,Melee,Melee,2,4,3,0,1
719,Tempestus dagger,,Melee,Melee,4,3,3,0,1
721,Storm bolter,"<a href=""/wh40k10ed/the-rules/core-rules/#Rapid-Fire"">rapid fire 2</a>",24,Ranged,2,3,4,0,1
721,Taurox battle cannon,"<a href=""/wh40k10ed/the-rules/core-rules/#Blast"">blast</a>",48,Ranged,D6,3,8,-1,2
721,Taurox gatling cannon,"<a href=""/wh40k10ed/the-rules/core-rules/#Devastating-Wounds"">devastating wounds</a>, <a href=""/wh40k10ed/the-rules/core-rules/#Twin-linked"">twin-linked</a>",24,Ranged,8,3,4,0,1
721,Taurox missile launcher – frag,"<a href=""/wh40k10ed/the-rules/core-rules/#Blast"">blast</a>, <a href=""/wh40k10ed/the-rules/core-rules/#Twin-linked"">twin-linked</a>",48,Ranged,D6,3,4,0,1
721,Taurox missile launcher – krak,"<a href=""/wh40k10ed/the-rules/core-rules/#Twin-linked"">twin-linked</a>",48,Ranged,1,3,9,-2,D6
721,Twin autocannon,"<a href=""/wh40k10ed/the-rules/core-rules/#Twin-linked"">twin-linked</a>",48,Ranged,2,3,9,-1,3
721,Twin Taurox hot-shot volley gun,"<a href=""/wh40k10ed/the-rules/core-rules/#Rapid-Fire"">rapid fire 3</a>, <a href=""/wh40k10ed/the-rules/core-rules/#Twin-linked"">twin-linked</a>",30,Ranged,3,3,4,-1,1
721,Armoured tracks,,Melee,Melee,3,4,6,0,1
722,Ripper gun,"<a href=""/wh40k10ed/the-rules/core-rules/#Rapid-Fire"">rapid fire 3</a>",18,Ranged,3,4,5,-1,2
722,Ripper gun,,Melee,Melee,4,3,6,-1,1
723,Grenadier gauntlet,"<a href=""/wh40k10ed/the-rules/core-rules/#Blast"">blast</a>",18,Ranged,D6,4,4,0,1
723,Bullgryn maul,,Melee,Melee,4,3,7,-1,2
723,Close combat weapon,,Melee,Melee,4,3,6,0,1
724,Tankstopper rifle,"<a href=""/wh40k10ed/the-rules/core-rules/#Heavy"">heavy</a>",36,Ranged,1,3,9,-3,D6
724,Sniper rifle,"<a href=""/wh40k10ed/the-rules/core-rules/#Heavy"">heavy</a>, <a href=""/wh40k10ed/the-rules/core-rules/#Precision"">precision</a>",36,Ranged,1,3,4,-2,2
724,Close combat weapon,,Melee,Melee,1,5,2,0,1
725,Ripper gun,"<a href=""/wh40k10ed/the-rules/core-rules/#Rapid-Fire"">rapid fire 3</a>",18,Ranged,3,3,5,-1,2
725,Huge knife,"<a href=""/wh40k10ed/the-rules/core-rules/#Devastating-Wounds"">devastating wounds</a>",Melee,Melee,6,2,8,-1,2
727,Heavy bolter,"<a href=""/wh40k10ed/the-rules/core-rules/#Sustained-Hits"">sustained hits 1</a>",36,Ranged,3,4,5,-1,2
727,Hellstrike missiles,"<a href=""/wh40k10ed/the-rules/core-rules/#Anti"">anti-fly 2+</a>",48,Ranged,1,4,10,-3,D6
727,Lascannon,,48,Ranged,1,4,12,-3,D6+1
727,Multi-laser,,36,Ranged,4,4,6,0,1
727,Multiple rocket pod,"<a href=""/wh40k10ed/the-rules/core-rules/#Blast"">blast</a>",36,Ranged,D6,4,6,0,1
727,Armoured hull,,Melee,Melee,3,4,6,0,1
728,Heavy bolter,"<a href=""/wh40k10ed/the-rules/core-rules/#Sustained-Hits"">sustained hits 1</a>",36,Ranged,3,4,5,-1,2
728,Heavy stubber,"<a href=""/wh40k10ed/the-rules/core-rules/#Rapid-Fire"">rapid fire 3</a>",36,Ranged,3,4,4,0,1
728,Hunter-killer missile,one shot,48,Ranged,1,4,14,-3,D6
728,Storm bolter,"<a href=""/wh40k10ed/the-rules/core-rules/#Rapid-Fire"">rapid fire 2</a>",24,Ranged,2,4,4,0,1
728,Armoured tracks,,Melee,Melee,3,4,6,0,1
729,Heavy bolter,"<a href=""/wh40k10ed/the-rules/core-rules/#Sustained-Hits"">sustained hits 1</a>",36,Ranged,3,4,5,-1,2
729,Heavy flamer,"<a href=""/wh40k10ed/the-rules/core-rules/#Ignores-Cover"">ignores cover</a>, <a href=""/wh40k10ed/the-rules/core-rules/#Torrent"">torrent</a>",12,Ranged,D6,N/A,5,-1,1
729,Heavy stubber,"<a href=""/wh40k10ed/the-rules/core-rules/#Rapid-Fire"">rapid fire 3</a>",36,Ranged,3,4,4,0,1
729,Hunter-killer missile,one shot,48,Ranged,1,4,14,-3,D6
729,Storm bolter,"<a href=""/wh40k10ed/the-rules/core-rules/#Rapid-Fire"">rapid fire 2</a>",24,Ranged,2,4,4,0,1
729,Armoured tracks,,Melee,Melee,3,4,6,0,1
730,Melta-cutter drill,,Melee,Melee,6,4,9,-4,D6+2
731,Heavy stubber,"<a href=""/wh40k10ed/the-rules/core-rules/#Rapid-Fire"">rapid fire 3</a>",36,Ranged,3,4,4,0,1
731,Hunter-killer missile,one shot,48,Ranged,1,4,14,-3,D6
731,Armoured tracks,,Melee,Melee,3,4,6,0,1
733,Heavy bolter,"<a href=""/wh40k10ed/the-rules/core-rules/#Sustained-Hits"">sustained hits 1</a>",36,Ranged,3,4,5,-1,2
733,Heavy flamer,"<a href=""/wh40k10ed/the-rules/core-rules/#Ignores-Cover"">ignores cover</a>, <a href=""/wh40k10ed/the-rules/core-rules/#Torrent"">torrent</a>",12,Ranged,D6,N/A,5,-1,1
733,Hunter-killer missile,one shot,48,Ranged,1,4,14,-3,D6
733,Armoured tracks,,Melee,Melee,3,4,6,0,1
735,Autocannon,,48,Ranged,2,4,9,-1,3
735,Heavy bolter,"<a href=""/wh40k10ed/the-rules/core-rules/#Sustained-Hits"">sustained hits 1</a>",36,Ranged,3,4,5,-1,2
735,Heavy stubber,"<a href=""/wh40k10ed/the-rules/core-rules/#Rapid-Fire"">rapid fire 3</a>",36,Ranged,3,4,4,0,1
735,Hunter-killer missile,one shot,48,Ranged,1,4,14,-3,D6
735,Storm bolter,"<a href=""/wh40k10ed/the-rules/core-rules/#Rapid-Fire"">rapid fire 2</a>",24,Ranged,2,4,4,0,1
735,Armoured tracks,,Melee,Melee,3,4,6,0,1
736,Heavy flamer,"<a href=""/wh40k10ed/the-rules/core-rules/#Ignores-Cover"">ignores cover</a>, <a href=""/wh40k10ed/the-rules/core-rules/#Torrent"">torrent</a>",12,Ranged,D6,N/A,5,-1,1
736,Hunter-killer missile,one shot,48,Ranged,1,4,14,-3,D6
736,Tauros grenade launcher – frag,"<a href=""/wh40k10ed/the-rules/core-rules/#Blast"">blast</a>",24,Ranged,D6,4,4,0,1
736,Tauros grenade launcher – krak,,24,Ranged,2,4,9,-2,D3
736,Armoured frame,,Melee,Melee,2,4,5,0,1
737,Hunter-killer missile,one shot,48,Ranged,1,4,14,-3,D6
737,Twin lascannon,"<a href=""/wh40k10ed/the-rules/core-rules/#Twin-linked"">twin-linked</a>",48,Ranged,1,4,12,-3,D6+1
737,Twin multi-laser,"<a href=""/wh40k10ed/the-rules/core-rules/#Twin-linked"">twin-linked</a>",36,Ranged,4,4,6,0,1
737,Armoured frame,,Melee,Melee,2,4,5,0,1
739,Heavy bolter,"<a href=""/wh40k10ed/the-rules/core-rules/#Sustained-Hits"">sustained hits 1</a>",36,Ranged,3,4,5,-1,2
739,Heavy flamer,"<a href=""/wh40k10ed/the-rules/core-rules/#Ignores-Cover"">ignores cover</a>, <a href=""/wh40k10ed/the-rules/core-rules/#Torrent"">torrent</a>",12,Ranged,D6,N/A,5,-1,1
739,Heavy stubber,"<a href=""/wh40k10ed/the-rules/core-rules/#Rapid-Fire"">rapid fire 3</a>",36,Ranged,3,4,4,0,1
739,Hunter-killer missile,one shot,48,Ranged,1,4,14,-3,D6
739,Medusa siege cannon,"<a href=""/wh40k10ed/the-rules/core-rules/#Blast"">blast</a>, <a href=""/wh40k10ed/the-rules/core-rules/#Indirect-Fire"">indirect fire</a>",36,Ranged,D6,4,12,-2,4
739,Storm bolter,"<a href=""/wh40k10ed/the-rules/core-rules/#Rapid-Fire"">rapid fire 2</a>",24,Ranged,2,4,4,0,1
739,Armoured tracks,,Melee,Melee,3,4,6,0,1
740,Colossus siege mortar,"<a href=""/wh40k10ed/the-rules/core-rules/#Blast"">blast</a>, <a href=""/wh40k10ed/the-rules/core-rules/#Devastating-Wounds"">devastating wounds</a>",120,Ranged,D6,4,6,-1,D6+2
740,Heavy stubber,"<a href=""/wh40k10ed/the-rules/core-rules/#Rapid-Fire"">rapid fire 3</a>",36,Ranged,3,4,4,0,1
740,Hunter-killer missile,one shot,48,Ranged,1,4,14,-3,D6
740,Storm bolter,"<a href=""/wh40k10ed/the-rules/core-rules/#Rapid-Fire"">rapid fire 2</a>",24,Ranged,2,4,4,0,1
740,Armoured tracks,,Melee,Melee,6,4,7,0,1
743,Earthshaker cannon,"<a href=""/wh40k10ed/the-rules/core-rules/#Blast"">blast</a>, <a href=""/wh40k10ed/the-rules/core-rules/#Heavy"">heavy</a>, <a href=""/wh40k10ed/the-rules/core-rules/#Indirect-Fire"">indirect fire</a>",240,Ranged,D6+3,5,8,-2,2
743,Battery close combat weapons,,Melee,Melee,5,4,3,0,1
744,Griffon heavy mortar,"<a href=""/wh40k10ed/the-rules/core-rules/#Blast"">blast</a>, <a href=""/wh40k10ed/the-rules/core-rules/#Indirect-Fire"">indirect fire</a>",48,Ranged,D6,4,7,-1,2
744,Heavy bolter,"<a href=""/wh40k10ed/the-rules/core-rules/#Sustained-Hits"">sustained hits 1</a>",36,Ranged,3,4,5,-1,2
744,Heavy flamer,"<a href=""/wh40k10ed/the-rules/core-rules/#Ignores-Cover"">ignores cover</a>, <a href=""/wh40k10ed/the-rules/core-rules/#Torrent"">torrent</a>",12,Ranged,D6,N/A,5,-1,1
744,Heavy stubber,"<a href=""/wh40k10ed/the-rules/core-rules/#Rapid-Fire"">rapid fire 3</a>",36,Ranged,3,4,4,0,1
744,Storm bolter,"<a href=""/wh40k10ed/the-rules/core-rules/#Rapid-Fire"">rapid fire 2</a>",24,Ranged,2,4,4,0,1
744,Armoured tracks,,Melee,Melee,3,4,6,0,1
745,Heavy mortar,"<a href=""/wh40k10ed/the-rules/core-rules/#Heavy"">heavy</a>, <a href=""/wh40k10ed/the-rules/core-rules/#Blast"">blast</a>, <a href=""/wh40k10ed/the-rules/core-rules/#Indirect-Fire"">indirect fire</a>",48,Ranged,D6,5,6,-1,2
745,Close combat weapons,,Melee,Melee,3,4,3,0,1
746,Heavy quad launcher,"<a href=""/wh40k10ed/the-rules/core-rules/#Blast"">blast</a>, <a href=""/wh40k10ed/the-rules/core-rules/#Indirect-Fire"">indirect fire</a>",48,Ranged,2D6,4,5,0,1
746,Close combat weapons,,Melee,Melee,3,4,3,0,1
747,Hydra quad autocannon,"<a href=""/wh40k10ed/the-rules/core-rules/#Anti"">anti-fly 2+</a>, <a href=""/wh40k10ed/the-rules/core-rules/#Twin-linked"">twin-linked</a>",72,Ranged,4,4,9,-1,3
747,Close combat weapons,,Melee,Melee,3,4,3,0,1
751,Autocannon,,48,Ranged,2,4,9,-1,3
751,Demolisher cannon,"<a href=""/wh40k10ed/the-rules/core-rules/#Blast"">blast</a>",24,Ranged,D6+3,4,14,-3,D6
751,Heavy bolter,"<a href=""/wh40k10ed/the-rules/core-rules/#Sustained-Hits"">sustained hits 1</a>",36,Ranged,3,4,5,-1,2
751,Heavy stubber,"<a href=""/wh40k10ed/the-rules/core-rules/#Rapid-Fire"">rapid fire 3</a>",36,Ranged,3,4,4,0,1
751,Hunter-killer missile,one shot,48,Ranged,1,4,14,-3,D6
751,Lascannon,,48,Ranged,1,4,12,-3,D6+1
751,Malcador twin lascannon,"<a href=""/wh40k10ed/the-rules/core-rules/#Twin-linked"">twin-linked</a>",48,Ranged,1,4,12,-3,D6+1
751,Storm bolter,"<a href=""/wh40k10ed/the-rules/core-rules/#Rapid-Fire"">rapid fire 2</a>",24,Ranged,1,4,4,0,1
751,Armoured tracks,,Melee,Melee,6,4,7,0,1
752,Autocannon,,48,Ranged,2,4,9,-1,3
752,Demolisher cannon,"<a href=""/wh40k10ed/the-rules/core-rules/#Blast"">blast</a>",24,Ranged,D6+3,4,14,-3,D6
752,Heavy bolter,"<a href=""/wh40k10ed/the-rules/core-rules/#Sustained-Hits"">sustained hits 1</a>",36,Ranged,3,4,5,-1,2
752,Heavy stubber,"<a href=""/wh40k10ed/the-rules/core-rules/#Rapid-Fire"">rapid fire 3</a>",36,Ranged,3,4,4,0,1
752,Hunter-killer missile,one shot,48,Ranged,1,4,14,-3,D6
752,Lascannon,,48,Ranged,1,4,12,-3,D6+1
752,Storm bolter,"<a href=""/wh40k10ed/the-rules/core-rules/#Rapid-Fire"">rapid fire 2</a>",24,Ranged,1,4,4,0,1
752,Armoured tracks,,Melee,Melee,6,4,7,0,1
753,Autocannon,,48,Ranged,2,4,9,-1,3
753,Heavy bolter,"<a href=""/wh40k10ed/the-rules/core-rules/#Sustained-Hits"">sustained hits 1</a>",36,Ranged,3,4,5,-1,2
753,Heavy stubber,"<a href=""/wh40k10ed/the-rules/core-rules/#Rapid-Fire"">rapid fire 3</a>",36,Ranged,3,4,4,0,1
753,Hunter-killer missile,one shot,48,Ranged,1,4,14,-3,D6
753,Lascannon,,48,Ranged,1,4,12,-3,D6+1
753,Malcador battle cannon,"<a href=""/wh40k10ed/the-rules/core-rules/#Blast"">blast</a>",48,Ranged,D6+3,4,9,-1,3
753,Storm bolter,"<a href=""/wh40k10ed/the-rules/core-rules/#Rapid-Fire"">rapid fire 2</a>",24,Ranged,1,4,4,0,1
753,Armoured tracks,,Melee,Melee,6,4,7,0,1
754,Autocannon,,48,Ranged,2,4,9,-1,3
754,Heavy bolter,"<a href=""/wh40k10ed/the-rules/core-rules/#Sustained-Hits"">sustained hits 1</a>",36,Ranged,3,4,5,-1,2
754,Heavy flamer,"<a href=""/wh40k10ed/the-rules/core-rules/#Ignores-Cover"">ignores cover</a>, <a href=""/wh40k10ed/the-rules/core-rules/#Torrent"">torrent</a>",12,Ranged,D6,N/A,5,-1,1
754,Heavy stubber,"<a href=""/wh40k10ed/the-rules/core-rules/#Rapid-Fire"">rapid fire 3</a>",36,Ranged,3,4,4,0,1
754,Hunter-killer missile,one shot,48,Ranged,1,4,14,-3,D6
754,Inferno gun,"<a href=""/wh40k10ed/the-rules/core-rules/#Ignores-Cover"">ignores cover</a>, <a href=""/wh40k10ed/the-rules/core-rules/#Torrent"">torrent</a>",18,Ranged,D6+3,N/A,5,-2,2
754,Lascannon,,48,Ranged,1,4,12,-3,D6+1
754,Storm bolter,"<a href=""/wh40k10ed/the-rules/core-rules/#Rapid-Fire"">rapid fire 2</a>",24,Ranged,1,4,4,0,1
754,Armoured tracks,,Melee,Melee,6,4,7,0,1
755,Storm eagle rockets,"<a href=""/wh40k10ed/the-rules/core-rules/#Blast"">blast</a>, <a href=""/wh40k10ed/the-rules/core-rules/#Indirect-Fire"">indirect fire</a>",120,Ranged,D6+1,4,10,-2,3
755,Close combat weapons,,Melee,Melee,3,4,3,0,1
756,Medusa siege cannon,"<a href=""/wh40k10ed/the-rules/core-rules/#Blast"">blast</a>, <a href=""/wh40k10ed/the-rules/core-rules/#Heavy"">heavy</a>, <a href=""/wh40k10ed/the-rules/core-rules/#Indirect-Fire"">indirect fire</a>",36,Ranged,D6,5,10,-3,3
756,Battery close combat weapons,,Melee,Melee,5,4,3,0,1
757,Laser destroyer,"<a href=""/wh40k10ed/the-rules/core-rules/#Heavy"">heavy</a>, <a href=""/wh40k10ed/the-rules/core-rules/#Twin-linked"">twin-linked</a>",36,Ranged,2,5,12,-2,D6+1
757,Close combat weapon,,Melee,Melee,2,4,3,0,1
758,Twin autocannon,"<a href=""/wh40k10ed/the-rules/core-rules/#Twin-linked"">twin-linked</a>",48,Ranged,2,4,9,-1,3
758,Twin heavy bolter,"<a href=""/wh40k10ed/the-rules/core-rules/#Sustained-Hits"">sustained hits 1</a>, <a href=""/wh40k10ed/the-rules/core-rules/#Twin-linked"">twin-linked</a>",36,Ranged,3,4,5,-1,2
758,Twin heavy stubber,"<a href=""/wh40k10ed/the-rules/core-rules/#Rapid-Fire"">rapid fire 3</a>, <a href=""/wh40k10ed/the-rules/core-rules/#Twin-linked"">twin-linked</a>",36,Ranged,3,4,4,0,1
758,Twin lascannon,"<a href=""/wh40k10ed/the-rules/core-rules/#Twin-linked"">twin-linked</a>",48,Ranged,1,4,12,-3,D6+1
758,Close combat weapon,,Melee,Melee,1,4,3,0,1
759,Powerlifter,,Melee,Melee,3,4,10,-2,D3
760,Heavy stubber,"<a href=""/wh40k10ed/the-rules/core-rules/#Rapid-Fire"">rapid fire 3</a>",36,Ranged,3,4,4,0,1
760,Hunter-killer missile,one shot,48,Ranged,1,4,14,-3,D6
760,Storm bolter,"<a href=""/wh40k10ed/the-rules/core-rules/#Rapid-Fire"">rapid fire 2</a>",24,Ranged,2,4,4,0,1
760,Stygies laser destroyer,"<a href=""/wh40k10ed/the-rules/core-rules/#Heavy"">heavy</a>",72,Ranged,2,4,14,-4,D6+3
760,Armoured tracks,,Melee,Melee,3,4,6,0,1
762,Twin heavy bolter,"<a href=""/wh40k10ed/the-rules/core-rules/#Sustained-Hits"">sustained hits 1</a>, <a href=""/wh40k10ed/the-rules/core-rules/#Twin-linked"">twin-linked</a>",36,Ranged,3,4,5,-1,2
762,Twin lascannon,"<a href=""/wh40k10ed/the-rules/core-rules/#Twin-linked"">twin-linked</a>",48,Ranged,1,4,12,-3,D6+1
762,Close combat weapon,,Melee,Melee,1,4,4,0,1
763,Heavy stubber,"<a href=""/wh40k10ed/the-rules/core-rules/#Rapid-Fire"">rapid fire 3</a>",36,Ranged,3,4,4,0,1
763,Hunter-killer missile,one shot,48,Ranged,1,4,14,-3,D6
763,Lascannon,,48,Ranged,1,4,12,-3,D6+1
763,Storm bolter,"<a href=""/wh40k10ed/the-rules/core-rules/#Rapid-Fire"">rapid fire 2</a>",24,Ranged,1,4,4,0,1
763,Stormblade plasma blastgun – standard,"<a href=""/wh40k10ed/the-rules/core-rules/#Blast"">blast</a>",48,Ranged,D6+3,4,9,-2,3
763,Stormblade plasma blastgun – supercharge,"<a href=""/wh40k10ed/the-rules/core-rules/#Blast"">blast</a>, <a href=""/wh40k10ed/the-rules/core-rules/#Hazardous"">hazardous</a>",48,Ranged,D6+3,4,10,-3,4
763,Twin heavy bolter,"<a href=""/wh40k10ed/the-rules/core-rules/#Sustained-Hits"">sustained hits 1</a>, <a href=""/wh40k10ed/the-rules/core-rules/#Twin-linked"">twin-linked</a>",36,Ranged,3,4,5,-1,2
763,Twin heavy flamer,"<a href=""/wh40k10ed/the-rules/core-rules/#Ignores-Cover"">ignores cover</a>, <a href=""/wh40k10ed/the-rules/core-rules/#Torrent"">torrent</a>, <a href=""/wh40k10ed/the-rules/core-rules/#Twin-linked"">twin-linked</a>",12,Ranged,D6,N/A,5,-1,1
763,Armoured tracks,,Melee,Melee,6,4,8,0,1
764,Heavy bolter,"<a href=""/wh40k10ed/the-rules/core-rules/#Sustained-Hits"">sustained hits 1</a>",36,Ranged,3,4,5,-1,2
764,Heavy flamer,"<a href=""/wh40k10ed/the-rules/core-rules/#Ignores-Cover"">ignores cover</a>, <a href=""/wh40k10ed/the-rules/core-rules/#Torrent"">torrent</a>",12,Ranged,D6,N/A,5,-1,1
764,Heavy stubber,"<a href=""/wh40k10ed/the-rules/core-rules/#Rapid-Fire"">rapid fire 3</a>",36,Ranged,3,4,4,0,1
764,Hunter-killer missile,one shot,48,Ranged,1,4,14,-3,D6
764,Lascannon,,48,Ranged,1,4,12,-3,D6+1
764,Multi-laser,,36,Ranged,4,4,6,0,1
764,Storm bolter,"<a href=""/wh40k10ed/the-rules/core-rules/#Rapid-Fire"">rapid fire 2</a>",24,Ranged,2,4,4,0,1
764,Stormhammer cannon,"<a href=""/wh40k10ed/the-rules/core-rules/#Blast"">blast</a>",72,Ranged,3D6,4,12,-2,3
764,Twin battle cannon,"<a href=""/wh40k10ed/the-rules/core-rules/#Blast"">blast</a>, <a href=""/wh40k10ed/the-rules/core-rules/#Twin-linked"">twin-linked</a>",48,Ranged,D6+3,4,9,-1,3
764,Armoured tracks,,Melee,Melee,6,4,8,0,1
766,Heavy bolter,"<a href=""/wh40k10ed/the-rules/core-rules/#Sustained-Hits"">sustained hits 1</a>",36,Ranged,3,4,5,-1,2
766,Heavy stubber,"<a href=""/wh40k10ed/the-rules/core-rules/#Rapid-Fire"">rapid fire 3</a>",36,Ranged,3,4,4,0,1
766,Storm bolter,"<a href=""/wh40k10ed/the-rules/core-rules/#Rapid-Fire"">rapid fire 2</a>",24,Ranged,2,4,4,0,1
766,Armoured tracks,,Melee,Melee,6,4,7,0,1
767,Autocannon,,48,Ranged,2,4,9,-1,3
767,Dominus triple bombard,"<a href=""/wh40k10ed/the-rules/core-rules/#Blast"">blast</a>, <a href=""/wh40k10ed/the-rules/core-rules/#Indirect-Fire"">indirect fire</a>",48,Ranged,2D6,4,12,-2,3
767,Heavy bolter,"<a href=""/wh40k10ed/the-rules/core-rules/#Sustained-Hits"">sustained hits 1</a>",36,Ranged,3,4,5,-1,2
767,Heavy flamer,"<a href=""/wh40k10ed/the-rules/core-rules/#Ignores-Cover"">ignores cover</a>, <a href=""/wh40k10ed/the-rules/core-rules/#Torrent"">torrent</a>",12,Ranged,D6,N/A,5,-1,1
767,Heavy stubber,"<a href=""/wh40k10ed/the-rules/core-rules/#Rapid-Fire"">rapid fire 3</a>",36,Ranged,3,4,4,0,1
767,Hunter-killer missile,one shot,48,Ranged,1,4,14,-3,D6
767,Lascannon,,48,Ranged,1,4,12,-3,D6+1
767,Storm bolter,"<a href=""/wh40k10ed/the-rules/core-rules/#Rapid-Fire"">rapid fire 2</a>",24,Ranged,2,4,4,0,1
767,Armoured tracks,,Melee,Melee,3,4,6,0,1
768,Gorgon mortar,"<a href=""/wh40k10ed/the-rules/core-rules/#Blast"">blast</a>, <a href=""/wh40k10ed/the-rules/core-rules/#Indirect-Fire"">indirect fire</a>",48,Ranged,D6,4,5,0,1
768,Heavy bolter,"<a href=""/wh40k10ed/the-rules/core-rules/#Sustained-Hits"">sustained hits 1</a>",36,Ranged,3,4,5,-1,2
768,Heavy flamer,"<a href=""/wh40k10ed/the-rules/core-rules/#Ignores-Cover"">ignores cover</a>, <a href=""/wh40k10ed/the-rules/core-rules/#Torrent"">torrent</a>",12,Ranged,D6,N/A,5,-1,1
768,Heavy stubber,"<a href=""/wh40k10ed/the-rules/core-rules/#Rapid-Fire"">rapid fire 3</a>",36,Ranged,3,4,4,0,1
768,Hunter-killer missile,one shot,48,Ranged,1,4,14,-3,D6
768,Twin heavy stubber,"<a href=""/wh40k10ed/the-rules/core-rules/#Rapid-Fire"">rapid fire 3</a>, <a href=""/wh40k10ed/the-rules/core-rules/#Twin-linked"">twin-linked</a>",36,Ranged,3,4,4,0,1
768,Landing ramp,,Melee,Melee,6,4,8,0,1
769,Heavy bolter,"<a href=""/wh40k10ed/the-rules/core-rules/#Sustained-Hits"">sustained hits 1</a>",36,Ranged,3,4,5,-1,2
769,Heavy flamer,"<a href=""/wh40k10ed/the-rules/core-rules/#Ignores-Cover"">ignores cover</a>, <a href=""/wh40k10ed/the-rules/core-rules/#Torrent"">torrent</a>",12,Ranged,D6,N/A,5,-1,1
769,Heavy stubber,"<a href=""/wh40k10ed/the-rules/core-rules/#Rapid-Fire"">rapid fire 3</a>",36,Ranged,3,4,4,0,1
769,Hunter-killer missile,one shot,48,Ranged,1,4,14,-3,D6
769,Macharius twin battle cannon,"<a href=""/wh40k10ed/the-rules/core-rules/#Blast"">blast</a>, <a href=""/wh40k10ed/the-rules/core-rules/#Twin-linked"">twin-linked</a>",48,Ranged,D6+3,4,10,-1,3
769,Storm bolter,"<a href=""/wh40k10ed/the-rules/core-rules/#Rapid-Fire"">rapid fire 2</a>",24,Ranged,2,4,4,0,1
769,Twin heavy stubber,"<a href=""/wh40k10ed/the-rules/core-rules/#Rapid-Fire"">rapid fire 3</a>, <a href=""/wh40k10ed/the-rules/core-rules/#Twin-linked"">twin-linked</a>",36,Ranged,3,4,4,0,1
769,Armoured tracks,,Melee,Melee,6,4,8,0,1
770,Autocannon,,48,Ranged,2,4,9,-1,3
770,Heavy bolter,"<a href=""/wh40k10ed/the-rules/core-rules/#Sustained-Hits"">sustained hits 1</a>",36,Ranged,3,4,5,-1,2
770,Heavy flamer,"<a href=""/wh40k10ed/the-rules/core-rules/#Ignores-Cover"">ignores cover</a>, <a href=""/wh40k10ed/the-rules/core-rules/#Torrent"">torrent</a>",12,Ranged,D6,N/A,5,-1,1
770,Heavy stubber,"<a href=""/wh40k10ed/the-rules/core-rules/#Rapid-Fire"">rapid fire 3</a>",36,Ranged,3,4,4,0,1
770,Hunter-killer missile,one shot,48,Ranged,1,4,14,-3,D6
770,Omega-pattern plasma blastgun – standard,"<a href=""/wh40k10ed/the-rules/core-rules/#Blast"">blast</a>",60,Ranged,2D6,4,8,-2,2
770,Omega-pattern plasma blastgun – supercharge,"<a href=""/wh40k10ed/the-rules/core-rules/#Blast"">blast</a>, <a href=""/wh40k10ed/the-rules/core-rules/#Hazardous"">hazardous</a>",60,Ranged,2D6,4,9,-3,3
770,Storm bolter,"<a href=""/wh40k10ed/the-rules/core-rules/#Rapid-Fire"">rapid fire 2</a>",24,Ranged,2,4,4,0,1
770,Armoured tracks,,Melee,Melee,3,4,6,0,1
771,Heavy bolter,"<a href=""/wh40k10ed/the-rules/core-rules/#Sustained-Hits"">sustained hits 1</a>",36,Ranged,3,4,5,-1,2
771,Heavy flamer,"<a href=""/wh40k10ed/the-rules/core-rules/#Ignores-Cover"">ignores cover</a>, <a href=""/wh40k10ed/the-rules/core-rules/#Torrent"">torrent</a>",12,Ranged,D6,N/A,5,-1,1
771,Heavy stubber,"<a href=""/wh40k10ed/the-rules/core-rules/#Rapid-Fire"">rapid fire 3</a>",36,Ranged,3,4,4,0,1
771,Hunter-killer missile,one shot,48,Ranged,1,4,14,-3,D6
771,Macharius twin vanquisher cannon,"<a href=""/wh40k10ed/the-rules/core-rules/#Heavy"">heavy</a>, <a href=""/wh40k10ed/the-rules/core-rules/#Twin-linked"">twin-linked</a>",72,Ranged,1,4,18,-4,D6+6
771,Storm bolter,"<a href=""/wh40k10ed/the-rules/core-rules/#Rapid-Fire"">rapid fire 2</a>",24,Ranged,2,4,4,0,1
771,Twin heavy stubber,"<a href=""/wh40k10ed/the-rules/core-rules/#Rapid-Fire"">rapid fire 3</a>, <a href=""/wh40k10ed/the-rules/core-rules/#Twin-linked"">twin-linked</a>",36,Ranged,3,4,4,0,1
771,Armoured tracks,,Melee,Melee,6,4,8,0,1
772,Heavy bolter,"<a href=""/wh40k10ed/the-rules/core-rules/#Sustained-Hits"">sustained hits 1</a>",36,Ranged,3,4,5,-1,2
772,Heavy flamer,"<a href=""/wh40k10ed/the-rules/core-rules/#Ignores-Cover"">ignores cover</a>, <a href=""/wh40k10ed/the-rules/core-rules/#Torrent"">torrent</a>",12,Ranged,D6,N/A,5,-1,1
772,Heavy stubber,"<a href=""/wh40k10ed/the-rules/core-rules/#Rapid-Fire"">rapid fire 3</a>",36,Ranged,3,4,4,0,1
772,Hunter-killer missile,one shot,48,Ranged,1,4,14,-3,D6
772,Macharius vulcan mega-bolter,"<a href=""/wh40k10ed/the-rules/core-rules/#Sustained-Hits"">sustained hits 1</a>",48,Ranged,16,4,6,-1,2
772,Storm bolter,"<a href=""/wh40k10ed/the-rules/core-rules/#Rapid-Fire"">rapid fire 2</a>",24,Ranged,2,4,4,0,1
772,Twin heavy stubber,"<a href=""/wh40k10ed/the-rules/core-rules/#Rapid-Fire"">rapid fire 3</a>, <a href=""/wh40k10ed/the-rules/core-rules/#Twin-linked"">twin-linked</a>",36,Ranged,3,4,4,0,1
772,Armoured tracks,,Melee,Melee,6,4,8,0,1
773,Heavy bolter,"<a href=""/wh40k10ed/the-rules/core-rules/#Sustained-Hits"">sustained hits 1</a>",36,Ranged,3,4,5,-1,2
773,Lascannon,,48,Ranged,1,4,12,-3,D6+1
773,Armoured hull,,Melee,Melee,6,4,8,0,1
774,Assault cannon,"<a href=""/wh40k10ed/the-rules/core-rules/#Devastating-Wounds"">devastating wounds</a>",24,Ranged,6,4,6,0,1
774,Heavy bolter,"<a href=""/wh40k10ed/the-rules/core-rules/#Sustained-Hits"">sustained hits 1</a>",36,Ranged,3,4,5,-1,2
774,Hellstrike missile rack,"<a href=""/wh40k10ed/the-rules/core-rules/#Anti"">anti-fly 2+</a>",48,Ranged,2,4,10,-3,D6
774,Marauder nose autocannons,"<a href=""/wh40k10ed/the-rules/core-rules/#Twin-linked"">twin-linked</a>",48,Ranged,4,4,10,-2,3
774,Armoured hull,,Melee,Melee,6,4,8,0,1
775,Minotaur twin earthshaker cannon,"<a href=""/wh40k10ed/the-rules/core-rules/#Blast"">blast</a>, <a href=""/wh40k10ed/the-rules/core-rules/#Indirect-Fire"">indirect fire</a>, <a href=""/wh40k10ed/the-rules/core-rules/#Twin-linked"">twin-linked</a>",240,Ranged,D6+3,4,8,-2,2
775,Armoured tracks,,Melee,Melee,3,4,6,0,1
776,Heavy bolter,"<a href=""/wh40k10ed/the-rules/core-rules/#Sustained-Hits"">sustained hits 1</a>",36,Ranged,3,4,5,-1,2
776,Heavy stubber,"<a href=""/wh40k10ed/the-rules/core-rules/#Rapid-Fire"">rapid fire 3</a>",36,Ranged,3,4,4,0,1
776,Praetor launcher – firestorm,"<a href=""/wh40k10ed/the-rules/core-rules/#Blast"">blast</a>, <a href=""/wh40k10ed/the-rules/core-rules/#Heavy"">heavy</a>, <a href=""/wh40k10ed/the-rules/core-rules/#Ignores-Cover"">ignores cover</a>, <a href=""/wh40k10ed/the-rules/core-rules/#Indirect-Fire"">indirect fire</a>",120,Ranged,2D6,4,6,-1,2
776,Praetor launcher – foehammer,"<a href=""/wh40k10ed/the-rules/core-rules/#Anti"">anti-monster 4+</a>, <a href=""/wh40k10ed/the-rules/core-rules/#Anti"">anti-vehicle 4+</a>, <a href=""/wh40k10ed/the-rules/core-rules/#Blast"">blast</a>, <a href=""/wh40k10ed/the-rules/core-rules/#Heavy"">heavy</a>, <a href=""/wh40k10ed/the-rules/core-rules/#Indirect-Fire"">indirect fire</a>",120,Ranged,D6+1,4,4,-2,3
776,Storm bolter,"<a href=""/wh40k10ed/the-rules/core-rules/#Rapid-Fire"">rapid fire 2</a>",24,Ranged,2,4,4,0,1
776,Armoured tracks,,Melee,Melee,6,4,7,0,1
777,Autocannon,,48,Ranged,2,4,9,-1,3
777,Heavy bolter,"<a href=""/wh40k10ed/the-rules/core-rules/#Sustained-Hits"">sustained hits 1</a>",36,Ranged,3,4,5,-1,2
777,Heavy flamer,"<a href=""/wh40k10ed/the-rules/core-rules/#Ignores-Cover"">ignores cover</a>, <a href=""/wh40k10ed/the-rules/core-rules/#Torrent"">torrent</a>",12,Ranged,D6,N/A,5,-1,1
777,Heavy stubber,"<a href=""/wh40k10ed/the-rules/core-rules/#Rapid-Fire"">rapid fire 3</a>",36,Ranged,3,4,4,0,1
777,Hunter-killer missile,one shot,48,Ranged,1,4,14,-3,D6
777,Lascannon,,48,Ranged,1,4,12,-3,D6+1
777,Storm bolter,"<a href=""/wh40k10ed/the-rules/core-rules/#Rapid-Fire"">rapid fire 2</a>",24,Ranged,2,4,4,0,1
777,Valdor neutron laser,"<a href=""/wh40k10ed/the-rules/core-rules/#Heavy"">heavy</a>",48,Ranged,2,4,16,-4,D6+1
777,Armoured tracks,,Melee,Melee,6,4,8,0,1
778,Autocannon,,48,Ranged,2,4,9,-1,3
778,Heavy bolter,"<a href=""/wh40k10ed/the-rules/core-rules/#Sustained-Hits"">sustained hits 1</a>",36,Ranged,3,4,5,-1,2
778,Multi-laser,,36,Ranged,4,4,6,0,1
778,Armoured hull,,Melee,Melee,3,4,6,0,1
779,Armoured hull,,Melee,Melee,2,4,5,0,1
780,Avenger bolt cannon,"<a href=""/wh40k10ed/the-rules/core-rules/#Sustained-Hits"">sustained hits 1</a>",36,Ranged,10,4,6,-1,2
780,Heavy stubber,"<a href=""/wh40k10ed/the-rules/core-rules/#Rapid-Fire"">rapid fire 3</a>",36,Ranged,3,4,4,0,1
780,Lascannon,,48,Ranged,1,4,12,-3,D6+1
780,Armoured hull,,Melee,Melee,6,4,8,0,1
781,Lascannon,,48,Ranged,1,4,12,-3,D6+1
781,Lightning hellstrike rack,"<a href=""/wh40k10ed/the-rules/core-rules/#Anti"">anti-fly 2+</a>",48,Ranged,2,4,10,-3,D6
781,Armoured hull,,Melee,Melee,6,4,8,0,1
783,Heavy bolter,"<a href=""/wh40k10ed/the-rules/core-rules/#Sustained-Hits"">sustained hits 1</a>",36,Ranged,3,4,5,-1,2
783,Vendetta hellstrike rack,"<a href=""/wh40k10ed/the-rules/core-rules/#Anti"">anti-fly 2+</a>",48,Ranged,2,4,10,-3,D6
783,Vendetta twin lascannon,"<a href=""/wh40k10ed/the-rules/core-rules/#Twin-linked"">twin-linked</a>",48,Ranged,1,4,12,-3,D6+1
783,Armoured hull,,Melee,Melee,3,4,6,0,1
784,Heavy bolter,"<a href=""/wh40k10ed/the-rules/core-rules/#Sustained-Hits"">sustained hits 1</a>",36,Ranged,3,4,5,-1,2
784,Multiple rocket pod,"<a href=""/wh40k10ed/the-rules/core-rules/#Blast"">blast</a>",36,Ranged,D6,4,6,0,1
784,Vulture gatling cannon,"<a href=""/wh40k10ed/the-rules/core-rules/#Sustained-Hits"">sustained hits 1</a>",24,Ranged,18,4,5,0,1
784,Vulture hellstrike rack,"<a href=""/wh40k10ed/the-rules/core-rules/#Anti"">anti-fly 2+</a>",48,Ranged,2,4,10,-3,D6
784,Armoured hull,,Melee,Melee,6,4,4,0,1
785,Twin long-barrelled autocannon,"<a href=""/wh40k10ed/the-rules/core-rules/#Twin-linked"">twin-linked</a>",60,Ranged,2,4,9,-1,3
785,Twin heavy bolter,"<a href=""/wh40k10ed/the-rules/core-rules/#Sustained-Hits"">sustained hits 1</a>, <a href=""/wh40k10ed/the-rules/core-rules/#Twin-linked"">twin-linked</a>",36,Ranged,3,4,5,-1,2
785,Twin lascannon,"<a href=""/wh40k10ed/the-rules/core-rules/#Twin-linked"">twin-linked</a>",48,Ranged,1,4,12,-3,D6+1
786,Battle cannon,"<a href=""/wh40k10ed/the-rules/core-rules/#Blast"">BLAST</a>",48,Ranged,D6+3,4,9,-1,3
786,Heavy bolter,"<a href=""/wh40k10ed/the-rules/core-rules/#Sustained-Hits"">SUSTAINED HITS 1</a>",36,Ranged,3,4,5,-1,2
786,Multi-melta,"<a href=""/wh40k10ed/the-rules/core-rules/#Melta"">MELTA 2</a>",18,Ranged,2,4,9,-4,D6
786,Primaris Icarus lascannon,"<a href=""/wh40k10ed/the-rules/core-rules/#Anti"">anti-fly 2+</a>",48,Ranged,1,4,12,-3,D6+1
786,Primaris Icarus quad lascannon,"<a href=""/wh40k10ed/the-rules/core-rules/#Anti"">anti-fly 2+</a>, <a href=""/wh40k10ed/the-rules/core-rules/#Twin-linked"">twin-linked</a>",48,Ranged,2,4,12,-3,D6+1
786,Primaris air defence missiles,"<a href=""/wh40k10ed/the-rules/core-rules/#Anti"">anti-fly 2+</a>",48,Ranged,D6,4,6,-2,2
786,Primaris castellan launcher,"<a href=""/wh40k10ed/the-rules/core-rules/#Blast"">blast</a>, <a href=""/wh40k10ed/the-rules/core-rules/#Indirect-Fire"">indirect fire</a>",72,Ranged,D6+1,4,6,0,1
786,Primaris quad-gun,,48,Ranged,4,4,8,-1,2
786,Primaris Redoubt turbo-laser destructor,"<a href=""/wh40k10ed/the-rules/core-rules/#Blast"">blast</a>",96,Ranged,D3+1,4,16,-3,D6+3
786,Primaris vengeance launcher,"<a href=""/wh40k10ed/the-rules/core-rules/#Blast"">blast</a>, <a href=""/wh40k10ed/the-rules/core-rules/#Indirect-Fire"">indirect fire</a>",72,Ranged,D3+1,4,7,-1,2
786,Twin heavy bolter,"<a href=""/wh40k10ed/the-rules/core-rules/#Sustained-Hits"">SUSTAINED HITS 1</a>, <a href=""/wh40k10ed/the-rules/core-rules/#Twin-linked"">TWIN-LINKED</a>",36,Ranged,3,4,5,-1,2
786,Twin heavy flamer,"<a href=""/wh40k10ed/the-rules/core-rules/#Ignores-Cover"">IGNORES COVER</a>, <a href=""/wh40k10ed/the-rules/core-rules/#Torrent"">TORRENT</a>, <a href=""/wh40k10ed/the-rules/core-rules/#Twin-linked"">TWIN-LINKED</a>",12,Ranged,D6,N/A,5,-1,1
786,Twin lascannon,"<a href=""/wh40k10ed/the-rules/core-rules/#Twin-linked"">TWIN-LINKED</a>",48,Ranged,1,4,12,-3,D6+1
824,Lascannon,"<a href=""/wh40k10ed/the-rules/core-rules/#Heavy"">heavy</a>",48,Ranged,1,5,12,-3,D6+1
825,Heavy flamer,"<a href=""/wh40k10ed/the-rules/core-rules/#Ignores-Cover"">ignores cover</a>, <a href=""/wh40k10ed/the-rules/core-rules/#Torrent"">torrent</a>",12,Ranged,D6,N/A,5,-1,1
825,Lascannon,"<a href=""/wh40k10ed/the-rules/core-rules/#Heavy"">heavy</a>",48,Ranged,1,5,12,-3,D6+1
829,Heavy flamer,"<a href=""/wh40k10ed/the-rules/core-rules/#Ignores-Cover"">ignores cover</a>, <a href=""/wh40k10ed/the-rules/core-rules/#Torrent"">torrent</a>",12,Ranged,D6,N/A,5,-1,1
830,Heavy flamer,"<a href=""/wh40k10ed/the-rules/core-rules/#Ignores-Cover"">ignores cover</a>, <a href=""/wh40k10ed/the-rules/core-rules/#Torrent"">torrent</a>",12,Ranged,D6,N/A,5,-1,1
832,Heavy flamer,"<a href=""/wh40k10ed/the-rules/core-rules/#Ignores-Cover"">ignores cover</a>, <a href=""/wh40k10ed/the-rules/core-rules/#Torrent"">torrent</a>",12,Ranged,D6,N/A,5,-1,1
833,Heavy flamer,"<a href=""/wh40k10ed/the-rules/core-rules/#Ignores-Cover"">ignores cover</a>, <a href=""/wh40k10ed/the-rules/core-rules/#Torrent"">torrent</a>",12,Ranged,D6,N/A,5,-1,1
838,Solar atomiser,"<a href=""/wh40k10ed/the-rules/core-rules/#Melta"">melta 3</a>",18,Ranged,3,2,14,-4,D6
838,Arc scourge,"<a href=""/wh40k10ed/the-rules/core-rules/#Anti"">anti-vehicle 4+</a>, <a href=""/wh40k10ed/the-rules/core-rules/#Devastating-Wounds"">devastating wounds</a>, <a href=""/wh40k10ed/the-rules/core-rules/#Extra-Attacks"">extra attacks</a>",Melee,Melee,4,2,5,-1,1
838,Cawl’s Omnissian axe,,Melee,Melee,4,2,8,-2,2
838,Mechadendrite hive,"<a href=""/wh40k10ed/the-rules/core-rules/#Extra-Attacks"">extra attacks</a>",Melee,Melee,2D6,3,4,0,1
839,Eradication ray – dissipated,,24,Ranged,D3,3,6,-1,1
839,Eradication ray – focused,,12,Ranged,D3,3,6,-2,2
839,Macrostubber,"<a href=""/wh40k10ed/the-rules/core-rules/#Pistol"">pistol</a>",12,Ranged,5,3,4,0,1
839,Phosphor serpenta,"<a href=""/wh40k10ed/the-rules/core-rules/#Ignores-Cover"">ignores cover</a>, <a href=""/wh40k10ed/the-rules/core-rules/#Pistol"">pistol</a>",18,Ranged,1,3,5,-1,2
839,Volkite blaster,"<a href=""/wh40k10ed/the-rules/core-rules/#Devastating-Wounds"">devastating wounds</a>",24,Ranged,3,3,5,0,2
839,Omnissian axe,,Melee,Melee,4,3,6,-2,2
840,Mechanicus pistol,"<a href=""/wh40k10ed/the-rules/core-rules/#Devastating-Wounds"">devastating wounds</a>, <a href=""/wh40k10ed/the-rules/core-rules/#Pistol"">pistol</a>",12,Ranged,1,3,6,-1,1
840,Omnissian axe,,Melee,Melee,3,4,6,-2,2
840,Servo-arm,"<a href=""/wh40k10ed/the-rules/core-rules/#Extra-Attacks"">extra attacks</a>",Melee,Melee,1,4,6,-2,2
841,Heavy arc rifle,"<a href=""/wh40k10ed/the-rules/core-rules/#Anti"">anti-vehicle 4+</a>, <a href=""/wh40k10ed/the-rules/core-rules/#Rapid-Fire"">rapid fire 2</a>",30,Ranged,2,4,8,-2,3
841,Torsion cannon,"<a href=""/wh40k10ed/the-rules/core-rules/#Anti"">anti-infantry 2+</a>, <a href=""/wh40k10ed/the-rules/core-rules/#Blast"">blast</a>",36,Ranged,D3,4,6,-2,2
841,Arc claw,"<a href=""/wh40k10ed/the-rules/core-rules/#Anti"">anti-vehicle 4+</a>",Melee,Melee,4,4,5,-1,1
841,Hydraulic claw,,Melee,Melee,2,4,8,-2,3
842,Cognis flamer,"<a href=""/wh40k10ed/the-rules/core-rules/#Ignores-Cover"">ignores cover</a>, <a href=""/wh40k10ed/the-rules/core-rules/#Torrent"">torrent</a>",12,Ranged,D6,N/A,4,0,1
842,Heavy grav-cannon,"<a href=""/wh40k10ed/the-rules/core-rules/#Anti"">anti-vehicle 2+</a>",30,Ranged,4,4,6,-1,2
842,Kataphron plasma culverin – standard,,36,Ranged,4,4,7,-2,1
842,Kataphron plasma culverin – supercharge,"<a href=""/wh40k10ed/the-rules/core-rules/#Hazardous"">hazardous</a>",36,Ranged,4,4,8,-3,2
842,Phosphor blaster,"<a href=""/wh40k10ed/the-rules/core-rules/#Ignores-Cover"">ignores cover</a>, <a href=""/wh40k10ed/the-rules/core-rules/#Rapid-Fire"">rapid fire 1</a>",24,Ranged,1,4,5,0,1
842,Close combat weapon,,Melee,Melee,2,4,5,0,1
843,Electroleech stave,"<a href=""/wh40k10ed/the-rules/core-rules/#Devastating-Wounds"">devastating wounds</a>",Melee,Melee,2,3,6,-1,2
844,Electrostatic gauntlets,"<a href=""/wh40k10ed/the-rules/core-rules/#Pistol"">pistol</a>, <a href=""/wh40k10ed/the-rules/core-rules/#Sustained-Hits"">sustained hits 2</a>",12,Ranged,3,3,5,0,1
844,Electrostatic gauntlets,"<a href=""/wh40k10ed/the-rules/core-rules/#Sustained-Hits"">sustained hits 2</a>",Melee,Melee,3,4,5,0,1
845,Heavy phosphor blaster,"<a href=""/wh40k10ed/the-rules/core-rules/#Ignores-Cover"">ignores cover</a>",36,Ranged,3,4,6,-1,2
845,Incendine combustor,"<a href=""/wh40k10ed/the-rules/core-rules/#Ignores-Cover"">ignores cover</a>, <a href=""/wh40k10ed/the-rules/core-rules/#Torrent"">torrent</a>",12,Ranged,D6,N/A,6,-1,1
845,Kastelan phosphor blaster,"<a href=""/wh40k10ed/the-rules/core-rules/#Ignores-Cover"">ignores cover</a>",24,Ranged,3,4,6,-1,1
845,Twin Kastelan phosphor blaster,"<a href=""/wh40k10ed/the-rules/core-rules/#Ignores-Cover"">ignores cover</a>, <a href=""/wh40k10ed/the-rules/core-rules/#Twin-linked"">twin-linked</a>",24,Ranged,3,4,6,-1,1
845,Close combat weapon,,Melee,Melee,3,4,6,0,1
845,Kastelan fist,,Melee,Melee,4,4,12,-2,3
845,Twin Kastelan fist,"<a href=""/wh40k10ed/the-rules/core-rules/#Twin-linked"">twin-linked</a>",Melee,Melee,4,4,12,-2,3
846,Mechanicus pistol,"<a href=""/wh40k10ed/the-rules/core-rules/#Devastating-Wounds"">devastating wounds</a>, <a href=""/wh40k10ed/the-rules/core-rules/#Pistol"">pistol</a>",12,Ranged,1,3,6,-1,1
846,Power fist,,Melee,Melee,2,3,8,-2,2
847,Heavy bolter,"<a href=""/wh40k10ed/the-rules/core-rules/#Heavy"">heavy</a>, <a href=""/wh40k10ed/the-rules/core-rules/#Sustained-Hits"">sustained hits 1</a>",36,Ranged,3,6,5,-1,2
847,Multi-melta,"<a href=""/wh40k10ed/the-rules/core-rules/#Heavy"">heavy</a>, <a href=""/wh40k10ed/the-rules/core-rules/#Melta"">melta 2</a>",18,Ranged,2,6,9,-4,D6
847,Plasma cannon – standard,"<a href=""/wh40k10ed/the-rules/core-rules/#Heavy"">heavy</a>, <a href=""/wh40k10ed/the-rules/core-rules/#Blast"">blast</a>",36,Ranged,D3,6,7,-2,1
847,Plasma cannon – supercharge,"<a href=""/wh40k10ed/the-rules/core-rules/#Heavy"">heavy</a>, <a href=""/wh40k10ed/the-rules/core-rules/#Blast"">blast</a>, <a href=""/wh40k10ed/the-rules/core-rules/#Hazardous"">hazardous</a>",36,Ranged,D3,6,8,-3,2
847,Servitor’s servo-arm,,Melee,Melee,1,5,8,-2,3
847,Servitor’s tools,,Melee,Melee,1,5,3,0,1
848,Mechanicus pistol,"<a href=""/wh40k10ed/the-rules/core-rules/#Devastating-Wounds"">devastating wounds</a>, <a href=""/wh40k10ed/the-rules/core-rules/#Pistol"">pistol</a>",12,Ranged,1,4,6,-1,1
848,Arc rifle,"<a href=""/wh40k10ed/the-rules/core-rules/#Anti"">anti-vehicle 4+</a>, <a href=""/wh40k10ed/the-rules/core-rules/#Devastating-Wounds"">devastating wounds</a>, <a href=""/wh40k10ed/the-rules/core-rules/#Rapid-Fire"">rapid fire 1</a>",30,Ranged,1,4,8,-1,D3
848,Galvanic rifle,,30,Ranged,2,4,4,0,1
848,Plasma caliver – standard,,30,Ranged,2,4,7,-2,1
848,Plasma caliver – supercharge,"<a href=""/wh40k10ed/the-rules/core-rules/#Hazardous"">hazardous</a>",30,Ranged,2,4,8,-3,2
848,Transuranic arquebus,"<a href=""/wh40k10ed/the-rules/core-rules/#Heavy"">heavy</a>, <a href=""/wh40k10ed/the-rules/core-rules/#Precision"">precision</a>",36,Ranged,1,4,7,-2,D3
848,Alpha combat weapon,,Melee,Melee,2,4,5,-1,1
848,Close combat weapon,,Melee,Melee,1,4,3,0,1
849,Mechanicus pistol,"<a href=""/wh40k10ed/the-rules/core-rules/#Devastating-Wounds"">devastating wounds</a>, <a href=""/wh40k10ed/the-rules/core-rules/#Pistol"">pistol</a>",12,Ranged,1,4,6,-1,1
849,Arc rifle,"<a href=""/wh40k10ed/the-rules/core-rules/#Anti"">anti-vehicle 4+</a>, <a href=""/wh40k10ed/the-rules/core-rules/#Devastating-Wounds"">devastating wounds</a>, <a href=""/wh40k10ed/the-rules/core-rules/#Rapid-Fire"">rapid fire 1</a>",30,Ranged,1,4,8,-1,D3
849,Plasma caliver – standard,,30,Ranged,2,4,7,-2,1
849,Plasma caliver – supercharge,"<a href=""/wh40k10ed/the-rules/core-rules/#Hazardous"">hazardous</a>",30,Ranged,2,4,8,-3,2
849,Radium carbine,"<a href=""/wh40k10ed/the-rules/core-rules/#Anti"">anti-infantry 4+</a>",18,Ranged,3,4,3,0,1
849,Transuranic arquebus,"<a href=""/wh40k10ed/the-rules/core-rules/#Heavy"">heavy</a>, <a href=""/wh40k10ed/the-rules/core-rules/#Precision"">precision</a>",36,Ranged,1,4,7,-2,D3
849,Alpha combat weapon,,Melee,Melee,2,4,5,-1,1
849,Close combat weapon,,Melee,Melee,1,4,3,0,1
850,Flechette blaster,"<a href=""/wh40k10ed/the-rules/core-rules/#Pistol"">pistol</a>",12,Ranged,5,4,3,0,1
850,Stubcarbine,"<a href=""/wh40k10ed/the-rules/core-rules/#Pistol"">pistol</a>",12,Ranged,3,4,4,0,1
850,Power weapon,,Melee,Melee,4,4,4,-2,1
850,Taser goad,"<a href=""/wh40k10ed/the-rules/core-rules/#Sustained-Hits"">sustained hits 2</a>",Melee,Melee,3,4,6,-1,1
851,Transonic blades,"<a href=""/wh40k10ed/the-rules/core-rules/#Devastating-Wounds"">devastating wounds</a>, <a href=""/wh40k10ed/the-rules/core-rules/#Precision"">precision</a>",Melee,Melee,5,4,5,-1,1
851,Transonic blades and chordclaw,"<a href=""/wh40k10ed/the-rules/core-rules/#Anti"">anti-infantry 3+</a>, <a href=""/wh40k10ed/the-rules/core-rules/#Devastating-Wounds"">devastating wounds</a>, <a href=""/wh40k10ed/the-rules/core-rules/#Precision"">precision</a>",Melee,Melee,5,4,5,-2,1
851,Transonic razor and chordclaw,"<a href=""/wh40k10ed/the-rules/core-rules/#Anti"">anti-infantry 3+</a>, <a href=""/wh40k10ed/the-rules/core-rules/#Precision"">precision</a>",Melee,Melee,3,4,5,-2,2
852,Twin cognis autocannon,"<a href=""/wh40k10ed/the-rules/core-rules/#Sustained-Hits"">sustained hits 1</a>, <a href=""/wh40k10ed/the-rules/core-rules/#Twin-linked"">twin-linked</a>",48,Ranged,4,4,9,-1,3
852,Twin cognis lascannon,"<a href=""/wh40k10ed/the-rules/core-rules/#Sustained-Hits"">sustained hits 1</a>, <a href=""/wh40k10ed/the-rules/core-rules/#Twin-linked"">twin-linked</a>",48,Ranged,2,4,12,-3,D6+1
852,Ironstrider feet,,Melee,Melee,3,4,5,0,1
853,Phosphor serpenta,"<a href=""/wh40k10ed/the-rules/core-rules/#Ignores-Cover"">ignores cover</a>, <a href=""/wh40k10ed/the-rules/core-rules/#Pistol"">pistol</a>",18,Ranged,1,4,5,-1,2
853,Taser lance,"<a href=""/wh40k10ed/the-rules/core-rules/#Anti"">anti-walker 2+</a>, <a href=""/wh40k10ed/the-rules/core-rules/#Lance"">lance</a>, <a href=""/wh40k10ed/the-rules/core-rules/#Sustained-Hits"">sustained hits 2</a>",Melee,Melee,4,4,7,-2,2
854,Cognis heavy stubber,"<a href=""/wh40k10ed/the-rules/core-rules/#Rapid-Fire"">rapid fire 3</a>, <a href=""/wh40k10ed/the-rules/core-rules/#Sustained-Hits"">sustained hits 1</a>",36,Ranged,3,4,4,0,1
854,Daedalus missile launcher,"<a href=""/wh40k10ed/the-rules/core-rules/#Anti"">anti-fly 2+</a>",48,Ranged,2,4,10,-2,D6+1
854,Eradication beamer – dissipated,"<a href=""/wh40k10ed/the-rules/core-rules/#Blast"">blast</a>, <a href=""/wh40k10ed/the-rules/core-rules/#Sustained-Hits"">sustained hits 1</a>",36,Ranged,3D3,4,9,-2,2
854,Eradication beamer – focused,"<a href=""/wh40k10ed/the-rules/core-rules/#Blast"">blast</a>, <a href=""/wh40k10ed/the-rules/core-rules/#Sustained-Hits"">sustained hits 1</a>",18,Ranged,3D3,4,10,-3,3
854,Neutron laser,"<a href=""/wh40k10ed/the-rules/core-rules/#Heavy"">heavy</a>",48,Ranged,3,4,16,-4,D6+2
854,Icarus array,"<a href=""/wh40k10ed/the-rules/core-rules/#Anti"">anti-fly 4+</a>, <a href=""/wh40k10ed/the-rules/core-rules/#Twin-linked"">twin-linked</a>",48,Ranged,6,4,8,-1,2
854,Twin Onager heavy phosphor blaster,"<a href=""/wh40k10ed/the-rules/core-rules/#Ignores-Cover"">ignores cover</a>, <a href=""/wh40k10ed/the-rules/core-rules/#Twin-linked"">twin-linked</a>",36,Ranged,12,4,6,-1,2
854,Dunecrawler legs,,Melee,Melee,3,4,6,0,1
855,Ironstorm missile pod,"<a href=""/wh40k10ed/the-rules/core-rules/#Blast"">blast</a>, <a href=""/wh40k10ed/the-rules/core-rules/#Indirect-Fire"">indirect fire</a>",48,Ranged,D6+1,3,5,0,1
855,Meltagun,"<a href=""/wh40k10ed/the-rules/core-rules/#Melta"">melta 2</a>",12,Ranged,1,3,9,-4,D6
855,Questoris heavy stubber,"<a href=""/wh40k10ed/the-rules/core-rules/#Rapid-Fire"">rapid fire 3</a>",36,Ranged,3,3,4,-1,1
855,Rapid-fire battle cannon,"<a href=""/wh40k10ed/the-rules/core-rules/#Blast"">blast</a>, <a href=""/wh40k10ed/the-rules/core-rules/#Rapid-Fire"">rapid fire d6+3</a>",72,Ranged,D6+3,3,10,-1,3
855,Stormspear rocket pod,,48,Ranged,3,3,8,-2,D6
855,Twin Icarus autocannon,"<a href=""/wh40k10ed/the-rules/core-rules/#Anti"">anti-fly 2+</a>, <a href=""/wh40k10ed/the-rules/core-rules/#Twin-linked"">twin-linked</a>",48,Ranged,3,3,7,-1,2
855,Reaper chainsword – strike,,Melee,Melee,4,3,14,-4,6
855,Reaper chainsword – sweep,,Melee,Melee,12,3,9,-3,2
855,Thunderstrike gauntlet – strike,,Melee,Melee,4,3,20,-3,8
855,Thunderstrike gauntlet – sweep,,Melee,Melee,8,3,10,-2,3
856,Ironstorm missile pod,"<a href=""/wh40k10ed/the-rules/core-rules/#Blast"">blast</a>, <a href=""/wh40k10ed/the-rules/core-rules/#Indirect-Fire"">indirect fire</a>",48,Ranged,D6+1,3,5,0,1
856,Meltagun,"<a href=""/wh40k10ed/the-rules/core-rules/#Melta"">melta 2</a>",12,Ranged,1,3,9,-4,D6
856,Questoris heavy stubber,"<a href=""/wh40k10ed/the-rules/core-rules/#Rapid-Fire"">rapid fire 3</a>",36,Ranged,3,3,4,-1,1
856,Stormspear rocket pod,,48,Ranged,3,3,8,-2,D6
856,Thermal cannon,"<a href=""/wh40k10ed/the-rules/core-rules/#Blast"">blast</a>, <a href=""/wh40k10ed/the-rules/core-rules/#Melta"">melta 6</a>",24,Ranged,2D3,3,12,-4,D6
856,Twin Icarus autocannon,"<a href=""/wh40k10ed/the-rules/core-rules/#Anti"">anti-fly 2+</a>, <a href=""/wh40k10ed/the-rules/core-rules/#Twin-linked"">twin-linked</a>",48,Ranged,3,3,7,-1,2
856,Reaper chainsword – strike,,Melee,Melee,4,3,14,-4,6
856,Reaper chainsword – sweep,,Melee,Melee,12,3,9,-3,2
856,Thunderstrike gauntlet – strike,,Melee,Melee,4,3,20,-3,8
856,Thunderstrike gauntlet – sweep,,Melee,Melee,8,3,10,-2,3
857,Avenger gatling cannon,,36,Ranged,18,3,6,-2,2
857,Heavy flamer,"<a href=""/wh40k10ed/the-rules/core-rules/#Ignores-Cover"">ignores cover</a>, <a href=""/wh40k10ed/the-rules/core-rules/#Torrent"">torrent</a>",12,Ranged,D6,N/A,5,-1,1
857,Ironstorm missile pod,"<a href=""/wh40k10ed/the-rules/core-rules/#Blast"">blast</a>, <a href=""/wh40k10ed/the-rules/core-rules/#Indirect-Fire"">indirect fire</a>",48,Ranged,D6+1,3,5,0,1
857,Meltagun,"<a href=""/wh40k10ed/the-rules/core-rules/#Melta"">melta 2</a>",12,Ranged,1,3,9,-4,D6
857,Questoris heavy stubber,"<a href=""/wh40k10ed/the-rules/core-rules/#Rapid-Fire"">rapid fire 3</a>",36,Ranged,3,3,4,-1,1
857,Stormspear rocket pod,,48,Ranged,3,3,8,-2,D6
857,Twin Icarus autocannon,"<a href=""/wh40k10ed/the-rules/core-rules/#Anti"">anti-fly 2+</a>, <a href=""/wh40k10ed/the-rules/core-rules/#Twin-linked"">twin-linked</a>",48,Ranged,3,3,7,-1,2
857,Reaper chainsword – strike,,Melee,Melee,4,3,14,-4,6
857,Reaper chainsword – sweep,,Melee,Melee,12,3,9,-3,2
857,Thunderstrike gauntlet – strike,,Melee,Melee,4,3,20,-3,8
857,Thunderstrike gauntlet – sweep,,Melee,Melee,8,3,10,-2,3
858,Ironstorm missile pod,"<a href=""/wh40k10ed/the-rules/core-rules/#Blast"">blast</a>, <a href=""/wh40k10ed/the-rules/core-rules/#Indirect-Fire"">indirect fire</a>",48,Ranged,D6+1,3,5,0,1
858,Meltagun,"<a href=""/wh40k10ed/the-rules/core-rules/#Melta"">melta 2</a>",12,Ranged,1,3,9,-4,D6
858,Questoris heavy stubber,"<a href=""/wh40k10ed/the-rules/core-rules/#Rapid-Fire"">rapid fire 3</a>",36,Ranged,3,3,4,-1,1
858,Stormspear rocket pod,,48,Ranged,3,3,8,-2,D6
858,Twin Icarus autocannon,"<a href=""/wh40k10ed/the-rules/core-rules/#Anti"">anti-fly 2+</a>, <a href=""/wh40k10ed/the-rules/core-rules/#Twin-linked"">twin-linked</a>",48,Ranged,3,3,7,-1,2
858,Reaper chainsword – strike,"<a href=""/wh40k10ed/the-rules/core-rules/#Devastating-Wounds"">devastating wounds</a>",Melee,Melee,6,2,14,-4,6
858,Reaper chainsword – sweep,"<a href=""/wh40k10ed/the-rules/core-rules/#Lethal-Hits"">lethal hits</a>",Melee,Melee,18,2,9,-3,2
858,Thunderstrike gauntlet – strike,"<a href=""/wh40k10ed/the-rules/core-rules/#Devastating-Wounds"">devastating wounds</a>",Melee,Melee,6,2,20,-3,8
858,Thunderstrike gauntlet – sweep,"<a href=""/wh40k10ed/the-rules/core-rules/#Lethal-Hits"">lethal hits</a>",Melee,Melee,12,2,10,-2,3
859,Avenger gatling cannon,,36,Ranged,18,3,6,-2,2
859,Heavy flamer,"<a href=""/wh40k10ed/the-rules/core-rules/#Ignores-Cover"">ignores cover</a>, <a href=""/wh40k10ed/the-rules/core-rules/#Torrent"">torrent</a>",12,Ranged,D6,N/A,5,-1,1
859,Ironstorm missile pod,"<a href=""/wh40k10ed/the-rules/core-rules/#Blast"">blast</a>, <a href=""/wh40k10ed/the-rules/core-rules/#Indirect-Fire"">indirect fire</a>",48,Ranged,D6+1,3,5,0,1
859,Meltagun,"<a href=""/wh40k10ed/the-rules/core-rules/#Melta"">melta 2</a>",12,Ranged,1,3,9,-4,D6
859,Questoris heavy stubber,"<a href=""/wh40k10ed/the-rules/core-rules/#Rapid-Fire"">rapid fire 3</a>",36,Ranged,3,3,4,-1,1
859,Rapid-fire battle cannon,"<a href=""/wh40k10ed/the-rules/core-rules/#Blast"">blast</a>, <a href=""/wh40k10ed/the-rules/core-rules/#Rapid-Fire"">rapid fire d6+3</a>",72,Ranged,D6+3,3,10,-1,3
859,Stormspear rocket pod,,48,Ranged,3,3,8,-2,D6
859,Thermal cannon,"<a href=""/wh40k10ed/the-rules/core-rules/#Blast"">blast</a>, <a href=""/wh40k10ed/the-rules/core-rules/#Melta"">melta 6</a>",24,Ranged,2D3,3,12,-4,D6
859,Twin Icarus autocannon,"<a href=""/wh40k10ed/the-rules/core-rules/#Anti"">anti-fly 2+</a>, <a href=""/wh40k10ed/the-rules/core-rules/#Twin-linked"">twin-linked</a>",48,Ranged,3,3,7,-1,2
859,Titanic feet,,Melee,Melee,4,4,8,-1,2
860,Acastus autocannon,,48,Ranged,2,3,9,-1,3
860,Acastus ironstorm missile pod,"<a href=""/wh40k10ed/the-rules/core-rules/#Blast"">blast</a>, <a href=""/wh40k10ed/the-rules/core-rules/#Heavy"">heavy</a>, <a href=""/wh40k10ed/the-rules/core-rules/#Indirect-Fire"">indirect fire</a>",48,Ranged,D6+6,3,5,0,1
860,Helios defence missiles,"<a href=""/wh40k10ed/the-rules/core-rules/#Anti"">anti-fly 2+</a>, <a href=""/wh40k10ed/the-rules/core-rules/#Heavy"">heavy</a>",48,Ranged,3,3,10,-2,D6
860,Lascannon,,48,Ranged,1,3,12,-3,D6+1
860,Twin magna lascannon,"<a href=""/wh40k10ed/the-rules/core-rules/#Blast"">blast</a>, <a href=""/wh40k10ed/the-rules/core-rules/#Twin-linked"">twin-linked</a>",72,Ranged,D6,3,18,-4,D6+6
860,Titanic feet,,Melee,Melee,6,4,10,-1,2
861,Acheron flame cannon,"<a href=""/wh40k10ed/the-rules/core-rules/#Ignores-Cover"">ignores cover</a>, <a href=""/wh40k10ed/the-rules/core-rules/#Torrent"">torrent</a>",18,Ranged,2D6,N/A,8,-1,2
861,Twin heavy bolter,"<a href=""/wh40k10ed/the-rules/core-rules/#Sustained-Hits"">sustained hits 1</a>, <a href=""/wh40k10ed/the-rules/core-rules/#Twin-linked"">twin-linked</a>",36,Ranged,3,3,5,-1,2
861,Reaper chainfist – strike,,Melee,Melee,4,3,14,-4,6
861,Reaper chainfist – sweep,,Melee,Melee,12,3,9,-3,2
862,Atrapos lascutter – low intensity,"<a href=""/wh40k10ed/the-rules/core-rules/#Sustained-Hits"">sustained hits 1</a>",36,Ranged,2D6,3,7,-1,2
862,Atrapos lascutter – high intensity,"<a href=""/wh40k10ed/the-rules/core-rules/#Sustained-Hits"">sustained hits 1</a>",24,Ranged,D6,3,14,-3,4
862,Graviton singularity cannon – contained,"<a href=""/wh40k10ed/the-rules/core-rules/#Blast"">blast</a>",24,Ranged,D3,3,16,-4,D6+1
862,Graviton singularity cannon – singularity,"<a href=""/wh40k10ed/the-rules/core-rules/#Blast"">blast</a>, <a href=""/wh40k10ed/the-rules/core-rules/#Devastating-Wounds"">devastating wounds</a>, <a href=""/wh40k10ed/the-rules/core-rules/#Hazardous"">hazardous</a>",24,Ranged,D3,3,16,-4,D6+1
862,Atrapos lascutter – low intensity,"<a href=""/wh40k10ed/the-rules/core-rules/#Sustained-Hits"">sustained hits 1</a>",Melee,Melee,12,3,7,-1,2
862,Atrapos lascutter – high intensity,"<a href=""/wh40k10ed/the-rules/core-rules/#Sustained-Hits"">sustained hits 1</a>",Melee,Melee,6,3,14,-3,4
863,Castigator bolt cannon,"<a href=""/wh40k10ed/the-rules/core-rules/#Twin-linked"">twin-linked</a>",36,Ranged,18,3,6,-2,2
863,Tempest warblade – strike,,Melee,Melee,4,3,14,-4,6
863,Tempest warblade – sweep,,Melee,Melee,12,3,9,-3,2
864,Cerastus shock lance,"<a href=""/wh40k10ed/the-rules/core-rules/#Assault"">assault</a>, <a href=""/wh40k10ed/the-rules/core-rules/#Sustained-Hits"">sustained hits 2</a>",12,Ranged,6,3,6,0,2
864,Cerastus shock lance – strike,"<a href=""/wh40k10ed/the-rules/core-rules/#Lance"">lance</a>",Melee,Melee,5,2,20,-3,8
864,Cerastus shock lance – sweep,,Melee,Melee,10,2,10,-2,3
865,Lightning cannon,"<a href=""/wh40k10ed/the-rules/core-rules/#Sustained-Hits"">sustained hits 2</a>",48,Ranged,12,3,9,0,2
865,Phased plasma-fusil,"<a href=""/wh40k10ed/the-rules/core-rules/#Rapid-Fire"">rapid fire 2</a>",24,Ranged,2,3,8,-3,2
865,Twin rad cleanser,"<a href=""/wh40k10ed/the-rules/core-rules/#Anti"">anti-infantry 2+</a>, <a href=""/wh40k10ed/the-rules/core-rules/#Ignores-Cover"">ignores cover</a>, <a href=""/wh40k10ed/the-rules/core-rules/#Torrent"">torrent</a>, <a href=""/wh40k10ed/the-rules/core-rules/#Twin-linked"">twin-linked</a>",12,Ranged,D6,N/A,2,0,1
865,Hekaton siege claw – strike,,Melee,Melee,4,3,20,-3,8
865,Hekaton siege claw – sweep,,Melee,Melee,8,3,10,-2,3
865,Reaper chainsword – strike,,Melee,Melee,4,3,14,-4,6
865,Reaper chainsword – sweep,,Melee,Melee,12,3,9,-3,2
866,Graviton crusher,"<a href=""/wh40k10ed/the-rules/core-rules/#Anti"">anti-vehicle 2+</a>, <a href=""/wh40k10ed/the-rules/core-rules/#Blast"">blast</a>",18,Ranged,3,3,6,-1,2
866,Twin rad cleanser,"<a href=""/wh40k10ed/the-rules/core-rules/#Anti"">anti-infantry 2+</a>, <a href=""/wh40k10ed/the-rules/core-rules/#Ignores-Cover"">ignores cover</a>, <a href=""/wh40k10ed/the-rules/core-rules/#Torrent"">torrent</a>, <a href=""/wh40k10ed/the-rules/core-rules/#Twin-linked"">twin-linked</a>",12,Ranged,D6,N/A,2,0,1
866,Volkite chierovile,"<a href=""/wh40k10ed/the-rules/core-rules/#Devastating-Wounds"">devastating wounds</a>",30,Ranged,12,3,12,0,3
866,Hekaton siege claw – strike,,Melee,Melee,4,3,20,-3,8
866,Hekaton siege claw – sweep,,Melee,Melee,8,3,10,-2,3
866,Reaper chainsword – strike,,Melee,Melee,4,3,14,-4,6
866,Reaper chainsword – sweep,,Melee,Melee,12,3,9,-3,2
867,Warhound inferno gun,"<a href=""/wh40k10ed/the-rules/core-rules/#Ignores-Cover"">ignores cover</a>, <a href=""/wh40k10ed/the-rules/core-rules/#Torrent"">torrent</a>",24,Ranged,3D6,N/A,7,-2,3
867,Warhound plasma blastgun – standard,"<a href=""/wh40k10ed/the-rules/core-rules/#Blast"">blast</a>",72,Ranged,2D6+3,3,9,-3,4
867,Warhound plasma blastgun – supercharge,"<a href=""/wh40k10ed/the-rules/core-rules/#Blast"">blast</a>, <a href=""/wh40k10ed/the-rules/core-rules/#Hazardous"">hazardous</a>",72,Ranged,2D6+3,3,10,-3,5
867,Warhound turbo-laser destructor,"<a href=""/wh40k10ed/the-rules/core-rules/#Blast"">blast</a>",72,Ranged,D3+3,3,20,-3,2D6
867,Warhound vulcan mega-bolter,"<a href=""/wh40k10ed/the-rules/core-rules/#Sustained-Hits"">sustained hits 1</a>",48,Ranged,20,3,6,-1,2
867,Warhound feet,,Melee,Melee,8,4,10,-1,2
868,Reaver apocalypse launcher,"<a href=""/wh40k10ed/the-rules/core-rules/#Blast"">blast</a>, <a href=""/wh40k10ed/the-rules/core-rules/#Indirect-Fire"">indirect fire</a>",200,Ranged,3D6,3,7,-1,2
868,Reaver gatling blaster,"<a href=""/wh40k10ed/the-rules/core-rules/#Sustained-Hits"">sustained hits 1</a>",72,Ranged,12,3,8,-2,3
868,Reaver laser blaster,"<a href=""/wh40k10ed/the-rules/core-rules/#Blast"">blast</a>",72,Ranged,8,3,20,-3,D6+2
868,Reaver melta cannon,"<a href=""/wh40k10ed/the-rules/core-rules/#Blast"">blast</a>, <a href=""/wh40k10ed/the-rules/core-rules/#Melta"">melta 4</a>",48,Ranged,D6+2,3,13,-4,6
868,Reaver volcano cannon,"<a href=""/wh40k10ed/the-rules/core-rules/#Blast"">blast</a>, <a href=""/wh40k10ed/the-rules/core-rules/#Heavy"">heavy</a>",120,Ranged,D3+1,3,24,-5,14
868,Reaver feet,,Melee,Melee,8,4,12,-2,4
868,Reaver power fist – strike,,Melee,Melee,6,4,20,-4,14
868,Reaver power fist – sweep,,Melee,Melee,12,4,12,-3,6
869,Apocalypse launcher,"<a href=""/wh40k10ed/the-rules/core-rules/#Blast"">blast</a>, <a href=""/wh40k10ed/the-rules/core-rules/#Indirect-Fire"">indirect fire</a>",200,Ranged,20,3,8,-2,2
869,Ardex-defensor lascannon,,48,Ranged,1,3,12,-3,D6+1
869,Ardex-defensor mauler,,36,Ranged,6,3,6,-2,2
869,Arioch power claw,"<a href=""/wh40k10ed/the-rules/core-rules/#Sustained-Hits"">sustained hits 1</a>",48,Ranged,20,3,6,-1,2
869,Belicosa volcano cannon,"<a href=""/wh40k10ed/the-rules/core-rules/#Blast"">blast</a>",120,Ranged,D3+3,3,32,-5,18
869,Laser blaster,"<a href=""/wh40k10ed/the-rules/core-rules/#Blast"">blast</a>",72,Ranged,6,3,16,-4,D6+3
869,Macro gatling blaster,"<a href=""/wh40k10ed/the-rules/core-rules/#Sustained-Hits"">sustained hits 1</a>",100,Ranged,30,3,9,-2,3
869,Mori quake cannon,"<a href=""/wh40k10ed/the-rules/core-rules/#Blast"">blast</a>, <a href=""/wh40k10ed/the-rules/core-rules/#Ignores-Cover"">ignores cover</a>",280,Ranged,3D6,3,16,-4,6
869,Sunfury plasma annihilator – standard,"<a href=""/wh40k10ed/the-rules/core-rules/#Blast"">blast</a>",72,Ranged,2D6+6,3,10,-3,5
869,Sunfury plasma annihilator – supercharge,"<a href=""/wh40k10ed/the-rules/core-rules/#Blast"">blast</a>, <a href=""/wh40k10ed/the-rules/core-rules/#Hazardous"">hazardous</a>",72,Ranged,2D6+6,3,12,-3,8
869,Arioch power claw – strike,,Melee,Melee,6,4,20,-4,24
869,Arioch power claw – sweep,,Melee,Melee,12,4,12,-3,8
869,Warlord feet,,Melee,Melee,6,4,12,-2,4
870,Exitus pistol,"<a href=""/wh40k10ed/the-rules/core-rules/#Devastating-Wounds"">devastating wounds</a>, <a href=""/wh40k10ed/the-rules/core-rules/#Ignores-Cover"">ignores cover</a>, <a href=""/wh40k10ed/the-rules/core-rules/#Pistol"">pistol</a>, <a href=""/wh40k10ed/the-rules/core-rules/#Precision"">precision</a>",12,Ranged,3,2,6,-2,3
870,Exitus rifle,"<a href=""/wh40k10ed/the-rules/core-rules/#Devastating-Wounds"">devastating wounds</a>, <a href=""/wh40k10ed/the-rules/core-rules/#Heavy"">heavy</a>, <a href=""/wh40k10ed/the-rules/core-rules/#Ignores-Cover"">ignores cover</a>, <a href=""/wh40k10ed/the-rules/core-rules/#Precision"">precision</a>",48,Ranged,1,2,8,-3,D3+3
870,Vindicare combat knife,,Melee,Melee,4,2,4,-1,1
871,Neural shredder,"<a href=""/wh40k10ed/the-rules/core-rules/#Anti"">anti-infantry 2+</a>, <a href=""/wh40k10ed/the-rules/core-rules/#Precision"">precision</a>, <a href=""/wh40k10ed/the-rules/core-rules/#Torrent"">torrent</a>",12,Ranged,D6,N/A,5,-2,1
871,Phase sword and poison blades,"<a href=""/wh40k10ed/the-rules/core-rules/#Lethal-Hits"">lethal hits</a>, <a href=""/wh40k10ed/the-rules/core-rules/#Precision"">precision</a>",Melee,Melee,5,2,5,-4,2
872,Executioner pistol,"<a href=""/wh40k10ed/the-rules/core-rules/#Anti"">ANTI-INFANTRY 3+</a>, <a href=""/wh40k10ed/the-rules/core-rules/#Pistol"">PISTOL</a>, <a href=""/wh40k10ed/the-rules/core-rules/#Precision"">PRECISION</a>, <a href=""/wh40k10ed/the-rules/core-rules/#Sustained-Hits"">SUSTAINED HITS 3</a>",12,Ranged,4,2,4,0,1
872,Power sword and neuro gauntlet,"<a href=""/wh40k10ed/the-rules/core-rules/#Anti"">ANTI-INFANTRY 3+</a>, <a href=""/wh40k10ed/the-rules/core-rules/#Precision"">PRECISION</a>, <a href=""/wh40k10ed/the-rules/core-rules/#Sustained-Hits"">SUSTAINED HITS 3</a>",Melee,Melee,6,2,5,-2,2
873,Animus speculum,"<a href=""/wh40k10ed/the-rules/core-rules/#Anti"">anti-psyker 2+</a>, <a href=""/wh40k10ed/the-rules/core-rules/#Assault"">assault</a>, <a href=""/wh40k10ed/the-rules/core-rules/#Precision"">precision</a>, psychic assassin",24,Ranged,3,2,5,-2,D3
873,Life-draining touch,"<a href=""/wh40k10ed/the-rules/core-rules/#Anti"">anti-psyker 2+</a>, <a href=""/wh40k10ed/the-rules/core-rules/#Devastating-Wounds"">devastating wounds</a>, <a href=""/wh40k10ed/the-rules/core-rules/#Precision"">precision</a>",Melee,Melee,4,2,4,-2,2
874,Castigation,"<a href=""/wh40k10ed/the-rules/core-rules/#Anti"">anti-character 4+</a>, <a href=""/wh40k10ed/the-rules/core-rules/#Devastating-Wounds"">devastating wounds</a>, <a href=""/wh40k10ed/the-rules/core-rules/#Precision"">precision</a>, <a href=""/wh40k10ed/the-rules/core-rules/#Psychic-Weapons-and-Abilities"">psychic</a>",18,Ranged,1,3,8,-2,3
874,Condemnor stake,"<a href=""/wh40k10ed/the-rules/core-rules/#Anti"">anti-psyker 2+</a>, <a href=""/wh40k10ed/the-rules/core-rules/#Devastating-Wounds"">devastating wounds</a>, <a href=""/wh40k10ed/the-rules/core-rules/#Precision"">precision</a>, <a href=""/wh40k10ed/the-rules/core-rules/#Rapid-Fire"">rapid fire 1</a>",24,Ranged,1,3,4,0,1
874,Master-crafted power sword,,Melee,Melee,4,3,4,-2,2
875,Master-crafted multi-melta,"<a href=""/wh40k10ed/the-rules/core-rules/#Melta"">melta 3</a>",18,Ranged,3,3,10,-4,D6
875,Master-crafted power sword,,Melee,Melee,6,3,6,-2,2
876,Bolt pistol,"<a href=""/wh40k10ed/the-rules/core-rules/#Pistol"">pistol</a>",12,Ranged,1,3,4,0,1
876,Psychic Blast,"<a href=""/wh40k10ed/the-rules/core-rules/#Anti"">anti-daemon 4+</a>, <a href=""/wh40k10ed/the-rules/core-rules/#Anti"">anti-infantry 5+</a>, <a href=""/wh40k10ed/the-rules/core-rules/#Devastating-Wounds"">devastating wounds</a>, <a href=""/wh40k10ed/the-rules/core-rules/#Psychic-Weapons-and-Abilities"">psychic</a>",18,Ranged,D6,3,3,-1,1
876,Nemesis daemon hammer,"<a href=""/wh40k10ed/the-rules/core-rules/#Psychic-Weapons-and-Abilities"">psychic</a>",Melee,Melee,3,3,9,-3,3
877,Bolt pistol,"<a href=""/wh40k10ed/the-rules/core-rules/#Pistol"">pistol</a>",12,Ranged,1,3,4,0,1
877,Combi-weapon,"<a href=""/wh40k10ed/the-rules/core-rules/#Anti"">anti-infantry 4+</a>, <a href=""/wh40k10ed/the-rules/core-rules/#Devastating-Wounds"">devastating wounds</a>, <a href=""/wh40k10ed/the-rules/core-rules/#Rapid-Fire"">rapid fire 1</a>",24,Ranged,1,3,4,-2,1
877,Psychic Shock Wave,"<a href=""/wh40k10ed/the-rules/core-rules/#Devastating-Wounds"">devastating wounds</a>, <a href=""/wh40k10ed/the-rules/core-rules/#Psychic-Weapons-and-Abilities"">psychic</a>, <a href=""/wh40k10ed/the-rules/core-rules/#Torrent"">torrent</a>",18,Ranged,2D6,N/A,3,-2,1
877,Inquisitorial melee weapon,,Melee,Melee,5,3,4,-2,1
877,Force weapon,"<a href=""/wh40k10ed/the-rules/core-rules/#Psychic-Weapons-and-Abilities"">psychic</a>",Melee,Melee,4,3,5,-2,D3
882,Guardian spear,"<a href=""/wh40k10ed/the-rules/core-rules/#Assault"">assault</a>",24,Ranged,2,2,4,-1,2
882,Sentinel blade,"<a href=""/wh40k10ed/the-rules/core-rules/#Assault"">assault</a>, <a href=""/wh40k10ed/the-rules/core-rules/#Pistol"">pistol</a>",12,Ranged,2,2,4,-1,2
882,Guardian spear,,Melee,Melee,5,2,7,-2,2
882,Misericordia,,Melee,Melee,5,2,5,-2,1
882,Sentinel blade,,Melee,Melee,5,2,6,-2,1
883,Combi-bolter,"<a href=""/wh40k10ed/the-rules/core-rules/#Rapid-Fire"">rapid fire 2</a>",24,Ranged,2,2,4,0,1
883,Kheres-pattern assault cannon,"<a href=""/wh40k10ed/the-rules/core-rules/#Devastating-Wounds"">devastating wounds</a>",24,Ranged,6,2,7,-1,1
883,Multi-melta,"<a href=""/wh40k10ed/the-rules/core-rules/#Melta"">melta 2</a>",18,Ranged,2,2,9,-4,D6
883,Contemptor combat weapon,,Melee,Melee,5,2,12,-2,3
884,Godhammer lascannon,,48,Ranged,2,2,12,-3,D6+1
884,Hunter-killer missile,one shot,48,Ranged,1,2,14,-3,D6
884,Storm bolter,"<a href=""/wh40k10ed/the-rules/core-rules/#Rapid-Fire"">rapid fire 2</a>",24,Ranged,2,2,4,0,1
884,Twin heavy bolter,"<a href=""/wh40k10ed/the-rules/core-rules/#Sustained-Hits"">sustained hits 1</a>, <a href=""/wh40k10ed/the-rules/core-rules/#Twin-linked"">twin-linked</a>",36,Ranged,3,2,5,-1,2
884,Armoured tracks,,Melee,Melee,6,4,8,0,1
889,Laspistol,"<a href=""/wh40k10ed/the-rules/core-rules/#Pistol"">pistol</a>",12,Ranged,1,3,3,0,1
889,Psychic Maelstrom – witchfire,"<a href=""/wh40k10ed/the-rules/core-rules/#Blast"">blast</a>, <a href=""/wh40k10ed/the-rules/core-rules/#Devastating-Wounds"">devastating wounds</a>, <a href=""/wh40k10ed/the-rules/core-rules/#Psychic-Weapons-and-Abilities"">psychic</a>",18,Ranged,D6,3,5,-2,1
889,Psychic Maelstrom – focused witchfire,"<a href=""/wh40k10ed/the-rules/core-rules/#Blast"">blast</a>, <a href=""/wh40k10ed/the-rules/core-rules/#Devastating-Wounds"">devastating wounds</a>, <a href=""/wh40k10ed/the-rules/core-rules/#Hazardous"">hazardous</a>, <a href=""/wh40k10ed/the-rules/core-rules/#Psychic-Weapons-and-Abilities"">psychic</a>",18,Ranged,D6+1,3,6,-2,2
889,Force weapon,"<a href=""/wh40k10ed/the-rules/core-rules/#Psychic-Weapons-and-Abilities"">psychic</a>",Melee,Melee,3,4,6,-1,D3
894,Power weapon,,Melee,Melee,3,3,4,-2,2
895,Death Cult power blades,"<a href=""/wh40k10ed/the-rules/core-rules/#Precision"">precision</a>",Melee,Melee,4,2,4,-2,1
896,Arco-flails,"<a href=""/wh40k10ed/the-rules/core-rules/#Sustained-Hits"">sustained hits 1</a>",Melee,Melee,4,4,5,0,1
897,Penitent flamers,"<a href=""/wh40k10ed/the-rules/core-rules/#Assault"">assault</a>, <a href=""/wh40k10ed/the-rules/core-rules/#Ignores-Cover"">ignores cover</a>, <a href=""/wh40k10ed/the-rules/core-rules/#Torrent"">torrent</a>, <a href=""/wh40k10ed/the-rules/core-rules/#Twin-linked"">twin-linked</a>",12,Ranged,2D6,N/A,5,0,1
897,Penitent buzz-blade,"<a href=""/wh40k10ed/the-rules/core-rules/#Sustained-Hits"">sustained hits 1</a>",Melee,Melee,4,4,10,-3,2
897,Penitent flail,"<a href=""/wh40k10ed/the-rules/core-rules/#Sustained-Hits"">sustained hits 1</a>",Melee,Melee,8,4,5,-1,1
897,Twin penitent buzz-blades,"<a href=""/wh40k10ed/the-rules/core-rules/#Sustained-Hits"">sustained hits 1</a>, <a href=""/wh40k10ed/the-rules/core-rules/#Twin-linked"">twin-linked</a>",Melee,Melee,4,4,10,-3,2
897,Twin penitent flails,"<a href=""/wh40k10ed/the-rules/core-rules/#Sustained-Hits"">sustained hits 1</a>, <a href=""/wh40k10ed/the-rules/core-rules/#Twin-linked"">twin-linked</a>",Melee,Melee,8,4,5,-1,1
898,Bolt pistol,"<a href=""/wh40k10ed/the-rules/core-rules/#Pistol"">pistol</a>",12,Ranged,1,3,4,0,1
898,The Ardent Blade,"<a href=""/wh40k10ed/the-rules/core-rules/#Ignores-Cover"">ignores cover</a>, <a href=""/wh40k10ed/the-rules/core-rules/#Torrent"">torrent</a>",12,Ranged,D6,N/A,6,-2,1
898,Power weapon,,Melee,Melee,4,3,4,-2,1
898,The Ardent Blade,"<a href=""/wh40k10ed/the-rules/core-rules/#Devastating-Wounds"">devastating wounds</a>",Melee,Melee,5,2,6,-3,2
899,Bolt pistol,"<a href=""/wh40k10ed/the-rules/core-rules/#Pistol"">pistol</a>",12,Ranged,1,2,4,0,1
899,Brazier of holy fire,"<a href=""/wh40k10ed/the-rules/core-rules/#Ignores-Cover"">ignores cover</a>, one shot, <a href=""/wh40k10ed/the-rules/core-rules/#Torrent"">torrent</a>",12,Ranged,D6,N/A,6,-1,2
899,Condemnor boltgun,"<a href=""/wh40k10ed/the-rules/core-rules/#Anti"">anti-psyker 2+</a>, <a href=""/wh40k10ed/the-rules/core-rules/#Devastating-Wounds"">devastating wounds</a>, <a href=""/wh40k10ed/the-rules/core-rules/#Precision"">precision</a>, <a href=""/wh40k10ed/the-rules/core-rules/#Rapid-Fire"">rapid fire 1</a>",24,Ranged,1,2,4,0,1
899,Inferno pistol,"<a href=""/wh40k10ed/the-rules/core-rules/#Melta"">melta 2</a>, <a href=""/wh40k10ed/the-rules/core-rules/#Pistol"">pistol</a>",6,Ranged,1,2,8,-4,D3
899,Plasma pistol – standard,"<a href=""/wh40k10ed/the-rules/core-rules/#Pistol"">pistol</a>",12,Ranged,1,2,7,-2,1
899,Plasma pistol – supercharge,"<a href=""/wh40k10ed/the-rules/core-rules/#Hazardous"">hazardous</a>, <a href=""/wh40k10ed/the-rules/core-rules/#Pistol"">pistol</a>",12,Ranged,1,2,8,-3,2
899,Blessed blade,"<a href=""/wh40k10ed/the-rules/core-rules/#Lethal-Hits"">lethal hits</a>",Melee,Melee,4,2,6,-2,2
899,Hallowed Chainsword,,Melee,Melee,5,2,3,-1,1
899,Power weapon,,Melee,Melee,4,2,4,-2,2
900,Bolt pistol,"<a href=""/wh40k10ed/the-rules/core-rules/#Pistol"">pistol</a>",12,Ranged,1,3,4,0,1
900,Boltgun,"<a href=""/wh40k10ed/the-rules/core-rules/#Rapid-Fire"">rapid fire 1</a>",24,Ranged,1,3,4,0,1
900,Close combat weapon,,Melee,Melee,3,4,3,0,1
901,Bolt pistol,"<a href=""/wh40k10ed/the-rules/core-rules/#Pistol"">pistol</a>",12,Ranged,1,3,4,0,1
901,Chirurgeon’s tools,,Melee,Melee,3,4,3,0,1
902,Bolt pistol,"<a href=""/wh40k10ed/the-rules/core-rules/#Pistol"">pistol</a>",12,Ranged,1,3,4,0,1
902,Dialogus staff,,Melee,Melee,3,4,4,0,1
903,Artificer-crafted storm bolter,"<a href=""/wh40k10ed/the-rules/core-rules/#Rapid-Fire"">rapid fire 2</a>",24,Ranged,2,3,4,0,2
903,Bolt pistol,"<a href=""/wh40k10ed/the-rules/core-rules/#Pistol"">pistol</a>",12,Ranged,1,3,4,0,1
903,Boltgun,"<a href=""/wh40k10ed/the-rules/core-rules/#Rapid-Fire"">rapid fire 1</a>",24,Ranged,1,3,4,0,1
903,Combi-weapon,"<a href=""/wh40k10ed/the-rules/core-rules/#Anti"">ANTI-INFANTRY 4+</a>, <a href=""/wh40k10ed/the-rules/core-rules/#Devastating-Wounds"">DEVASTATING WOUNDS</a>, <a href=""/wh40k10ed/the-rules/core-rules/#Rapid-Fire"">RAPID FIRE 1</a>",24,Ranged,1,4,4,0,1
903,Condemnor boltgun,"<a href=""/wh40k10ed/the-rules/core-rules/#Anti"">ANTI-PSYKER 2+</a>, <a href=""/wh40k10ed/the-rules/core-rules/#Devastating-Wounds"">DEVASTATING WOUNDS</a>, <a href=""/wh40k10ed/the-rules/core-rules/#Precision"">PRECISION</a>, <a href=""/wh40k10ed/the-rules/core-rules/#Rapid-Fire"">RAPID FIRE 1</a>",24,Ranged,1,3,4,0,1
903,Heavy bolter,"<a href=""/wh40k10ed/the-rules/core-rules/#Heavy"">heavy</a>, <a href=""/wh40k10ed/the-rules/core-rules/#Sustained-Hits"">sustained hits 1</a>",36,Ranged,3,4,5,-1,2
903,Inferno pistol,"<a href=""/wh40k10ed/the-rules/core-rules/#Melta"">MELTA 2</a>, <a href=""/wh40k10ed/the-rules/core-rules/#Pistol"">PISTOL</a>",6,Ranged,1,3,8,-4,D3
903,Meltagun,"<a href=""/wh40k10ed/the-rules/core-rules/#Melta"">melta 2</a>",12,Ranged,1,3,9,-4,D6
903,Ministorum flamer,"<a href=""/wh40k10ed/the-rules/core-rules/#Ignores-Cover"">ignores cover</a>, <a href=""/wh40k10ed/the-rules/core-rules/#Torrent"">torrent</a>",12,Ranged,D6,N/A,5,0,1
903,Ministorum hand flamer,"<a href=""/wh40k10ed/the-rules/core-rules/#Ignores-Cover"">IGNORES COVER</a>, <a href=""/wh40k10ed/the-rules/core-rules/#Pistol"">PISTOL</a>, <a href=""/wh40k10ed/the-rules/core-rules/#Torrent"">TORRENT</a>",12,Ranged,D6,N/A,4,0,1
903,Ministorum heavy flamer,"<a href=""/wh40k10ed/the-rules/core-rules/#Ignores-Cover"">ignores cover</a>, <a href=""/wh40k10ed/the-rules/core-rules/#Torrent"">torrent</a>",12,Ranged,D6,N/A,6,-1,1
903,Multi-melta,"<a href=""/wh40k10ed/the-rules/core-rules/#Heavy"">heavy</a>, <a href=""/wh40k10ed/the-rules/core-rules/#Melta"">melta 2</a>",18,Ranged,2,4,9,-4,D6
903,Plasma pistol – standard,"<a href=""/wh40k10ed/the-rules/core-rules/#Pistol"">PISTOL</a>",12,Ranged,1,3,7,-2,1
903,Plasma pistol – supercharge,"<a href=""/wh40k10ed/the-rules/core-rules/#Hazardous"">HAZARDOUS</a>, <a href=""/wh40k10ed/the-rules/core-rules/#Pistol"">PISTOL</a>",12,Ranged,1,3,8,-3,2
903,Chainsword,,Melee,Melee,3,4,3,0,1
903,Close combat weapon,,Melee,Melee,1,4,3,0,1
903,Power weapon,,Melee,Melee,2,4,4,-2,1
904,Bolt pistol,"<a href=""/wh40k10ed/the-rules/core-rules/#Pistol"">pistol</a>",12,Ranged,1,3,4,0,1
904,Inferno pistol,"<a href=""/wh40k10ed/the-rules/core-rules/#Melta"">melta 2</a>, <a href=""/wh40k10ed/the-rules/core-rules/#Pistol"">pistol</a>",6,Ranged,1,3,8,-4,D3
904,Ministorum hand flamer,"<a href=""/wh40k10ed/the-rules/core-rules/#Ignores-Cover"">ignores cover</a>, <a href=""/wh40k10ed/the-rules/core-rules/#Pistol"">pistol</a>, <a href=""/wh40k10ed/the-rules/core-rules/#Torrent"">torrent</a>",12,Ranged,D6,N/A,4,0,1
904,Plasma pistol – standard,"<a href=""/wh40k10ed/the-rules/core-rules/#Pistol"">pistol</a>",12,Ranged,1,3,7,-2,1
904,Plasma pistol – supercharge,"<a href=""/wh40k10ed/the-rules/core-rules/#Hazardous"">hazardous</a>, <a href=""/wh40k10ed/the-rules/core-rules/#Pistol"">pistol</a>",12,Ranged,1,3,8,-3,2
904,Chainsword,,Melee,Melee,4,3,3,0,1
904,Close combat weapon,,Melee,Melee,2,3,3,0,1
904,Power weapon,,Melee,Melee,3,3,4,-2,1
907,Bolt pistol,"<a href=""/wh40k10ed/the-rules/core-rules/#Pistol"">pistol</a>",12,Ranged,1,3,4,0,1
907,Neural whips,"<a href=""/wh40k10ed/the-rules/core-rules/#Anti"">anti-infantry 4+</a>",Melee,Melee,4,3,3,-1,1
907,Penitent eviscerator,"<a href=""/wh40k10ed/the-rules/core-rules/#Sustained-Hits"">sustained hits 1</a>",Melee,Melee,2,4,6,-2,2
908,Bolt pistol,"<a href=""/wh40k10ed/the-rules/core-rules/#Pistol"">pistol</a>",12,Ranged,1,3,4,0,1
908,Boltgun,"<a href=""/wh40k10ed/the-rules/core-rules/#Rapid-Fire"">rapid fire 1</a>",24,Ranged,1,3,4,0,1
908,Combi-weapon,"<a href=""/wh40k10ed/the-rules/core-rules/#Anti"">ANTI-INFANTRY 4+</a>, <a href=""/wh40k10ed/the-rules/core-rules/#Devastating-Wounds"">DEVASTATING WOUNDS</a>, <a href=""/wh40k10ed/the-rules/core-rules/#Rapid-Fire"">RAPID FIRE 1</a>",24,Ranged,1,4,4,0,1
908,Condemnor boltgun,"<a href=""/wh40k10ed/the-rules/core-rules/#Anti"">ANTI-PSYKER 2+</a>, <a href=""/wh40k10ed/the-rules/core-rules/#Devastating-Wounds"">DEVASTATING WOUNDS</a>, <a href=""/wh40k10ed/the-rules/core-rules/#Precision"">PRECISION</a>, <a href=""/wh40k10ed/the-rules/core-rules/#Rapid-Fire"">RAPID FIRE 1</a>",24,Ranged,1,3,4,0,1
908,Heavy bolter,"<a href=""/wh40k10ed/the-rules/core-rules/#Heavy"">heavy</a>, <a href=""/wh40k10ed/the-rules/core-rules/#Sustained-Hits"">sustained hits 1</a>",36,Ranged,3,4,5,-1,2
908,Inferno pistol,"<a href=""/wh40k10ed/the-rules/core-rules/#Melta"">MELTA 2</a>, <a href=""/wh40k10ed/the-rules/core-rules/#Pistol"">PISTOL</a>",6,Ranged,1,3,8,-4,D3
908,Ministorum hand flamer,"<a href=""/wh40k10ed/the-rules/core-rules/#Ignores-Cover"">IGNORES COVER</a>, <a href=""/wh40k10ed/the-rules/core-rules/#Pistol"">PISTOL</a>, <a href=""/wh40k10ed/the-rules/core-rules/#Torrent"">TORRENT</a>",12,Ranged,D6,N/A,4,0,1
908,Ministorum heavy flamer,"<a href=""/wh40k10ed/the-rules/core-rules/#Ignores-Cover"">ignores cover</a>, <a href=""/wh40k10ed/the-rules/core-rules/#Torrent"">torrent</a>",12,Ranged,D6,N/A,6,-1,1
908,Multi-melta,"<a href=""/wh40k10ed/the-rules/core-rules/#Heavy"">heavy</a>, <a href=""/wh40k10ed/the-rules/core-rules/#Melta"">melta 2</a>",18,Ranged,2,4,9,-4,D6
908,Plasma pistol – standard,"<a href=""/wh40k10ed/the-rules/core-rules/#Pistol"">PISTOL</a>",12,Ranged,1,3,7,-2,1
908,Plasma pistol – supercharge,"<a href=""/wh40k10ed/the-rules/core-rules/#Hazardous"">HAZARDOUS</a>, <a href=""/wh40k10ed/the-rules/core-rules/#Pistol"">PISTOL</a>",12,Ranged,1,3,8,-3,2
908,Chainsword,,Melee,Melee,3,4,3,0,1
908,Close combat weapon,,Melee,Melee,1,4,3,0,1
908,Power weapon,,Melee,Melee,2,4,4,-2,1
909,Artificer-crafted storm bolter,"<a href=""/wh40k10ed/the-rules/core-rules/#Assault"">assault</a>, <a href=""/wh40k10ed/the-rules/core-rules/#Rapid-Fire"">rapid fire 2</a>",24,Ranged,2,3,4,0,2
909,Bolt pistol,"<a href=""/wh40k10ed/the-rules/core-rules/#Pistol"">pistol</a>",12,Ranged,1,3,4,0,1
909,Boltgun,"<a href=""/wh40k10ed/the-rules/core-rules/#Assault"">assault</a>, <a href=""/wh40k10ed/the-rules/core-rules/#Rapid-Fire"">rapid fire 1</a>",24,Ranged,1,3,4,0,1
909,Combi-weapon,"<a href=""/wh40k10ed/the-rules/core-rules/#Anti"">anti-infantry 4+</a>, <a href=""/wh40k10ed/the-rules/core-rules/#Devastating-Wounds"">devastating wounds</a>, <a href=""/wh40k10ed/the-rules/core-rules/#Rapid-Fire"">rapid fire 1</a>",24,Ranged,1,4,4,0,1
909,Condemnor boltgun,"<a href=""/wh40k10ed/the-rules/core-rules/#Anti"">anti-psyker 2+</a>, <a href=""/wh40k10ed/the-rules/core-rules/#Devastating-Wounds"">devastating wounds</a>, <a href=""/wh40k10ed/the-rules/core-rules/#Precision"">precision</a>, <a href=""/wh40k10ed/the-rules/core-rules/#Rapid-Fire"">rapid fire 1</a>",24,Ranged,1,3,4,0,1
909,Inferno pistol,"<a href=""/wh40k10ed/the-rules/core-rules/#Melta"">MELTA 2</a>, <a href=""/wh40k10ed/the-rules/core-rules/#Pistol"">PISTOL</a>",6,Ranged,1,3,8,-4,D3
909,Meltagun,"<a href=""/wh40k10ed/the-rules/core-rules/#Assault"">assault</a>, <a href=""/wh40k10ed/the-rules/core-rules/#Melta"">melta 2</a>",12,Ranged,1,3,9,-4,D6
909,Ministorum flamer,"<a href=""/wh40k10ed/the-rules/core-rules/#Assault"">assault</a>, <a href=""/wh40k10ed/the-rules/core-rules/#Ignores-Cover"">ignores cover</a>, <a href=""/wh40k10ed/the-rules/core-rules/#Torrent"">torrent</a>",12,Ranged,D6,N/A,5,0,1
909,Ministorum hand flamer,"<a href=""/wh40k10ed/the-rules/core-rules/#Ignores-Cover"">ignores cover</a>, <a href=""/wh40k10ed/the-rules/core-rules/#Pistol"">pistol</a>, <a href=""/wh40k10ed/the-rules/core-rules/#Torrent"">torrent</a>",12,Ranged,D6,N/A,4,0,1
909,Plasma pistol – standard,"<a href=""/wh40k10ed/the-rules/core-rules/#Pistol"">PISTOL</a>",12,Ranged,1,3,7,-2,1
909,Plasma pistol – supercharge,"<a href=""/wh40k10ed/the-rules/core-rules/#Hazardous"">HAZARDOUS</a>, <a href=""/wh40k10ed/the-rules/core-rules/#Pistol"">PISTOL</a>",12,Ranged,1,3,8,-3,2
909,Chainsword,,Melee,Melee,3,4,3,0,1
909,Close combat weapon,,Melee,Melee,1,4,3,0,1
909,Power weapon,,Melee,Melee,2,4,4,-2,1
910,Hunter-killer missile,one shot,48,Ranged,1,2,14,-3,D6
910,Storm bolter,"<a href=""/wh40k10ed/the-rules/core-rules/#Rapid-Fire"">rapid fire 2</a>",24,Ranged,2,3,4,0,1
910,Armoured tracks,,Melee,Melee,3,4,6,0,1
911,Heavy bolter,"<a href=""/wh40k10ed/the-rules/core-rules/#Sustained-Hits"">sustained hits 1</a>",36,Ranged,3,3,5,-1,2
911,Hunter-killer missile,one shot,48,Ranged,1,2,14,-3,D6
911,Immolation flamers,"<a href=""/wh40k10ed/the-rules/core-rules/#Ignores-Cover"">ignores cover</a>, <a href=""/wh40k10ed/the-rules/core-rules/#Torrent"">torrent</a>",18,Ranged,2D6,N/A,6,-1,1
911,Twin heavy bolter,"<a href=""/wh40k10ed/the-rules/core-rules/#Sustained-Hits"">sustained hits 2</a>, <a href=""/wh40k10ed/the-rules/core-rules/#Twin-linked"">twin-linked</a>",36,Ranged,3,3,5,-1,2
911,Twin multi-melta,"<a href=""/wh40k10ed/the-rules/core-rules/#Melta"">melta 2</a>, <a href=""/wh40k10ed/the-rules/core-rules/#Twin-linked"">twin-linked</a>",18,Ranged,2,3,9,-4,D6
911,Armoured tracks,,Melee,Melee,3,4,6,0,1
912,Exorcist conflagration rockets,"<a href=""/wh40k10ed/the-rules/core-rules/#Blast"">blast</a>, <a href=""/wh40k10ed/the-rules/core-rules/#Ignores-Cover"">ignores cover</a>, <a href=""/wh40k10ed/the-rules/core-rules/#Indirect-Fire"">indirect fire</a>",36,Ranged,3D6,3,6,-1,1
912,Exorcist missile launcher,"<a href=""/wh40k10ed/the-rules/core-rules/#Indirect-Fire"">indirect fire</a>",36,Ranged,D6+2,3,10,-3,D6
912,Heavy bolter,"<a href=""/wh40k10ed/the-rules/core-rules/#Sustained-Hits"">sustained hits 1</a>",36,Ranged,3,3,5,-1,2
912,Hunter-killer missile,one shot,48,Ranged,1,2,14,-3,D6
912,Armoured tracks,,Melee,Melee,3,4,6,0,1
914,Heavy bolter,"<a href=""/wh40k10ed/the-rules/core-rules/#Sustained-Hits"">sustained hits 1</a>",36,Ranged,3,4,5,-1,2
914,Icarus lascannon,"<a href=""/wh40k10ed/the-rules/core-rules/#Anti"">anti-fly 2+</a>",48,Ranged,1,5,12,-3,D6+1
914,Quad-gun,"<a href=""/wh40k10ed/the-rules/core-rules/#Anti"">anti-fly 3+</a>, <a href=""/wh40k10ed/the-rules/core-rules/#Twin-linked"">twin-linked</a>",48,Ranged,4,5,9,-1,3
917,Battle cannon,"<a href=""/wh40k10ed/the-rules/core-rules/#Blast"">blast</a>",48,Ranged,D6+3,5,9,-1,3
917,Punisher gatling cannon,,24,Ranged,20,5,6,0,1
917,Quad-lascannon,"<a href=""/wh40k10ed/the-rules/core-rules/#Anti"">anti-fly 2+</a>, <a href=""/wh40k10ed/the-rules/core-rules/#Twin-linked"">twin-linked</a>",48,Ranged,2,5,12,-3,D6+1
918,Battle cannon,"<a href=""/wh40k10ed/the-rules/core-rules/#Blast"">blast</a>",48,Ranged,D6+3,5,9,-1,3
918,Icarus lascannon,"<a href=""/wh40k10ed/the-rules/core-rules/#Anti"">anti-fly 2+</a>",48,Ranged,1,5,12,-3,D6+1
918,Punisher gatling cannon,,24,Ranged,20,5,6,0,1
918,Quad-gun,"<a href=""/wh40k10ed/the-rules/core-rules/#Anti"">anti-fly 3+</a>, <a href=""/wh40k10ed/the-rules/core-rules/#Twin-linked"">twin-linked</a>",48,Ranged,4,5,9,-1,3
918,Quad lascannon,"<a href=""/wh40k10ed/the-rules/core-rules/#Anti"">anti-fly 2+</a>, <a href=""/wh40k10ed/the-rules/core-rules/#Twin-linked"">twin-linked</a>",48,Ranged,2,5,12,-3,D6+1
919,Plasma obliterator – standard,"<a href=""/wh40k10ed/the-rules/core-rules/#Blast"">blast</a>",48,Ranged,D6+3,5,9,-3,3
919,Plasma obliterator – supercharge,"<a href=""/wh40k10ed/the-rules/core-rules/#Blast"">blast</a>, <a href=""/wh40k10ed/the-rules/core-rules/#Hazardous"">hazardous</a>",48,Ranged,D6+3,5,10,-4,4
920,Aquila macro-cannon,,72,Ranged,D6+6,5,16,-4,4
920,Heavy bolter,"<a href=""/wh40k10ed/the-rules/core-rules/#Sustained-Hits"">sustained hits 1</a>",36,Ranged,3,4,5,-1,2
921,Heavy bolter,"<a href=""/wh40k10ed/the-rules/core-rules/#Sustained-Hits"">sustained hits 1</a>",36,Ranged,3,4,5,-1,2
921,Vortex missile battery,"<a href=""/wh40k10ed/the-rules/core-rules/#Blast"">blast</a>, <a href=""/wh40k10ed/the-rules/core-rules/#Devastating-Wounds"">devastating wounds</a>, <a href=""/wh40k10ed/the-rules/core-rules/#Hazardous"">hazardous</a>, <a href=""/wh40k10ed/the-rules/core-rules/#Indirect-Fire"">indirect fire</a>",72,Ranged,D6+3,5,16,-4,D6
924,Talon of Horus,"<a href=""/wh40k10ed/the-rules/core-rules/#Sustained-Hits"">sustained hits 1</a>",24,Ranged,4,2,5,-1,2
924,Drach’nyen,"<a href=""/wh40k10ed/the-rules/core-rules/#Devastating-Wounds"">devastating wounds</a>",Melee,Melee,8,2,14,-4,3
924,Talon of Horus,"<a href=""/wh40k10ed/the-rules/core-rules/#Devastating-Wounds"">devastating wounds</a>",Melee,Melee,14,2,7,-3,1
925,Tyrant’s Claw,"<a href=""/wh40k10ed/the-rules/core-rules/#Ignores-Cover"">ignores cover</a>, <a href=""/wh40k10ed/the-rules/core-rules/#Torrent"">torrent</a>",12,Ranged,D6,N/A,6,-1,1
925,Exalted weapon,,Melee,Melee,6,2,5,-2,2
925,Tyrant’s Claw,,Melee,Melee,10,2,4,-2,1
926,Cypher’s bolt pistol,"<a href=""/wh40k10ed/the-rules/core-rules/#Assault"">assault</a>, <a href=""/wh40k10ed/the-rules/core-rules/#Pistol"">pistol</a>, <a href=""/wh40k10ed/the-rules/core-rules/#Sustained-Hits"">sustained hits 1</a>",12,Ranged,6,2,4,-1,1
926,Cypher’s plasma pistol,"<a href=""/wh40k10ed/the-rules/core-rules/#Assault"">assault</a>, <a href=""/wh40k10ed/the-rules/core-rules/#Pistol"">pistol</a>, <a href=""/wh40k10ed/the-rules/core-rules/#Sustained-Hits"">sustained hits 1</a>",12,Ranged,3,2,8,-3,2
926,Cypher’s bolt pistol,"<a href=""/wh40k10ed/the-rules/core-rules/#Sustained-Hits"">sustained hits 1</a>",Melee,Melee,6,2,4,-1,1
926,Cypher’s plasma pistol,"<a href=""/wh40k10ed/the-rules/core-rules/#Extra-Attacks"">EXTRA ATTACKS</a>",Melee,Melee,3,2,8,-3,2
928,Xyclos Needler,"<a href=""/wh40k10ed/the-rules/core-rules/#Anti"">anti-infantry 2+</a>, <a href=""/wh40k10ed/the-rules/core-rules/#Pistol"">pistol</a>",18,Ranged,3,2,2,-1,2
928,Chirurgeon,"<a href=""/wh40k10ed/the-rules/core-rules/#Extra-Attacks"">extra attacks</a>",Melee,Melee,2,2,4,0,1
928,Rod of Torment,,Melee,Melee,6,2,5,-1,3
928,Surgeon Acolyte’s tools,,Melee,Melee,1,5,3,0,1
929,Plasma pistol – standard,"<a href=""/wh40k10ed/the-rules/core-rules/#Pistol"">pistol</a>",12,Ranged,1,2,7,-2,1
929,Plasma pistol – supercharge,"<a href=""/wh40k10ed/the-rules/core-rules/#Pistol"">pistol</a>, <a href=""/wh40k10ed/the-rules/core-rules/#Hazardous"">hazardous</a>",12,Ranged,1,2,8,-3,2
929,Accursed weapon,,Melee,Melee,6,2,5,-2,1
929,Astartes chainblade,,Melee,Melee,7,2,4,-1,1
929,Daemon hammer,"<a href=""/wh40k10ed/the-rules/core-rules/#Devastating-Wounds"">devastating wounds</a>",Melee,Melee,5,3,8,-2,2
929,Power fist,,Melee,Melee,5,2,8,-2,2
930,Combi-bolter,"<a href=""/wh40k10ed/the-rules/core-rules/#Rapid-Fire"">rapid fire 2</a>",24,Ranged,2,2,4,0,1
930,Combi-weapon,"<a href=""/wh40k10ed/the-rules/core-rules/#Anti"">anti-infantry 4+</a>, <a href=""/wh40k10ed/the-rules/core-rules/#Devastating-Wounds"">devastating wounds</a>, <a href=""/wh40k10ed/the-rules/core-rules/#Rapid-Fire"">rapid fire 1</a>",24,Ranged,1,3,4,0,1
930,Chainfist,"<a href=""/wh40k10ed/the-rules/core-rules/#Anti"">anti-vehicle 3+</a>",Melee,Melee,5,3,8,-2,2
930,Exalted weapon,,Melee,Melee,6,2,5,-2,2
930,Paired accursed weapons,"<a href=""/wh40k10ed/the-rules/core-rules/#Twin-linked"">twin-linked</a>",Melee,Melee,7,2,5,-2,1
930,Power fist,,Melee,Melee,5,2,8,-2,2
931,Bolt pistol,"<a href=""/wh40k10ed/the-rules/core-rules/#Pistol"">pistol</a>",12,Ranged,1,2,4,0,1
931,Combi-bolter,"<a href=""/wh40k10ed/the-rules/core-rules/#Rapid-Fire"">rapid fire 2</a>",24,Ranged,2,2,4,0,1
931,Combi-weapon,"<a href=""/wh40k10ed/the-rules/core-rules/#Anti"">anti-infantry 4+</a>, <a href=""/wh40k10ed/the-rules/core-rules/#Devastating-Wounds"">devastating wounds</a>, <a href=""/wh40k10ed/the-rules/core-rules/#Rapid-Fire"">rapid fire 1</a>",24,Ranged,1,4,4,0,1
931,Plasma pistol – standard,"<a href=""/wh40k10ed/the-rules/core-rules/#Pistol"">pistol</a>",12,Ranged,1,2,7,-2,1
931,Plasma pistol – supercharge,"<a href=""/wh40k10ed/the-rules/core-rules/#Hazardous"">hazardous</a>, <a href=""/wh40k10ed/the-rules/core-rules/#Pistol"">pistol</a>",12,Ranged,1,2,8,-3,2
931,Accursed weapon,,Melee,Melee,6,2,5,-2,1
931,Astartes chainsword,,Melee,Melee,7,2,4,-1,1
931,Close combat weapon,,Melee,Melee,6,2,4,0,1
931,Paired accursed weapons,"<a href=""/wh40k10ed/the-rules/core-rules/#Twin-linked"">twin-linked</a>",Melee,Melee,7,2,4,-1,1
931,Power fist,,Melee,Melee,5,2,8,-2,2
932,Bolt pistol,"<a href=""/wh40k10ed/the-rules/core-rules/#Pistol"">pistol</a>",12,Ranged,1,2,4,0,1
932,Combi-bolter,"<a href=""/wh40k10ed/the-rules/core-rules/#Rapid-Fire"">rapid fire 2</a>",24,Ranged,2,2,4,0,1
932,Combi-weapon,"<a href=""/wh40k10ed/the-rules/core-rules/#Anti"">anti-infantry 4+</a>, <a href=""/wh40k10ed/the-rules/core-rules/#Devastating-Wounds"">devastating wounds</a>, <a href=""/wh40k10ed/the-rules/core-rules/#Rapid-Fire"">rapid fire 1</a>",24,Ranged,1,4,4,0,1
932,Plasma pistol – standard,"<a href=""/wh40k10ed/the-rules/core-rules/#Pistol"">pistol</a>",12,Ranged,1,2,7,-2,1
932,Plasma pistol – supercharge,"<a href=""/wh40k10ed/the-rules/core-rules/#Hazardous"">hazardous</a>, <a href=""/wh40k10ed/the-rules/core-rules/#Pistol"">pistol</a>",12,Ranged,1,2,8,-3,2
932,Accursed weapon,,Melee,Melee,6,2,5,-2,1
932,Astartes chainsword,,Melee,Melee,7,2,4,-1,1
932,Bladed horn,"<a href=""/wh40k10ed/the-rules/core-rules/#Extra-Attacks"">extra attacks</a>, <a href=""/wh40k10ed/the-rules/core-rules/#Lance"">lance</a>",Melee,Melee,4,4,6,-1,1
932,Close combat weapon,,Melee,Melee,6,2,4,0,1
932,Paired accursed weapons,"<a href=""/wh40k10ed/the-rules/core-rules/#Twin-linked"">twin-linked</a>",Melee,Melee,7,2,4,-1,1
932,Power fist,,Melee,Melee,5,2,8,-2,2
933,Bolt pistol,"<a href=""/wh40k10ed/the-rules/core-rules/#Pistol"">pistol</a>",12,Ranged,1,2,4,0,1
933,Combi-bolter,"<a href=""/wh40k10ed/the-rules/core-rules/#Rapid-Fire"">rapid fire 2</a>",24,Ranged,2,2,4,0,1
933,Combi-weapon,"<a href=""/wh40k10ed/the-rules/core-rules/#Anti"">anti-infantry 4+</a>, <a href=""/wh40k10ed/the-rules/core-rules/#Devastating-Wounds"">devastating wounds</a>, <a href=""/wh40k10ed/the-rules/core-rules/#Rapid-Fire"">rapid fire 1</a>",24,Ranged,1,4,4,0,1
933,Plasma pistol – standard,"<a href=""/wh40k10ed/the-rules/core-rules/#Pistol"">pistol</a>",12,Ranged,1,2,7,-2,1
933,Plasma pistol – supercharge,"<a href=""/wh40k10ed/the-rules/core-rules/#Hazardous"">hazardous</a>, <a href=""/wh40k10ed/the-rules/core-rules/#Pistol"">pistol</a>",12,Ranged,1,2,8,-3,2
933,Accursed weapon,,Melee,Melee,6,2,5,-2,1
933,Astartes chainsword,,Melee,Melee,7,2,4,-1,1
933,Close combat weapon,,Melee,Melee,6,2,4,0,1
933,Paired accursed weapons,"<a href=""/wh40k10ed/the-rules/core-rules/#Twin-linked"">twin-linked</a>",Melee,Melee,7,2,4,-1,1
933,Power fist,,Melee,Melee,5,2,8,-2,2
934,Bolt pistol,"<a href=""/wh40k10ed/the-rules/core-rules/#Pistol"">pistol</a>",12,Ranged,1,2,4,0,1
934,Combi-bolter,"<a href=""/wh40k10ed/the-rules/core-rules/#Rapid-Fire"">rapid fire 2</a>",24,Ranged,2,2,4,0,1
934,Combi-weapon,"<a href=""/wh40k10ed/the-rules/core-rules/#Anti"">anti-infantry 4+</a>, <a href=""/wh40k10ed/the-rules/core-rules/#Devastating-Wounds"">devastating wounds</a>, <a href=""/wh40k10ed/the-rules/core-rules/#Rapid-Fire"">rapid fire 1</a>",24,Ranged,1,4,4,0,1
934,Plasma pistol – standard,"<a href=""/wh40k10ed/the-rules/core-rules/#Pistol"">pistol</a>",12,Ranged,1,2,7,-2,1
934,Plasma pistol – supercharge,"<a href=""/wh40k10ed/the-rules/core-rules/#Hazardous"">hazardous</a>, <a href=""/wh40k10ed/the-rules/core-rules/#Pistol"">pistol</a>",12,Ranged,1,2,8,-3,2
934,Accursed weapon,,Melee,Melee,6,2,5,-2,1
934,Astartes chainsword,,Melee,Melee,7,2,4,-1,1
934,Close combat weapon,,Melee,Melee,6,2,4,0,1
934,Nurgling’s claws and teeth,"<a href=""/wh40k10ed/the-rules/core-rules/#Extra-Attacks"">extra attacks</a>, <a href=""/wh40k10ed/the-rules/core-rules/#Lethal-Hits"">lethal hits</a>",Melee,Melee,4,5,2,0,1
934,Paired accursed weapons,"<a href=""/wh40k10ed/the-rules/core-rules/#Twin-linked"">twin-linked</a>",Melee,Melee,7,2,4,-1,1
934,Power fist,,Melee,Melee,5,2,8,-2,2
935,Bolt pistol,"<a href=""/wh40k10ed/the-rules/core-rules/#Pistol"">pistol</a>",12,Ranged,1,2,4,0,1
935,Combi-bolter,"<a href=""/wh40k10ed/the-rules/core-rules/#Rapid-Fire"">rapid fire 2</a>",24,Ranged,2,2,4,0,1
935,Combi-weapon,"<a href=""/wh40k10ed/the-rules/core-rules/#Anti"">anti-infantry 4+</a>, <a href=""/wh40k10ed/the-rules/core-rules/#Devastating-Wounds"">devastating wounds</a>, <a href=""/wh40k10ed/the-rules/core-rules/#Rapid-Fire"">rapid fire 1</a>",24,Ranged,1,4,4,0,1
935,Plasma pistol – standard,"<a href=""/wh40k10ed/the-rules/core-rules/#Pistol"">pistol</a>",12,Ranged,1,2,7,-2,1
935,Plasma pistol – supercharge,"<a href=""/wh40k10ed/the-rules/core-rules/#Hazardous"">hazardous</a>, <a href=""/wh40k10ed/the-rules/core-rules/#Pistol"">pistol</a>",12,Ranged,1,2,8,-3,2
935,Accursed weapon,,Melee,Melee,6,2,5,-2,1
935,Astartes chainsword,,Melee,Melee,7,2,4,-1,1
935,Close combat weapon,,Melee,Melee,6,2,4,0,1
935,Lashing tongue,"<a href=""/wh40k10ed/the-rules/core-rules/#Extra-Attacks"">extra attacks</a>, <a href=""/wh40k10ed/the-rules/core-rules/#Lethal-Hits"">lethal hits</a>",Melee,Melee,2,4,4,0,1
935,Paired accursed weapons,"<a href=""/wh40k10ed/the-rules/core-rules/#Twin-linked"">twin-linked</a>",Melee,Melee,7,2,4,-1,1
935,Power fist,,Melee,Melee,5,2,8,-2,2
936,Bolt pistol,"<a href=""/wh40k10ed/the-rules/core-rules/#Pistol"">pistol</a>",12,Ranged,1,3,4,0,1
936,Accursed crozius,,Melee,Melee,5,2,6,-1,2
936,Close combat weapon,,Melee,Melee,1,4,3,0,1
937,Infernal cannon,,24,Ranged,3,2,5,-1,2
937,Hellforged weapons – strike,,Melee,Melee,6,2,8,-2,3
937,Hellforged weapons – sweep,,Melee,Melee,14,2,6,0,1
938,Bolt pistol,"<a href=""/wh40k10ed/the-rules/core-rules/#Pistol"">pistol</a>",12,Ranged,1,3,4,0,1
938,Infernal Gaze – witchfire,"<a href=""/wh40k10ed/the-rules/core-rules/#Psychic-Weapons-and-Abilities"">psychic</a>",24,Ranged,D6,3,5,-1,D3
938,Infernal Gaze – focused witchfire,"<a href=""/wh40k10ed/the-rules/core-rules/#Devastating-Wounds"">devastating wounds</a>, <a href=""/wh40k10ed/the-rules/core-rules/#Hazardous"">hazardous</a>, <a href=""/wh40k10ed/the-rules/core-rules/#Psychic-Weapons-and-Abilities"">psychic</a>",24,Ranged,D6,3,6,-2,D3
938,Force weapon,"<a href=""/wh40k10ed/the-rules/core-rules/#Psychic-Weapons-and-Abilities"">psychic</a>",Melee,Melee,4,3,6,-1,D3
939,Combi-bolter,"<a href=""/wh40k10ed/the-rules/core-rules/#Rapid-Fire"">rapid fire 2</a>",24,Ranged,2,3,4,0,1
939,Combi-weapon,"<a href=""/wh40k10ed/the-rules/core-rules/#Anti"">anti-infantry 4+</a>, <a href=""/wh40k10ed/the-rules/core-rules/#Devastating-Wounds"">devastating wounds</a>, <a href=""/wh40k10ed/the-rules/core-rules/#Rapid-Fire"">rapid fire 1</a>",24,Ranged,1,4,4,0,1
939,Infernal Gaze – witchfire,"<a href=""/wh40k10ed/the-rules/core-rules/#Psychic-Weapons-and-Abilities"">psychic</a>",24,Ranged,D6,3,5,-1,D3
939,Infernal Gaze – focused witchfire,"<a href=""/wh40k10ed/the-rules/core-rules/#Devastating-Wounds"">devastating wounds</a>, <a href=""/wh40k10ed/the-rules/core-rules/#Hazardous"">hazardous</a>, <a href=""/wh40k10ed/the-rules/core-rules/#Psychic-Weapons-and-Abilities"">psychic</a>",24,Ranged,D6,3,6,-2,D3
939,Force weapon,"<a href=""/wh40k10ed/the-rules/core-rules/#Psychic-Weapons-and-Abilities"">psychic</a>",Melee,Melee,4,3,6,-1,D3
940,Bolt pistol,"<a href=""/wh40k10ed/the-rules/core-rules/#Pistol"">pistol</a>",12,Ranged,1,2,4,0,1
940,Combi-bolter,"<a href=""/wh40k10ed/the-rules/core-rules/#Rapid-Fire"">rapid fire 2</a>",24,Ranged,2,2,4,0,1
940,Combi-weapon,"<a href=""/wh40k10ed/the-rules/core-rules/#Anti"">anti-infantry 4+</a>, <a href=""/wh40k10ed/the-rules/core-rules/#Devastating-Wounds"">devastating wounds</a>, <a href=""/wh40k10ed/the-rules/core-rules/#Rapid-Fire"">rapid fire 1</a>",24,Ranged,1,4,4,0,1
940,Infernal Gaze – focused witchfire,"<a href=""/wh40k10ed/the-rules/core-rules/#Devastating-Wounds"">devastating wounds</a>, <a href=""/wh40k10ed/the-rules/core-rules/#Hazardous"">hazardous</a>, <a href=""/wh40k10ed/the-rules/core-rules/#Psychic-Weapons-and-Abilities"">psychic</a>",24,Ranged,D6,3,6,-2,D3
940,Infernal Gaze – witchfire,"<a href=""/wh40k10ed/the-rules/core-rules/#Psychic-Weapons-and-Abilities"">psychic</a>",24,Ranged,D6,3,5,-1,D3
940,Plasma pistol – standard,"<a href=""/wh40k10ed/the-rules/core-rules/#Pistol"">pistol</a>",12,Ranged,1,2,7,-2,1
940,Plasma pistol – supercharge,"<a href=""/wh40k10ed/the-rules/core-rules/#Hazardous"">hazardous</a>, <a href=""/wh40k10ed/the-rules/core-rules/#Pistol"">pistol</a>",12,Ranged,1,2,8,-3,2
940,Accursed weapon,,Melee,Melee,4,3,5,-2,1
940,Astartes chainsword,,Melee,Melee,5,3,4,-1,1
940,Force weapon,"<a href=""/wh40k10ed/the-rules/core-rules/#Psychic-Weapons-and-Abilities"">psychic</a>",Melee,Melee,4,3,6,-1,D3
940,Power fist,,Melee,Melee,3,3,8,-2,2
941,Bolt pistol,"<a href=""/wh40k10ed/the-rules/core-rules/#Pistol"">pistol</a>",12,Ranged,1,2,4,0,1
941,Combi-bolter,"<a href=""/wh40k10ed/the-rules/core-rules/#Rapid-Fire"">rapid fire 2</a>",24,Ranged,2,2,4,0,1
941,Combi-weapon,"<a href=""/wh40k10ed/the-rules/core-rules/#Anti"">anti-infantry 4+</a>, <a href=""/wh40k10ed/the-rules/core-rules/#Devastating-Wounds"">devastating wounds</a>, <a href=""/wh40k10ed/the-rules/core-rules/#Rapid-Fire"">rapid fire 1</a>",24,Ranged,1,4,4,0,1
941,Infernal Gaze – focused witchfire,"<a href=""/wh40k10ed/the-rules/core-rules/#Devastating-Wounds"">devastating wounds</a>, <a href=""/wh40k10ed/the-rules/core-rules/#Hazardous"">hazardous</a>, <a href=""/wh40k10ed/the-rules/core-rules/#Psychic-Weapons-and-Abilities"">psychic</a>",24,Ranged,D6,3,6,-2,D3
941,Infernal Gaze – witchfire,"<a href=""/wh40k10ed/the-rules/core-rules/#Psychic-Weapons-and-Abilities"">psychic</a>",24,Ranged,D6,3,5,-1,D3
941,Plasma pistol – standard,"<a href=""/wh40k10ed/the-rules/core-rules/#Pistol"">pistol</a>",12,Ranged,1,2,7,-2,1
941,Plasma pistol – supercharge,"<a href=""/wh40k10ed/the-rules/core-rules/#Hazardous"">hazardous</a>, <a href=""/wh40k10ed/the-rules/core-rules/#Pistol"">pistol</a>",12,Ranged,1,2,8,-3,2
941,Accursed weapon,,Melee,Melee,4,3,5,-2,1
941,Astartes chainsword,,Melee,Melee,5,3,4,-1,1
941,Force weapon,"<a href=""/wh40k10ed/the-rules/core-rules/#Psychic-Weapons-and-Abilities"">psychic</a>",Melee,Melee,4,3,6,-1,D3
941,Power fist,,Melee,Melee,3,3,8,-2,2
942,Bolt pistol,"<a href=""/wh40k10ed/the-rules/core-rules/#Pistol"">pistol</a>",12,Ranged,1,2,4,0,1
942,Combi-bolter,"<a href=""/wh40k10ed/the-rules/core-rules/#Rapid-Fire"">rapid fire 2</a>",24,Ranged,2,2,4,0,1
942,Combi-weapon,"<a href=""/wh40k10ed/the-rules/core-rules/#Anti"">anti-infantry 4+</a>, <a href=""/wh40k10ed/the-rules/core-rules/#Devastating-Wounds"">devastating wounds</a>, <a href=""/wh40k10ed/the-rules/core-rules/#Rapid-Fire"">rapid fire 1</a>",24,Ranged,1,4,4,0,1
942,Infernal Gaze – focused witchfire,"<a href=""/wh40k10ed/the-rules/core-rules/#Devastating-Wounds"">devastating wounds</a>, <a href=""/wh40k10ed/the-rules/core-rules/#Hazardous"">hazardous</a>, <a href=""/wh40k10ed/the-rules/core-rules/#Psychic-Weapons-and-Abilities"">psychic</a>",24,Ranged,D6,3,6,-2,D3
942,Infernal Gaze – witchfire,"<a href=""/wh40k10ed/the-rules/core-rules/#Psychic-Weapons-and-Abilities"">psychic</a>",24,Ranged,D6,3,5,-1,D3
942,Plasma pistol – standard,"<a href=""/wh40k10ed/the-rules/core-rules/#Pistol"">pistol</a>",12,Ranged,1,2,7,-2,1
942,Plasma pistol – supercharge,"<a href=""/wh40k10ed/the-rules/core-rules/#Hazardous"">hazardous</a>, <a href=""/wh40k10ed/the-rules/core-rules/#Pistol"">pistol</a>",12,Ranged,1,2,8,-3,2
942,Accursed weapon,,Melee,Melee,4,3,5,-2,1
942,Astartes chainsword,,Melee,Melee,5,3,4,-1,1
942,Force weapon,"<a href=""/wh40k10ed/the-rules/core-rules/#Psychic-Weapons-and-Abilities"">psychic</a>",Melee,Melee,4,3,6,-1,D3
942,Nurgling’s claws and teeth,"<a href=""/wh40k10ed/the-rules/core-rules/#Extra-Attacks"">extra attacks</a>, <a href=""/wh40k10ed/the-rules/core-rules/#Lethal-Hits"">lethal hits</a>",Melee,Melee,4,5,2,0,1
942,Power fist,,Melee,Melee,3,3,8,-2,2
943,Bolt pistol,"<a href=""/wh40k10ed/the-rules/core-rules/#Pistol"">pistol</a>",12,Ranged,1,2,4,0,1
943,Combi-bolter,"<a href=""/wh40k10ed/the-rules/core-rules/#Rapid-Fire"">rapid fire 2</a>",24,Ranged,2,2,4,0,1
943,Combi-weapon,"<a href=""/wh40k10ed/the-rules/core-rules/#Anti"">anti-infantry 4+</a>, <a href=""/wh40k10ed/the-rules/core-rules/#Devastating-Wounds"">devastating wounds</a>, <a href=""/wh40k10ed/the-rules/core-rules/#Rapid-Fire"">rapid fire 1</a>",24,Ranged,1,4,4,0,1
943,Infernal Gaze – focused witchfire,"<a href=""/wh40k10ed/the-rules/core-rules/#Devastating-Wounds"">devastating wounds</a>, <a href=""/wh40k10ed/the-rules/core-rules/#Hazardous"">hazardous</a>, <a href=""/wh40k10ed/the-rules/core-rules/#Psychic-Weapons-and-Abilities"">psychic</a>",24,Ranged,D6,3,6,-2,D3
943,Infernal Gaze – witchfire,"<a href=""/wh40k10ed/the-rules/core-rules/#Psychic-Weapons-and-Abilities"">psychic</a>",24,Ranged,D6,3,5,-1,D3
943,Plasma pistol – standard,"<a href=""/wh40k10ed/the-rules/core-rules/#Pistol"">pistol</a>",12,Ranged,1,2,7,-2,1
943,Plasma pistol – supercharge,"<a href=""/wh40k10ed/the-rules/core-rules/#Hazardous"">hazardous</a>, <a href=""/wh40k10ed/the-rules/core-rules/#Pistol"">pistol</a>",12,Ranged,1,2,8,-3,2
943,Accursed weapon,,Melee,Melee,4,3,5,-2,1
943,Astartes chainsword,,Melee,Melee,5,3,4,-1,1
943,Force weapon,"<a href=""/wh40k10ed/the-rules/core-rules/#Psychic-Weapons-and-Abilities"">psychic</a>",Melee,Melee,4,3,6,-1,D3
943,Lashing tongue,"<a href=""/wh40k10ed/the-rules/core-rules/#Extra-Attacks"">extra attacks</a>, <a href=""/wh40k10ed/the-rules/core-rules/#Lethal-Hits"">lethal hits</a>",Melee,Melee,2,3,4,0,1
943,Power fist,,Melee,Melee,3,3,8,-2,2
944,Flamer tendril,"<a href=""/wh40k10ed/the-rules/core-rules/#Pistol"">pistol</a>, <a href=""/wh40k10ed/the-rules/core-rules/#Torrent"">torrent</a>, <a href=""/wh40k10ed/the-rules/core-rules/#Ignores-Cover"">ignores cover</a>",12,Ranged,D6,N/A,3,0,1
944,Melta tendril,"<a href=""/wh40k10ed/the-rules/core-rules/#Pistol"">pistol</a>, <a href=""/wh40k10ed/the-rules/core-rules/#Melta"">melta 2</a>",6,Ranged,1,2,8,-4,D3
944,Plasma pistol – standard,"<a href=""/wh40k10ed/the-rules/core-rules/#Pistol"">pistol</a>",12,Ranged,1,2,7,-2,1
944,Plasma pistol – supercharge,"<a href=""/wh40k10ed/the-rules/core-rules/#Pistol"">pistol</a>, <a href=""/wh40k10ed/the-rules/core-rules/#Hazardous"">hazardous</a>",12,Ranged,1,2,8,-3,2
944,Forge weapon,"<a href=""/wh40k10ed/the-rules/core-rules/#Anti"">Anti-Vehicle 4+</a>",Melee,Melee,4,3,6,-2,2
946,Autopistol,"<a href=""/wh40k10ed/the-rules/core-rules/#Pistol"">pistol</a>",12,Ranged,1,4,3,0,1
946,Bolt pistol,"<a href=""/wh40k10ed/the-rules/core-rules/#Pistol"">pistol</a>",12,Ranged,1,4,4,0,1
946,Brutal assault weapon,,Melee,Melee,2,4,3,0,1
947,Combi-bolter,"<a href=""/wh40k10ed/the-rules/core-rules/#Rapid-Fire"">rapid fire 2</a>",24,Ranged,2,3,4,0,1
947,Combi-weapon,"<a href=""/wh40k10ed/the-rules/core-rules/#Anti"">anti-infantry 4+</a>, <a href=""/wh40k10ed/the-rules/core-rules/#Devastating-Wounds"">devastating wounds</a>, <a href=""/wh40k10ed/the-rules/core-rules/#Rapid-Fire"">rapid fire 1</a>",24,Ranged,1,4,4,0,1
947,Heavy flamer,"<a href=""/wh40k10ed/the-rules/core-rules/#Ignores-Cover"">ignores cover</a>, <a href=""/wh40k10ed/the-rules/core-rules/#Torrent"">torrent</a>",12,Ranged,D6,N/A,5,-1,1
947,Reaper autocannon,"<a href=""/wh40k10ed/the-rules/core-rules/#Devastating-Wounds"">devastating wounds</a>, <a href=""/wh40k10ed/the-rules/core-rules/#Sustained-Hits"">sustained hits 1</a>",36,Ranged,4,3,7,-1,1
947,Accursed weapon,,Melee,Melee,4,3,5,-2,1
947,Chainfist,"<a href=""/wh40k10ed/the-rules/core-rules/#Anti"">anti-vehicle 3+</a>",Melee,Melee,3,4,8,-2,2
947,Paired accursed weapons,"<a href=""/wh40k10ed/the-rules/core-rules/#Twin-linked"">twin-linked</a>",Melee,Melee,5,3,5,-2,1
947,Power fist,,Melee,Melee,3,3,8,-2,2
952,Bolt pistol,"<a href=""/wh40k10ed/the-rules/core-rules/#Pistol"">pistol</a>",12,Ranged,1,3,4,0,1
952,Boltgun,,24,Ranged,2,3,4,0,1
952,Combi-weapon,"<a href=""/wh40k10ed/the-rules/core-rules/#Anti"">anti-infantry 4+</a>, <a href=""/wh40k10ed/the-rules/core-rules/#Devastating-Wounds"">devastating wounds</a>, <a href=""/wh40k10ed/the-rules/core-rules/#Rapid-Fire"">rapid fire 1</a>",24,Ranged,1,4,4,0,1
952,Plasma pistol – standard,"<a href=""/wh40k10ed/the-rules/core-rules/#Pistol"">pistol</a>",12,Ranged,1,3,7,-2,1
952,Plasma pistol – supercharge,"<a href=""/wh40k10ed/the-rules/core-rules/#Hazardous"">hazardous</a>, <a href=""/wh40k10ed/the-rules/core-rules/#Pistol"">pistol</a>",12,Ranged,1,3,8,-3,2
952,Accursed weapon,,Melee,Melee,4,3,5,-2,1
952,Paired accursed weapons,"<a href=""/wh40k10ed/the-rules/core-rules/#Twin-linked"">twin-linked</a>",Melee,Melee,5,3,5,-2,1
952,Power fist,,Melee,Melee,4,3,8,-2,2
953,Hideous mutations,,Melee,Melee,4,3,5,-1,2
954,Combi-bolter,"<a href=""/wh40k10ed/the-rules/core-rules/#Rapid-Fire"">rapid fire 2</a>",24,Ranged,2,3,4,0,1
954,Heavy flamer,"<a href=""/wh40k10ed/the-rules/core-rules/#Ignores-Cover"">ignores cover</a>, <a href=""/wh40k10ed/the-rules/core-rules/#Torrent"">torrent</a>",12,Ranged,D6,N/A,5,-1,1
954,Helbrute plasma cannon,"<a href=""/wh40k10ed/the-rules/core-rules/#Blast"">blast</a>, <a href=""/wh40k10ed/the-rules/core-rules/#Hazardous"">hazardous</a>",36,Ranged,D3,3,8,-3,3
954,Missile launcher – frag,"<a href=""/wh40k10ed/the-rules/core-rules/#Blast"">blast</a>",48,Ranged,D6,3,4,0,1
954,Missile launcher – krak,,48,Ranged,1,3,9,-2,D6
954,Multi-melta,"<a href=""/wh40k10ed/the-rules/core-rules/#Melta"">melta 2</a>",18,Ranged,2,3,9,-4,D6
954,Twin autocannon,"<a href=""/wh40k10ed/the-rules/core-rules/#Twin-linked"">twin-linked</a>",48,Ranged,2,3,9,-1,3
954,Twin heavy bolter,"<a href=""/wh40k10ed/the-rules/core-rules/#Sustained-Hits"">sustained hits 1</a>, <a href=""/wh40k10ed/the-rules/core-rules/#Twin-linked"">twin-linked</a>",36,Ranged,3,3,5,-1,2
954,Twin lascannon,"<a href=""/wh40k10ed/the-rules/core-rules/#Twin-linked"">twin-linked</a>",48,Ranged,1,3,12,-3,D6+1
954,Close combat weapon,,Melee,Melee,5,3,6,0,1
954,Helbrute fist,,Melee,Melee,5,3,12,-2,3
954,Helbrute hammer,,Melee,Melee,5,4,14,-3,D6+1
954,Power scourge,,Melee,Melee,8,3,7,-1,2
955,Fleshmetal weapons – strike,,Melee,Melee,4,3,6,-2,2
955,Fleshmetal weapons – sweep,,Melee,Melee,8,3,5,-1,1
956,Combi-bolter,"<a href=""/wh40k10ed/the-rules/core-rules/#Rapid-Fire"">rapid fire 2</a>",24,Ranged,2,3,4,0,1
956,Combi-weapon,"<a href=""/wh40k10ed/the-rules/core-rules/#Anti"">anti-infantry 4+</a>, <a href=""/wh40k10ed/the-rules/core-rules/#Devastating-Wounds"">devastating wounds</a>, <a href=""/wh40k10ed/the-rules/core-rules/#Rapid-Fire"">rapid fire 1</a>",24,Ranged,1,4,4,0,1
956,Havoc launcher,"<a href=""/wh40k10ed/the-rules/core-rules/#Blast"">blast</a>",48,Ranged,D6,3,5,0,1
956,Armoured tracks,,Melee,Melee,3,4,6,0,1
957,Bolt pistol,"<a href=""/wh40k10ed/the-rules/core-rules/#Pistol"">pistol</a>",12,Ranged,1,3,4,0,1
957,Combi-bolter,"<a href=""/wh40k10ed/the-rules/core-rules/#Rapid-Fire"">rapid fire 2</a>",24,Ranged,2,3,4,0,1
957,Combi-weapon,"<a href=""/wh40k10ed/the-rules/core-rules/#Anti"">anti-infantry 4+</a>, <a href=""/wh40k10ed/the-rules/core-rules/#Devastating-Wounds"">devastating wounds</a>, <a href=""/wh40k10ed/the-rules/core-rules/#Rapid-Fire"">rapid fire 1</a>",24,Ranged,1,4,4,0,1
957,Flamer,"<a href=""/wh40k10ed/the-rules/core-rules/#Ignores-Cover"">ignores cover</a>, <a href=""/wh40k10ed/the-rules/core-rules/#Torrent"">torrent</a>",12,Ranged,D6,N/A,4,0,1
957,Meltagun,"<a href=""/wh40k10ed/the-rules/core-rules/#Melta"">melta 2</a>",12,Ranged,1,3,9,-4,D6
957,Plasma gun – standard,"<a href=""/wh40k10ed/the-rules/core-rules/#Rapid-Fire"">rapid fire 1</a>",24,Ranged,1,3,7,-2,1
957,Plasma gun – supercharge,"<a href=""/wh40k10ed/the-rules/core-rules/#Hazardous"">hazardous</a>, <a href=""/wh40k10ed/the-rules/core-rules/#Rapid-Fire"">rapid fire 1</a>",24,Ranged,1,3,8,-3,2
957,Plasma pistol – standard,"<a href=""/wh40k10ed/the-rules/core-rules/#Pistol"">pistol</a>",12,Ranged,1,3,7,-2,1
957,Plasma pistol – supercharge,"<a href=""/wh40k10ed/the-rules/core-rules/#Hazardous"">hazardous</a>, <a href=""/wh40k10ed/the-rules/core-rules/#Pistol"">pistol</a>",12,Ranged,1,3,8,-3,2
957,Close combat weapon,,Melee,Melee,3,3,4,0,1
957,Accursed weapon,,Melee,Melee,4,3,5,-2,1
957,Astartes chainsword,,Melee,Melee,4,3,4,-1,1
957,Power fist,,Melee,Melee,3,3,8,-2,2
958,Bolt pistol,"<a href=""/wh40k10ed/the-rules/core-rules/#Pistol"">pistol</a>",12,Ranged,1,3,4,0,1
958,Flamer,"<a href=""/wh40k10ed/the-rules/core-rules/#Ignores-Cover"">ignores cover</a>, <a href=""/wh40k10ed/the-rules/core-rules/#Torrent"">torrent</a>",12,Ranged,D6,N/A,4,0,1
958,Meltagun,"<a href=""/wh40k10ed/the-rules/core-rules/#Melta"">melta 2</a>",12,Ranged,1,3,9,-4,D6
958,Plasma gun – standard,"<a href=""/wh40k10ed/the-rules/core-rules/#Rapid-Fire"">rapid fire 1</a>",24,Ranged,1,3,7,-2,1
958,Plasma gun – supercharge,"<a href=""/wh40k10ed/the-rules/core-rules/#Hazardous"">hazardous</a>, <a href=""/wh40k10ed/the-rules/core-rules/#Rapid-Fire"">rapid fire 1</a>",24,Ranged,1,3,8,-3,2
958,Plasma pistol – standard,"<a href=""/wh40k10ed/the-rules/core-rules/#Pistol"">pistol</a>",12,Ranged,1,3,7,-2,1
958,Plasma pistol – supercharge,"<a href=""/wh40k10ed/the-rules/core-rules/#Hazardous"">hazardous</a>, <a href=""/wh40k10ed/the-rules/core-rules/#Pistol"">pistol</a>",12,Ranged,1,3,8,-3,2
958,Accursed weapon,,Melee,Melee,4,3,5,-2,1
958,Astartes chainsword,,Melee,Melee,4,3,4,-1,1
958,Close combat weapon,,Melee,Melee,3,3,4,0,1
958,Power fist,,Melee,Melee,3,3,8,-2,2
959,Warp claws,"<a href=""/wh40k10ed/the-rules/core-rules/#Twin-linked"">twin-linked</a>",Melee,Melee,4,3,5,-2,1
960,Hideous mutations,,Melee,Melee,D6+2,4,5,-1,2
961,Baleflamer,"<a href=""/wh40k10ed/the-rules/core-rules/#Ignores-Cover"">ignores cover</a>, <a href=""/wh40k10ed/the-rules/core-rules/#Torrent"">torrent</a>",12,Ranged,D6+3,N/A,6,-1,2
961,Hades autocannon,,36,Ranged,6,3,8,-1,2
961,Heldrake claws,"<a href=""/wh40k10ed/the-rules/core-rules/#Anti"">anti-fly 2+</a>, <a href=""/wh40k10ed/the-rules/core-rules/#Devastating-Wounds"">devastating wounds</a>",Melee,Melee,5,3,7,-1,2
962,Combi-bolter,"<a href=""/wh40k10ed/the-rules/core-rules/#Rapid-Fire"">rapid fire 2</a>",24,Ranged,2,3,4,0,1
962,Combi-weapon,"<a href=""/wh40k10ed/the-rules/core-rules/#Anti"">anti-infantry 4+</a>, <a href=""/wh40k10ed/the-rules/core-rules/#Devastating-Wounds"">devastating wounds</a>, <a href=""/wh40k10ed/the-rules/core-rules/#Rapid-Fire"">rapid fire 1</a>",24,Ranged,1,4,4,0,1
962,Havoc launcher,"<a href=""/wh40k10ed/the-rules/core-rules/#Blast"">blast</a>",48,Ranged,D6,3,5,0,1
962,Soulshatter lascannon,,48,Ranged,2,3,12,-3,D6+1
962,Twin heavy bolter,"<a href=""/wh40k10ed/the-rules/core-rules/#Sustained-Hits"">sustained hits 1</a>, <a href=""/wh40k10ed/the-rules/core-rules/#Twin-linked"">twin-linked</a>",36,Ranged,3,3,5,-1,2
962,Armoured tracks,,Melee,Melee,6,4,8,0,1
963,Combi-bolter,"<a href=""/wh40k10ed/the-rules/core-rules/#Rapid-Fire"">rapid fire 2</a>",24,Ranged,2,3,4,0,1
963,Combi-weapon,"<a href=""/wh40k10ed/the-rules/core-rules/#Anti"">anti-infantry 4+</a>, <a href=""/wh40k10ed/the-rules/core-rules/#Devastating-Wounds"">devastating wounds</a>, <a href=""/wh40k10ed/the-rules/core-rules/#Rapid-Fire"">rapid fire 1</a>",24,Ranged,1,4,4,0,1
963,Havoc launcher,"<a href=""/wh40k10ed/the-rules/core-rules/#Blast"">blast</a>",48,Ranged,D6,3,5,0,1
963,Heavy bolter,"<a href=""/wh40k10ed/the-rules/core-rules/#Sustained-Hits"">sustained hits 1</a>",36,Ranged,3,3,5,-1,2
963,Lascannon,,48,Ranged,1,3,12,-3,D6+1
963,Predator autocannon,"<a href=""/wh40k10ed/the-rules/core-rules/#Rapid-Fire"">rapid fire 2</a>",48,Ranged,4,3,9,-1,3
963,Armoured tracks,,Melee,Melee,3,4,6,0,1
964,Combi-bolter,"<a href=""/wh40k10ed/the-rules/core-rules/#Rapid-Fire"">rapid fire 2</a>",24,Ranged,2,3,4,0,1
964,Combi-weapon,"<a href=""/wh40k10ed/the-rules/core-rules/#Anti"">anti-infantry 4+</a>, <a href=""/wh40k10ed/the-rules/core-rules/#Devastating-Wounds"">devastating wounds</a>, <a href=""/wh40k10ed/the-rules/core-rules/#Rapid-Fire"">rapid fire 1</a>",24,Ranged,1,4,4,0,1
964,Demolisher cannon,"<a href=""/wh40k10ed/the-rules/core-rules/#Blast"">blast</a>",24,Ranged,D6+3,3,14,-3,D6
964,Havoc launcher,"<a href=""/wh40k10ed/the-rules/core-rules/#Blast"">blast</a>",48,Ranged,D6,3,5,0,1
964,Armoured tracks,,Melee,Melee,3,4,6,0,1
965,Fleshmetal guns – focused malice,"<a href=""/wh40k10ed/the-rules/core-rules/#Melta"">melta 2</a>",18,Ranged,D3,3,12,-3,4
965,Fleshmetal guns – ruinous salvo,"<a href=""/wh40k10ed/the-rules/core-rules/#Blast"">blast</a>",24,Ranged,D6,3,8,-2,2
965,Fleshmetal guns – warp hail,"<a href=""/wh40k10ed/the-rules/core-rules/#Sustained-Hits"">sustained hits 1</a>",24,Ranged,D6+3,3,5,-1,1
965,Crushing fists,,Melee,Melee,4,3,9,-2,2
966,Boltgun,,24,Ranged,2,3,4,0,1
966,Flamer,"<a href=""/wh40k10ed/the-rules/core-rules/#Ignores-Cover"">ignores cover</a>, <a href=""/wh40k10ed/the-rules/core-rules/#Torrent"">torrent</a>",12,Ranged,D6,N/A,4,0,1
966,Havoc autocannon,,48,Ranged,2,3,9,-1,3
966,Havoc heavy bolter,"<a href=""/wh40k10ed/the-rules/core-rules/#Sustained-Hits"">sustained hits 1</a>",36,Ranged,3,3,5,-1,2
966,Havoc lascannon,,48,Ranged,1,3,12,-3,D6+1
966,Havoc missile launcher – frag,"<a href=""/wh40k10ed/the-rules/core-rules/#Blast"">blast</a>",48,Ranged,D6,3,4,0,1
966,Havoc missile launcher – krak,,48,Ranged,1,3,9,-2,D6
966,Havoc reaper chaincannon,,24,Ranged,8,3,5,0,1
966,Meltagun,"<a href=""/wh40k10ed/the-rules/core-rules/#Melta"">MELTA 2</a>",12,Ranged,1,3,9,-4,D6
966,Plasma gun – standard,"<a href=""/wh40k10ed/the-rules/core-rules/#Rapid-Fire"">RAPID FIRE 1</a>",24,Ranged,1,3,7,-2,1
966,Plasma gun – supercharge,"<a href=""/wh40k10ed/the-rules/core-rules/#Hazardous"">HAZARDOUS</a>, <a href=""/wh40k10ed/the-rules/core-rules/#Rapid-Fire"">RAPID FIRE 1</a>",24,Ranged,1,3,8,-3,2
966,Plasma pistol – standard,"<a href=""/wh40k10ed/the-rules/core-rules/#Pistol"">PISTOL</a>",12,Ranged,1,3,7,-2,1
966,Plasma pistol – supercharge,"<a href=""/wh40k10ed/the-rules/core-rules/#Hazardous"">HAZARDOUS</a>, <a href=""/wh40k10ed/the-rules/core-rules/#Pistol"">PISTOL</a>",12,Ranged,1,3,8,-3,2
966,Accursed weapon,,Melee,Melee,4,3,5,-2,1
966,Astartes chainsword,,Melee,Melee,5,3,4,-1,1
966,Close combat weapon,,Melee,Melee,3,3,4,0,1
966,Power fist,,Melee,Melee,3,3,8,-2,2
967,Ectoplasma cannon,"<a href=""/wh40k10ed/the-rules/core-rules/#Blast"">blast</a>",36,Ranged,D3,3,10,-3,3
967,Hades autocannon,,36,Ranged,6,3,8,-1,2
967,Armoured limbs,,Melee,Melee,2,3,6,0,2
967,Forgefiend jaws,,Melee,Melee,5,3,7,0,2
968,Magma cutters,"<a href=""/wh40k10ed/the-rules/core-rules/#Melta"">melta 2</a>",6,Ranged,2,3,9,-4,D6
968,Lasher tendrils,"<a href=""/wh40k10ed/the-rules/core-rules/#Extra-Attacks"">extra attacks</a>",Melee,Melee,6,3,7,-1,1
968,Maulerfiend fists,,Melee,Melee,6,3,14,-2,D6+1
969,Combi-bolter,"<a href=""/wh40k10ed/the-rules/core-rules/#Rapid-Fire"">rapid fire 2</a>",24,Ranged,2,3,4,0,1
969,Combi-weapon,"<a href=""/wh40k10ed/the-rules/core-rules/#Anti"">anti-infantry 4+</a>, <a href=""/wh40k10ed/the-rules/core-rules/#Devastating-Wounds"">devastating wounds</a>, <a href=""/wh40k10ed/the-rules/core-rules/#Rapid-Fire"">rapid fire 1</a>",24,Ranged,1,4,4,0,1
969,Defiler cannon,"<a href=""/wh40k10ed/the-rules/core-rules/#Blast"">blast</a>",48,Ranged,D6+3,3,10,-1,3
969,Havoc launcher,"<a href=""/wh40k10ed/the-rules/core-rules/#Blast"">blast</a>",48,Ranged,D6,3,5,0,1
969,Reaper autocannon,"<a href=""/wh40k10ed/the-rules/core-rules/#Devastating-Wounds"">devastating wounds</a>, <a href=""/wh40k10ed/the-rules/core-rules/#Sustained-Hits"">sustained hits 1</a>",36,Ranged,4,3,7,-1,1
969,Twin heavy bolter,"<a href=""/wh40k10ed/the-rules/core-rules/#Sustained-Hits"">sustained hits 1</a>, <a href=""/wh40k10ed/the-rules/core-rules/#Twin-linked"">twin-linked</a>",36,Ranged,3,3,5,-1,2
969,Twin heavy flamer,"<a href=""/wh40k10ed/the-rules/core-rules/#Ignores-Cover"">ignores cover</a>, <a href=""/wh40k10ed/the-rules/core-rules/#Torrent"">torrent</a>, <a href=""/wh40k10ed/the-rules/core-rules/#Twin-linked"">twin-linked</a>",12,Ranged,D6,N/A,5,-1,1
969,Twin lascannon,"<a href=""/wh40k10ed/the-rules/core-rules/#Twin-linked"">twin-linked</a>",48,Ranged,1,3,12,-3,D6+1
969,Defiler claws,,Melee,Melee,5,3,16,-3,D6+1
969,Defiler scourge,"<a href=""/wh40k10ed/the-rules/core-rules/#Extra-Attacks"">extra attacks</a>",Melee,Melee,3,3,12,-1,2
970,Daemongore cannon,"<a href=""/wh40k10ed/the-rules/core-rules/#Blast"">blast</a>",18,Ranged,D6,3,14,-4,D6+2
970,Gorestorm cannon,"<a href=""/wh40k10ed/the-rules/core-rules/#Blast"">blast</a>",24,Ranged,D6+3,3,10,-2,3
970,Hades gatling cannon,"<a href=""/wh40k10ed/the-rules/core-rules/#Sustained-Hits"">sustained hits 1</a>",48,Ranged,12,3,8,-2,2
970,Ichor cannon,"<a href=""/wh40k10ed/the-rules/core-rules/#Blast"">blast</a>",48,Ranged,2D6,3,7,-2,2
970,Skullhurler,,60,Ranged,2D6,3,14,-3,3
970,Great cleaver of Khorne – strike,,Melee,Melee,5,3,16,-4,8
970,Great cleaver of Khorne – sweep,,Melee,Melee,15,3,8,-2,2
1016,Inferno bolt pistol,"<a href=""/wh40k10ed/the-rules/core-rules/#Pistol"">pistol</a>",12,Ranged,1,3,4,-1,1
1016,Pandaemonic Delusion,"<a href=""/wh40k10ed/the-rules/core-rules/#Psychic-Weapons-and-Abilities"">psychic</a>, <a href=""/wh40k10ed/the-rules/core-rules/#Sustained-Hits"">sustained hits 3</a>",24,Ranged,6,3,5,-1,1
1016,Force weapon,"<a href=""/wh40k10ed/the-rules/core-rules/#Psychic-Weapons-and-Abilities"">psychic</a>",Melee,Melee,4,3,6,-1,D3
1016,Prosperine khopesh,,Melee,Melee,3,3,5,-2,2
1017,Gaze of Hate,"<a href=""/wh40k10ed/the-rules/core-rules/#Anti"">anti-monster 4+</a>, <a href=""/wh40k10ed/the-rules/core-rules/#Anti"">anti-vehicle 4+</a>, <a href=""/wh40k10ed/the-rules/core-rules/#Devastating-Wounds"">devastating wounds</a>, <a href=""/wh40k10ed/the-rules/core-rules/#Psychic-Weapons-and-Abilities"">psychic</a>",18,Ranged,3,3,4,-3,2
1017,Inferno combi-bolter,"<a href=""/wh40k10ed/the-rules/core-rules/#Rapid-Fire"">rapid fire 2</a>",24,Ranged,2,3,4,-2,1
1017,Inferno combi-weapon,"<a href=""/wh40k10ed/the-rules/core-rules/#Anti"">anti-infantry 4+</a>, <a href=""/wh40k10ed/the-rules/core-rules/#Devastating-Wounds"">devastating wounds</a>, <a href=""/wh40k10ed/the-rules/core-rules/#Rapid-Fire"">rapid fire 1</a>",24,Ranged,1,4,4,-2,1
1017,Force weapon,"<a href=""/wh40k10ed/the-rules/core-rules/#Psychic-Weapons-and-Abilities"">psychic</a>",Melee,Melee,5,3,6,-1,D3
1020,Inferno bolt pistol,"<a href=""/wh40k10ed/the-rules/core-rules/#Pistol"">pistol</a>",12,Ranged,1,3,4,-1,1
1020,Inferno boltgun,,24,Ranged,2,3,4,-2,1
1020,Malefic Curse,"<a href=""/wh40k10ed/the-rules/core-rules/#Anti"">anti-infantry 4+</a>, <a href=""/wh40k10ed/the-rules/core-rules/#Devastating-Wounds"">devastating wounds</a>, <a href=""/wh40k10ed/the-rules/core-rules/#Psychic-Weapons-and-Abilities"">psychic</a>",24,Ranged,3,3,4,-3,1
1020,Soulreaper cannon,"<a href=""/wh40k10ed/the-rules/core-rules/#Devastating-Wounds"">devastating wounds</a>",24,Ranged,6,3,6,-2,1
1020,Warpflame pistol,"<a href=""/wh40k10ed/the-rules/core-rules/#Ignores-Cover"">ignores cover</a>, <a href=""/wh40k10ed/the-rules/core-rules/#Pistol"">pistol</a>, <a href=""/wh40k10ed/the-rules/core-rules/#Torrent"">torrent</a>",12,Ranged,D6,N/A,3,-1,1
1020,Warpflamer,"<a href=""/wh40k10ed/the-rules/core-rules/#Ignores-Cover"">ignores cover</a>, <a href=""/wh40k10ed/the-rules/core-rules/#Torrent"">torrent</a>",12,Ranged,D6,N/A,4,-1,1
1020,Close combat weapon,,Melee,Melee,2,3,4,0,1
1020,Force weapon,"<a href=""/wh40k10ed/the-rules/core-rules/#Psychic-Weapons-and-Abilities"">psychic</a>",Melee,Melee,3,3,6,-1,D3
1021,Heavy flamer,"<a href=""/wh40k10ed/the-rules/core-rules/#Ignores-Cover"">ignores cover</a>, <a href=""/wh40k10ed/the-rules/core-rules/#Torrent"">torrent</a>",12,Ranged,D6,N/A,5,-2,1
1021,Helbrute plasma cannon,"<a href=""/wh40k10ed/the-rules/core-rules/#Blast"">blast</a>, <a href=""/wh40k10ed/the-rules/core-rules/#Hazardous"">hazardous</a>",36,Ranged,D3,3,8,-3,3
1021,Inferno combi-bolter,"<a href=""/wh40k10ed/the-rules/core-rules/#Rapid-Fire"">rapid fire 2</a>",24,Ranged,2,3,4,-2,1
1021,Missile launcher – frag,"<a href=""/wh40k10ed/the-rules/core-rules/#Blast"">blast</a>",48,Ranged,D6,3,4,0,1
1021,Missile launcher – krak,,48,Ranged,1,3,9,-2,D6
1021,Multi-melta,"<a href=""/wh40k10ed/the-rules/core-rules/#Melta"">melta 2</a>",18,Ranged,2,3,9,-4,D6
1021,Twin autocannon,"<a href=""/wh40k10ed/the-rules/core-rules/#Twin-linked"">twin-linked</a>",48,Ranged,2,3,9,-2,3
1021,Twin inferno heavy bolter,"<a href=""/wh40k10ed/the-rules/core-rules/#Sustained-Hits"">sustained hits 1</a>, <a href=""/wh40k10ed/the-rules/core-rules/#Twin-linked"">twin-linked</a>",36,Ranged,3,3,5,-2,2
1021,Twin lascannon,"<a href=""/wh40k10ed/the-rules/core-rules/#Twin-linked"">twin-linked</a>",48,Ranged,1,3,12,-3,D6+1
1021,Close combat weapon,,Melee,Melee,5,3,6,0,1
1021,Helbrute fist,,Melee,Melee,5,3,12,-2,3
1021,Helbrute hammer,,Melee,Melee,5,4,14,-3,D6+1
1021,Power scourge,,Melee,Melee,8,3,7,-1,2
1022,Havoc launcher,"<a href=""/wh40k10ed/the-rules/core-rules/#Blast"">blast</a>",48,Ranged,D6,3,5,0,1
1022,Inferno combi-bolter,"<a href=""/wh40k10ed/the-rules/core-rules/#Rapid-Fire"">rapid fire 2</a>",24,Ranged,2,3,4,-2,1
1022,Inferno combi-weapon,"<a href=""/wh40k10ed/the-rules/core-rules/#Anti"">anti-infantry 4+</a>, <a href=""/wh40k10ed/the-rules/core-rules/#Devastating-Wounds"">devastating wounds</a>, <a href=""/wh40k10ed/the-rules/core-rules/#Rapid-Fire"">rapid fire 1</a>",24,Ranged,1,4,4,-2,1
1022,Armoured tracks,,Melee,Melee,3,4,6,0,1
1023,Hideous mutations,,Melee,Melee,D6+2,4,5,-1,2
1024,Baleflamer,"<a href=""/wh40k10ed/the-rules/core-rules/#Ignores-Cover"">ignores cover</a>, <a href=""/wh40k10ed/the-rules/core-rules/#Torrent"">torrent</a>",12,Ranged,D6+3,N/A,6,-2,2
1024,Hades autocannon,,36,Ranged,6,3,8,-2,2
1024,Heldrake claws,"<a href=""/wh40k10ed/the-rules/core-rules/#Anti"">anti-fly 2+</a>, <a href=""/wh40k10ed/the-rules/core-rules/#Devastating-Wounds"">devastating wounds</a>",Melee,Melee,5,3,7,-1,2
1025,Havoc launcher,"<a href=""/wh40k10ed/the-rules/core-rules/#Blast"">blast</a>",48,Ranged,D6,3,5,0,1
1025,Inferno combi-bolter,"<a href=""/wh40k10ed/the-rules/core-rules/#Rapid-Fire"">rapid fire 2</a>",24,Ranged,2,3,4,-2,1
1025,Inferno combi-weapon,"<a href=""/wh40k10ed/the-rules/core-rules/#Anti"">anti-infantry 4+</a>, <a href=""/wh40k10ed/the-rules/core-rules/#Devastating-Wounds"">devastating wounds</a>, <a href=""/wh40k10ed/the-rules/core-rules/#Rapid-Fire"">rapid fire 1</a>",24,Ranged,1,4,4,-2,1
1025,Soulshatter lascannon,,48,Ranged,2,3,12,-3,D6+1
1025,Twin inferno heavy bolter,"<a href=""/wh40k10ed/the-rules/core-rules/#Sustained-Hits"">sustained hits 1</a>, <a href=""/wh40k10ed/the-rules/core-rules/#Twin-linked"">twin-linked</a>",36,Ranged,3,3,5,-2,2
1025,Armoured tracks,,Melee,Melee,6,4,8,0,1
1026,Havoc launcher,"<a href=""/wh40k10ed/the-rules/core-rules/#Blast"">blast</a>",48,Ranged,D6,3,5,0,1
1026,Inferno combi-bolter,"<a href=""/wh40k10ed/the-rules/core-rules/#Rapid-Fire"">rapid fire 2</a>",24,Ranged,2,3,4,-2,1
1026,Inferno combi-weapon,"<a href=""/wh40k10ed/the-rules/core-rules/#Anti"">anti-infantry 4+</a>, <a href=""/wh40k10ed/the-rules/core-rules/#Devastating-Wounds"">devastating wounds</a>, <a href=""/wh40k10ed/the-rules/core-rules/#Rapid-Fire"">rapid fire 1</a>",24,Ranged,1,4,4,-2,1
1026,Inferno heavy bolter,"<a href=""/wh40k10ed/the-rules/core-rules/#Sustained-Hits"">sustained hits 1</a>",36,Ranged,3,3,5,-2,2
1026,Lascannon,,48,Ranged,1,3,12,-3,D6+1
1026,Predator autocannon,"<a href=""/wh40k10ed/the-rules/core-rules/#Rapid-Fire"">rapid fire 2</a>",48,Ranged,4,3,9,-1,3
1026,Armoured tracks,,Melee,Melee,3,4,6,0,1
1027,Demolisher cannon,"<a href=""/wh40k10ed/the-rules/core-rules/#Blast"">blast</a>",24,Ranged,D6+3,3,14,-3,D6
1027,Havoc launcher,"<a href=""/wh40k10ed/the-rules/core-rules/#Blast"">blast</a>",48,Ranged,D6,3,5,0,1
1027,Inferno combi-bolter,"<a href=""/wh40k10ed/the-rules/core-rules/#Rapid-Fire"">rapid fire 2</a>",24,Ranged,2,3,4,-2,1
1027,Inferno combi-weapon,"<a href=""/wh40k10ed/the-rules/core-rules/#Anti"">anti-infantry 4+</a>, <a href=""/wh40k10ed/the-rules/core-rules/#Devastating-Wounds"">devastating wounds</a>, <a href=""/wh40k10ed/the-rules/core-rules/#Rapid-Fire"">rapid fire 1</a>",24,Ranged,1,4,4,-2,1
1027,Armoured tracks,,Melee,Melee,3,4,6,0,1
1028,Ectoplasma cannon,"<a href=""/wh40k10ed/the-rules/core-rules/#Blast"">blast</a>",36,Ranged,D3,3,10,-3,3
1028,Hades autocannon,,36,Ranged,6,3,8,-2,2
1028,Forgefiend claws,,Melee,Melee,3,3,6,0,1
1028,Forgefiend jaws,,Melee,Melee,5,3,7,0,2
1029,Magma cutter,"<a href=""/wh40k10ed/the-rules/core-rules/#Melta"">melta 2</a>",6,Ranged,2,3,9,-4,D6
1029,Lasher tendrils,"<a href=""/wh40k10ed/the-rules/core-rules/#Extra-Attacks"">extra attacks</a>",Melee,Melee,6,3,7,-1,1
1029,Maulerfiend fists,,Melee,Melee,6,3,14,-2,D6+1
1030,Defiler cannon,"<a href=""/wh40k10ed/the-rules/core-rules/#Blast"">blast</a>",48,Ranged,D6+3,3,10,-1,3
1030,Havoc launcher,"<a href=""/wh40k10ed/the-rules/core-rules/#Blast"">blast</a>",48,Ranged,D6,3,5,0,1
1030,Inferno combi-weapon,"<a href=""/wh40k10ed/the-rules/core-rules/#Anti"">ANTI-INFANTRY 4+</a>, <a href=""/wh40k10ed/the-rules/core-rules/#Devastating-Wounds"">DEVASTATING WOUNDS</a>, <a href=""/wh40k10ed/the-rules/core-rules/#Rapid-Fire"">RAPID FIRE 1</a>",24,Ranged,1,4,4,-2,1
1030,Reaper autocannon,"<a href=""/wh40k10ed/the-rules/core-rules/#Devastating-Wounds"">DEVASTATING WOUNDS</a>, <a href=""/wh40k10ed/the-rules/core-rules/#Sustained-Hits"">SUSTAINED HITS 1</a>",36,Ranged,4,3,7,-2,1
1030,Twin heavy flamer,"<a href=""/wh40k10ed/the-rules/core-rules/#Ignores-Cover"">ignores cover</a>, <a href=""/wh40k10ed/the-rules/core-rules/#Torrent"">torrent</a>, <a href=""/wh40k10ed/the-rules/core-rules/#Twin-linked"">twin-linked</a>",12,Ranged,D6,N/A,5,-2,1
1030,Twin inferno heavy bolter,"<a href=""/wh40k10ed/the-rules/core-rules/#Sustained-Hits"">SUSTAINED HITS 1</a>, <a href=""/wh40k10ed/the-rules/core-rules/#Twin-linked"">TWIN-LINKED</a>",36,Ranged,3,3,5,-2,2
1030,Twin lascannon,"<a href=""/wh40k10ed/the-rules/core-rules/#Twin-linked"">TWIN-LINKED</a>",48,Ranged,1,3,12,-3,D6+1
1030,Defiler claws,,Melee,Melee,5,3,16,-3,D6+1
1030,Defiler scourge,"<a href=""/wh40k10ed/the-rules/core-rules/#Extra-Attacks"">extra attacks</a>",Melee,Melee,3,3,12,-1,2
1031,Gaze of Magnus,"<a href=""/wh40k10ed/the-rules/core-rules/#Devastating-Wounds"">devastating wounds</a>, <a href=""/wh40k10ed/the-rules/core-rules/#Psychic-Weapons-and-Abilities"">psychic</a>",24,Ranged,3D3,2,11,-2,3
1031,Tzeentch’s Firestorm,"<a href=""/wh40k10ed/the-rules/core-rules/#Blast"">blast</a>, <a href=""/wh40k10ed/the-rules/core-rules/#Ignores-Cover"">ignores cover</a>, <a href=""/wh40k10ed/the-rules/core-rules/#Psychic-Weapons-and-Abilities"">psychic</a>",24,Ranged,D6+3,2,6,-1,2
1031,Blade of Magnus – strike,"<a href=""/wh40k10ed/the-rules/core-rules/#Devastating-Wounds"">devastating wounds</a>, <a href=""/wh40k10ed/the-rules/core-rules/#Psychic-Weapons-and-Abilities"">psychic</a>",Melee,Melee,7,2,16,-3,3
1031,Blade of Magnus – sweep,"<a href=""/wh40k10ed/the-rules/core-rules/#Psychic-Weapons-and-Abilities"">psychic</a>",Melee,Melee,14,2,8,-1,2
1032,Inferno bolt pistol,"<a href=""/wh40k10ed/the-rules/core-rules/#Pistol"">pistol</a>",12,Ranged,1,2,4,-1,1
1032,Transmogrifying Blast,"<a href=""/wh40k10ed/the-rules/core-rules/#Blast"">blast</a>, <a href=""/wh40k10ed/the-rules/core-rules/#Psychic-Weapons-and-Abilities"">psychic</a>",18,Ranged,D6+1,2,6,-1,D3
1032,Black Staff of Ahriman,"<a href=""/wh40k10ed/the-rules/core-rules/#Psychic-Weapons-and-Abilities"">psychic</a>",Melee,Melee,5,2,7,-1,3
1033,Astral Blast,"<a href=""/wh40k10ed/the-rules/core-rules/#Blast"">blast</a>, <a href=""/wh40k10ed/the-rules/core-rules/#Devastating-Wounds"">devastating wounds</a>, <a href=""/wh40k10ed/the-rules/core-rules/#Psychic-Weapons-and-Abilities"">psychic</a>",18,Ranged,D6,2,6,-2,D3
1033,Inferno bolt pistol,"<a href=""/wh40k10ed/the-rules/core-rules/#Pistol"">pistol</a>",12,Ranged,1,2,4,-1,1
1033,Force weapon,"<a href=""/wh40k10ed/the-rules/core-rules/#Psychic-Weapons-and-Abilities"">psychic</a>",Melee,Melee,5,2,6,-1,D3
1033,Prosperine khopesh,,Melee,Melee,4,2,5,-2,2
1034,Autopistol,"<a href=""/wh40k10ed/the-rules/core-rules/#Pistol"">pistol</a>",12,Ranged,1,4,3,0,1
1034,Chainsword,,Melee,Melee,3,4,4,0,1
1034,Tzaangor blades,,Melee,Melee,2,4,5,0,1
1035,Heavy warpflamer,"<a href=""/wh40k10ed/the-rules/core-rules/#Ignores-Cover"">ignores cover</a>, <a href=""/wh40k10ed/the-rules/core-rules/#Torrent"">torrent</a>",12,Ranged,D6,N/A,5,-2,1
1035,Hellfyre missile rack,,36,Ranged,2,3,10,-2,3
1035,Inferno combi-bolter,"<a href=""/wh40k10ed/the-rules/core-rules/#Rapid-Fire"">rapid fire 2</a>",24,Ranged,2,3,4,-2,1
1035,Malefic Curse,"<a href=""/wh40k10ed/the-rules/core-rules/#Anti"">anti-infantry 4+</a>, <a href=""/wh40k10ed/the-rules/core-rules/#Devastating-Wounds"">devastating wounds</a>, <a href=""/wh40k10ed/the-rules/core-rules/#Psychic-Weapons-and-Abilities"">psychic</a>",24,Ranged,3,3,4,-3,1
1035,Soulreaper cannon,"<a href=""/wh40k10ed/the-rules/core-rules/#Devastating-Wounds"">devastating wounds</a>",24,Ranged,6,3,6,-2,1
1035,Force weapon,"<a href=""/wh40k10ed/the-rules/core-rules/#Psychic-Weapons-and-Abilities"">psychic</a>",Melee,Melee,4,3,6,-1,D3
1035,Prosperine khopesh,,Melee,Melee,3,3,5,-2,2
1036,Dark Blessing,"<a href=""/wh40k10ed/the-rules/core-rules/#Ignores-Cover"">ignores cover</a>, <a href=""/wh40k10ed/the-rules/core-rules/#Psychic-Weapons-and-Abilities"">psychic</a>, <a href=""/wh40k10ed/the-rules/core-rules/#Sustained-Hits"">sustained hits 1</a>",24,Ranged,9,2,4,-1,1
1036,Infernal cannon,,24,Ranged,3,2,5,-2,2
1036,Hellforged weapons – strike,"<a href=""/wh40k10ed/the-rules/core-rules/#Devastating-Wounds"">devastating wounds</a>, <a href=""/wh40k10ed/the-rules/core-rules/#Psychic-Weapons-and-Abilities"">psychic</a>",Melee,Melee,6,2,8,-2,3
1036,Hellforged weapons – sweep,"<a href=""/wh40k10ed/the-rules/core-rules/#Devastating-Wounds"">devastating wounds</a>, <a href=""/wh40k10ed/the-rules/core-rules/#Psychic-Weapons-and-Abilities"">psychic</a>",Melee,Melee,12,2,6,-1,1
1044,Blight launcher,"<a href=""/wh40k10ed/the-rules/core-rules/#Blast"">blast</a>, <a href=""/wh40k10ed/the-rules/core-rules/#Lethal-Hits"">lethal hits</a>",24,Ranged,D3,3,6,-1,2
1044,Boltgun,"<a href=""/wh40k10ed/the-rules/core-rules/#Lethal-Hits"">lethal hits</a>",24,Ranged,2,3,4,0,1
1044,Bolt pistol,"<a href=""/wh40k10ed/the-rules/core-rules/#Lethal-Hits"">lethal hits</a>, <a href=""/wh40k10ed/the-rules/core-rules/#Pistol"">pistol</a>",12,Ranged,1,3,4,0,1
1044,Meltagun,"<a href=""/wh40k10ed/the-rules/core-rules/#Melta"">melta 2</a>",12,Ranged,1,3,9,-4,D6
1044,Plague belcher,"<a href=""/wh40k10ed/the-rules/core-rules/#Anti"">anti-infantry 4+</a>, <a href=""/wh40k10ed/the-rules/core-rules/#Ignores-Cover"">ignores cover</a>, <a href=""/wh40k10ed/the-rules/core-rules/#Torrent"">torrent</a>",12,Ranged,D6,N/A,4,0,1
1044,Plague spewer,"<a href=""/wh40k10ed/the-rules/core-rules/#Anti"">anti-infantry 2+</a>, <a href=""/wh40k10ed/the-rules/core-rules/#Ignores-Cover"">ignores cover</a>, <a href=""/wh40k10ed/the-rules/core-rules/#Torrent"">torrent</a>",12,Ranged,D6,N/A,5,-1,1
1044,Plasma gun – standard,"<a href=""/wh40k10ed/the-rules/core-rules/#Rapid-Fire"">rapid fire 1</a>",24,Ranged,1,3,7,-2,1
1044,Plasma gun – supercharge,"<a href=""/wh40k10ed/the-rules/core-rules/#Hazardous"">hazardous</a>, <a href=""/wh40k10ed/the-rules/core-rules/#Rapid-Fire"">rapid fire 1</a>",24,Ranged,1,3,8,-3,2
1044,Plasma pistol – standard,"<a href=""/wh40k10ed/the-rules/core-rules/#Pistol"">pistol</a>",12,Ranged,1,3,7,-2,1
1044,Plasma pistol – supercharge,"<a href=""/wh40k10ed/the-rules/core-rules/#Hazardous"">hazardous</a>, <a href=""/wh40k10ed/the-rules/core-rules/#Pistol"">pistol</a>",12,Ranged,1,3,8,-3,2
1044,Bubotic weapons,"<a href=""/wh40k10ed/the-rules/core-rules/#Lethal-Hits"">lethal hits</a>",Melee,Melee,4,3,5,-2,1
1044,Heavy plague weapon,"<a href=""/wh40k10ed/the-rules/core-rules/#Lethal-Hits"">lethal hits</a>",Melee,Melee,3,4,8,-2,2
1044,Plague knives,"<a href=""/wh40k10ed/the-rules/core-rules/#Lethal-Hits"">lethal hits</a>",Melee,Melee,3,3,4,0,1
1044,Power fist,"<a href=""/wh40k10ed/the-rules/core-rules/#Lethal-Hits"">lethal hits</a>",Melee,Melee,3,3,8,-2,2
1045,Hideous mutations,,Melee,Melee,4,3,5,-1,2
1046,Combi-bolter,"<a href=""/wh40k10ed/the-rules/core-rules/#Lethal-Hits"">lethal hits</a>, <a href=""/wh40k10ed/the-rules/core-rules/#Rapid-Fire"">rapid fire 2</a>",24,Ranged,2,3,4,0,1
1046,Heavy flamer,"<a href=""/wh40k10ed/the-rules/core-rules/#Ignores-Cover"">ignores cover</a>, <a href=""/wh40k10ed/the-rules/core-rules/#Torrent"">torrent</a>",12,Ranged,D6,N/A,5,-1,1
1046,Missile launcher – frag,"<a href=""/wh40k10ed/the-rules/core-rules/#Blast"">blast</a>",48,Ranged,D6,3,4,0,1
1046,Missile launcher – krak,,48,Ranged,1,3,9,-2,D6
1046,Multi-melta,"<a href=""/wh40k10ed/the-rules/core-rules/#Melta"">melta 2</a>, <a href=""/wh40k10ed/the-rules/core-rules/#Lethal-Hits"">lethal hits</a>",18,Ranged,2,3,9,-4,D6
1046,Plasma cannon,"<a href=""/wh40k10ed/the-rules/core-rules/#Blast"">blast</a>, <a href=""/wh40k10ed/the-rules/core-rules/#Hazardous"">hazardous</a>, <a href=""/wh40k10ed/the-rules/core-rules/#Lethal-Hits"">lethal hits</a>",36,Ranged,D3,3,8,-3,3
1046,Twin autocannon,"<a href=""/wh40k10ed/the-rules/core-rules/#Twin-linked"">twin-linked</a>, <a href=""/wh40k10ed/the-rules/core-rules/#Lethal-Hits"">lethal hits</a>",48,Ranged,2,3,10,-1,3
1046,Twin heavy bolter,"<a href=""/wh40k10ed/the-rules/core-rules/#Lethal-Hits"">lethal hits</a>, <a href=""/wh40k10ed/the-rules/core-rules/#Sustained-Hits"">sustained hits 1</a>, <a href=""/wh40k10ed/the-rules/core-rules/#Twin-linked"">twin-linked</a>",36,Ranged,3,3,5,-1,2
1046,Twin lascannon,"<a href=""/wh40k10ed/the-rules/core-rules/#Twin-linked"">twin-linked</a>",48,Ranged,1,3,12,-3,D6+1
1046,Close combat weapon,,Melee,Melee,5,3,6,0,1
1046,Helbrute fist,,Melee,Melee,5,3,12,-2,3
1046,Helbrute hammer,,Melee,Melee,4,3,14,-3,D6+1
1046,Power scourge,,Melee,Melee,8,3,7,-1,2
1047,Combi-bolter,"<a href=""/wh40k10ed/the-rules/core-rules/#Lethal-Hits"">lethal hits</a>, <a href=""/wh40k10ed/the-rules/core-rules/#Rapid-Fire"">rapid fire 2</a>",24,Ranged,2,3,4,0,1
1047,Combi-weapon,"<a href=""/wh40k10ed/the-rules/core-rules/#Anti"">anti-infantry 4+</a>, <a href=""/wh40k10ed/the-rules/core-rules/#Devastating-Wounds"">devastating wounds</a>, <a href=""/wh40k10ed/the-rules/core-rules/#Rapid-Fire"">rapid fire 1</a>",24,Ranged,1,4,4,0,1
1047,Havoc launcher,"<a href=""/wh40k10ed/the-rules/core-rules/#Blast"">blast</a>",48,Ranged,D6,3,5,0,1
1047,Armoured tracks,,Melee,Melee,3,4,6,0,1
1048,Hideous mutations,,Melee,Melee,D6+2,4,5,-1,2
1049,Combi-bolter,"<a href=""/wh40k10ed/the-rules/core-rules/#Lethal-Hits"">lethal hits</a>, <a href=""/wh40k10ed/the-rules/core-rules/#Rapid-Fire"">rapid fire 2</a>",24,Ranged,2,3,4,0,1
1049,Combi-weapon,"<a href=""/wh40k10ed/the-rules/core-rules/#Anti"">anti-infantry 4+</a>, <a href=""/wh40k10ed/the-rules/core-rules/#Devastating-Wounds"">devastating wounds</a>, <a href=""/wh40k10ed/the-rules/core-rules/#Rapid-Fire"">rapid fire 1</a>",24,Ranged,1,4,4,0,1
1049,Havoc launcher,"<a href=""/wh40k10ed/the-rules/core-rules/#Blast"">blast</a>",48,Ranged,D6,3,5,0,1
1049,Soulshatter lascannon,,48,Ranged,2,3,12,-3,D6+1
1049,Twin heavy bolter,"<a href=""/wh40k10ed/the-rules/core-rules/#Lethal-Hits"">lethal hits</a>, <a href=""/wh40k10ed/the-rules/core-rules/#Sustained-Hits"">sustained hits 1</a>, <a href=""/wh40k10ed/the-rules/core-rules/#Twin-linked"">twin-linked</a>",36,Ranged,3,3,5,-1,2
1049,Armoured tracks,,Melee,Melee,6,4,8,0,1
1050,Combi-bolter,"<a href=""/wh40k10ed/the-rules/core-rules/#Lethal-Hits"">lethal hits</a>, <a href=""/wh40k10ed/the-rules/core-rules/#Rapid-Fire"">rapid fire 2</a>",24,Ranged,2,3,4,0,1
1050,Combi-weapon,"<a href=""/wh40k10ed/the-rules/core-rules/#Anti"">anti-infantry 4+</a>, <a href=""/wh40k10ed/the-rules/core-rules/#Devastating-Wounds"">devastating wounds</a>, <a href=""/wh40k10ed/the-rules/core-rules/#Rapid-Fire"">rapid fire 1</a>",24,Ranged,1,4,4,0,1
1050,Heavy bolter,"<a href=""/wh40k10ed/the-rules/core-rules/#Lethal-Hits"">lethal hits</a>, <a href=""/wh40k10ed/the-rules/core-rules/#Sustained-Hits"">sustained hits 1</a>",36,Ranged,3,3,5,-1,2
1050,Havoc launcher,"<a href=""/wh40k10ed/the-rules/core-rules/#Blast"">blast</a>",48,Ranged,D6,3,5,0,1
1050,Lascannon,,48,Ranged,1,3,12,-3,D6+1
1050,Predator twin lascannon,"<a href=""/wh40k10ed/the-rules/core-rules/#Twin-linked"">twin-linked</a>",48,Ranged,1,3,14,-3,D6+1
1050,Armoured tracks,,Melee,Melee,3,4,6,0,1
1051,Battle cannon,"<a href=""/wh40k10ed/the-rules/core-rules/#Blast"">blast</a>, <a href=""/wh40k10ed/the-rules/core-rules/#Lethal-Hits"">lethal hits</a>",48,Ranged,D6+3,3,10,-1,3
1051,Combi-bolter,"<a href=""/wh40k10ed/the-rules/core-rules/#Lethal-Hits"">lethal hits</a>, <a href=""/wh40k10ed/the-rules/core-rules/#Rapid-Fire"">rapid fire 2</a>",24,Ranged,2,3,4,0,1
1051,Combi-weapon,"<a href=""/wh40k10ed/the-rules/core-rules/#Anti"">anti-infantry 4+</a>, <a href=""/wh40k10ed/the-rules/core-rules/#Devastating-Wounds"">devastating wounds</a>, <a href=""/wh40k10ed/the-rules/core-rules/#Rapid-Fire"">rapid fire 1</a>",24,Ranged,1,4,4,0,1
1051,Havoc launcher,"<a href=""/wh40k10ed/the-rules/core-rules/#Blast"">blast</a>",48,Ranged,D6,3,5,0,1
1051,Reaper autocannon,"<a href=""/wh40k10ed/the-rules/core-rules/#Devastating-Wounds"">devastating wounds</a>, <a href=""/wh40k10ed/the-rules/core-rules/#Sustained-Hits"">sustained hits 1</a>",36,Ranged,4,3,7,-1,1
1051,Twin heavy bolter,"<a href=""/wh40k10ed/the-rules/core-rules/#Lethal-Hits"">lethal hits</a>, <a href=""/wh40k10ed/the-rules/core-rules/#Sustained-Hits"">sustained hits 1</a>, <a href=""/wh40k10ed/the-rules/core-rules/#Twin-linked"">twin-linked</a>",36,Ranged,3,3,5,-1,2
1051,Twin heavy flamer,"<a href=""/wh40k10ed/the-rules/core-rules/#Ignores-Cover"">ignores cover</a>, <a href=""/wh40k10ed/the-rules/core-rules/#Torrent"">torrent</a>, <a href=""/wh40k10ed/the-rules/core-rules/#Twin-linked"">twin-linked</a>",12,Ranged,D6,N/A,5,-1,1
1051,Twin lascannon,"<a href=""/wh40k10ed/the-rules/core-rules/#Twin-linked"">twin-linked</a>",48,Ranged,1,3,12,-3,D6+1
1051,Defiler claws,,Melee,Melee,5,3,16,-3,D6+1
1051,Defiler scourge,"<a href=""/wh40k10ed/the-rules/core-rules/#Extra-Attacks"">extra attacks</a>",Melee,Melee,3,3,12,-1,2
1052,Infernal cannon,"<a href=""/wh40k10ed/the-rules/core-rules/#Lethal-Hits"">lethal hits</a>",24,Ranged,3,2,5,-1,2
1052,Hellforged weapons – strike,"<a href=""/wh40k10ed/the-rules/core-rules/#Lethal-Hits"">lethal hits</a>",Melee,Melee,7,2,8,-2,3
1052,Hellforged weapons – sweep,"<a href=""/wh40k10ed/the-rules/core-rules/#Lethal-Hits"">lethal hits</a>",Melee,Melee,14,2,6,-1,1
1053,Lakrimae – strike,"<a href=""/wh40k10ed/the-rules/core-rules/#Lethal-Hits"">lethal hits</a>",Melee,Melee,6,2,9,-2,3
1053,Lakrimae – sweep,"<a href=""/wh40k10ed/the-rules/core-rules/#Lethal-Hits"">lethal hits</a>",Melee,Melee,12,2,6,-1,1
1054,Manreaper – strike,"<a href=""/wh40k10ed/the-rules/core-rules/#Lethal-Hits"">lethal hits</a>",Melee,Melee,5,2,9,-2,3
1054,Manreaper – sweep,"<a href=""/wh40k10ed/the-rules/core-rules/#Lethal-Hits"">lethal hits</a>",Melee,Melee,10,2,6,-1,1
1055,Bolt pistol,"<a href=""/wh40k10ed/the-rules/core-rules/#Lethal-Hits"">lethal hits</a>, <a href=""/wh40k10ed/the-rules/core-rules/#Pistol"">pistol</a>",12,Ranged,1,3,4,0,1
1055,Plague Wind – witchfire,"<a href=""/wh40k10ed/the-rules/core-rules/#Psychic-Weapons-and-Abilities"">psychic</a>, <a href=""/wh40k10ed/the-rules/core-rules/#Torrent"">torrent</a>",12,Ranged,D6,N/A,4,-1,D3
1055,Plague Wind – focused witchfire,"<a href=""/wh40k10ed/the-rules/core-rules/#Hazardous"">hazardous</a>, <a href=""/wh40k10ed/the-rules/core-rules/#Psychic-Weapons-and-Abilities"">psychic</a>, <a href=""/wh40k10ed/the-rules/core-rules/#Torrent"">torrent</a>",12,Ranged,D6+3,N/A,6,-2,D3
1055,Corrupted staff,"<a href=""/wh40k10ed/the-rules/core-rules/#Lethal-Hits"">lethal hits</a>, <a href=""/wh40k10ed/the-rules/core-rules/#Psychic-Weapons-and-Abilities"">psychic</a>",Melee,Melee,4,3,6,-1,D3
1056,Improvised weapon,"<a href=""/wh40k10ed/the-rules/core-rules/#Lethal-Hits"">lethal hits</a>",Melee,Melee,2,5,3,0,1
1057,Plaguespitter,"<a href=""/wh40k10ed/the-rules/core-rules/#Anti"">anti-infantry 2+</a>, <a href=""/wh40k10ed/the-rules/core-rules/#Ignores-Cover"">ignores cover</a>, <a href=""/wh40k10ed/the-rules/core-rules/#Torrent"">torrent</a>",12,Ranged,D6,N/A,6,-1,1
1057,Fleshmower,"<a href=""/wh40k10ed/the-rules/core-rules/#Lethal-Hits"">lethal hits</a>",Melee,Melee,10,3,7,-1,2
1057,Plague probe,"<a href=""/wh40k10ed/the-rules/core-rules/#Lethal-Hits"">lethal hits</a>",Melee,Melee,3,3,6,-1,1
1058,Plasma pistol – standard,"<a href=""/wh40k10ed/the-rules/core-rules/#Pistol"">pistol</a>",12,Ranged,1,3,7,-2,1
1058,Plasma pistol – supercharge,"<a href=""/wh40k10ed/the-rules/core-rules/#Pistol"">pistol</a>, <a href=""/wh40k10ed/the-rules/core-rules/#Hazardous"">hazardous</a>",12,Ranged,1,3,8,-3,2
1058,Cursed plague bell,"<a href=""/wh40k10ed/the-rules/core-rules/#Anti"">anti-psyker 2+</a>, <a href=""/wh40k10ed/the-rules/core-rules/#Lethal-Hits"">lethal hits</a>",Melee,Melee,5,3,4,0,2
1094,Acheron flame cannon,"<a href=""/wh40k10ed/the-rules/core-rules/#Ignores-Cover"">ignores cover</a>, <a href=""/wh40k10ed/the-rules/core-rules/#Torrent"">torrent</a>",18,Ranged,2D6,N/A,8,-1,2
1094,Twin heavy bolter,"<a href=""/wh40k10ed/the-rules/core-rules/#Sustained-Hits"">sustained hits 1</a>, <a href=""/wh40k10ed/the-rules/core-rules/#Twin-linked"">twin-linked</a>",36,Ranged,3,3,5,-1,2
1094,Reaper chainfist – strike,,Melee,Melee,4,3,14,-4,6
1094,Reaper chainfist – sweep,,Melee,Melee,12,3,9,-3,2
1095,Cerastus shock lance,"<a href=""/wh40k10ed/the-rules/core-rules/#Assault"">assault</a>, <a href=""/wh40k10ed/the-rules/core-rules/#Sustained-Hits"">sustained hits 2</a>",12,Ranged,6,3,6,0,2
1095,Cerastus shock lance – strike,"<a href=""/wh40k10ed/the-rules/core-rules/#Lance"">lance</a>",Melee,Melee,5,2,20,-3,8
1095,Cerastus shock lance – sweep,,Melee,Melee,10,2,10,-2,3
1096,Castigator bolt cannon,"<a href=""/wh40k10ed/the-rules/core-rules/#Twin-linked"">twin-linked</a>",36,Ranged,18,3,6,-2,2
1096,Tempest warblade – strike,,Melee,Melee,4,3,14,-4,6
1096,Tempest warblade – sweep,,Melee,Melee,12,3,9,-3,2
1097,Atrapos lascutter – low intensity,"<a href=""/wh40k10ed/the-rules/core-rules/#Sustained-Hits"">sustained hits 1</a>",36,Ranged,2D6,3,7,-1,2
1097,Atrapos lascutter – high intensity,"<a href=""/wh40k10ed/the-rules/core-rules/#Sustained-Hits"">sustained hits 1</a>",24,Ranged,D6,3,14,-3,4
1097,Graviton singularity cannon – contained,"<a href=""/wh40k10ed/the-rules/core-rules/#Blast"">blast</a>",24,Ranged,D3,3,16,-4,D6+1
1097,Graviton singularity cannon – singularity,"<a href=""/wh40k10ed/the-rules/core-rules/#Blast"">blast</a>, <a href=""/wh40k10ed/the-rules/core-rules/#Devastating-Wounds"">devastating wounds</a>, <a href=""/wh40k10ed/the-rules/core-rules/#Hazardous"">hazardous</a>",24,Ranged,D3,3,16,-4,D6+1
1097,Atrapos lascutter – low intensity,"<a href=""/wh40k10ed/the-rules/core-rules/#Sustained-Hits"">sustained hits 1</a>",Melee,Melee,12,3,7,-1,2
1097,Atrapos lascutter – high intensity,"<a href=""/wh40k10ed/the-rules/core-rules/#Sustained-Hits"">sustained hits 1</a>",Melee,Melee,6,3,14,-3,4
1098,Lightning cannon,"<a href=""/wh40k10ed/the-rules/core-rules/#Sustained-Hits"">sustained hits 2</a>",48,Ranged,12,3,9,0,2
1098,Phased plasma-fusil,"<a href=""/wh40k10ed/the-rules/core-rules/#Rapid-Fire"">rapid fire 2</a>",24,Ranged,2,3,8,-3,2
1098,Twin rad cleanser,"<a href=""/wh40k10ed/the-rules/core-rules/#Anti"">anti-infantry 2+</a>, <a href=""/wh40k10ed/the-rules/core-rules/#Ignores-Cover"">ignores cover</a>, <a href=""/wh40k10ed/the-rules/core-rules/#Torrent"">torrent</a>, <a href=""/wh40k10ed/the-rules/core-rules/#Twin-linked"">twin-linked</a>",12,Ranged,D6,N/A,2,0,1
1098,Hekaton siege claw – strike,,Melee,Melee,4,3,20,-3,8
1098,Hekaton siege claw – sweep,,Melee,Melee,8,3,10,-2,3
1098,Reaper chainsword – strike,,Melee,Melee,4,3,14,-4,6
1098,Reaper chainsword – sweep,,Melee,Melee,12,3,9,-3,2
1099,Acastus Autocannon,,48,Ranged,2,3,9,-1,3
1099,Acastus ironstorm missile pod,"<a href=""/wh40k10ed/the-rules/core-rules/#Blast"">blast</a>, <a href=""/wh40k10ed/the-rules/core-rules/#Heavy"">heavy</a>, <a href=""/wh40k10ed/the-rules/core-rules/#Indirect-Fire"">indirect fire</a>",48,Ranged,D6+6,3,5,0,1
1099,Helios defence missiles,"<a href=""/wh40k10ed/the-rules/core-rules/#Anti"">anti-fly 2+</a>, <a href=""/wh40k10ed/the-rules/core-rules/#Heavy"">heavy</a>",48,Ranged,3,3,10,-2,D6
1099,Lascannon,,48,Ranged,1,3,12,-3,D6+1
1099,Twin magna lascannon,"<a href=""/wh40k10ed/the-rules/core-rules/#Blast"">blast</a>, <a href=""/wh40k10ed/the-rules/core-rules/#Twin-linked"">twin-linked</a>",72,Ranged,D6,3,18,-4,D6+6
1099,Titanic feet,,Melee,Melee,6,4,10,-1,2
1100,Graviton crusher,"<a href=""/wh40k10ed/the-rules/core-rules/#Anti"">anti-vehicle 2+</a>, <a href=""/wh40k10ed/the-rules/core-rules/#Blast"">blast</a>",18,Ranged,3,3,6,-1,2
1100,Twin rad cleanser,"<a href=""/wh40k10ed/the-rules/core-rules/#Anti"">anti-infantry 2+</a>, <a href=""/wh40k10ed/the-rules/core-rules/#Ignores-Cover"">ignores cover</a>, <a href=""/wh40k10ed/the-rules/core-rules/#Torrent"">torrent</a>, <a href=""/wh40k10ed/the-rules/core-rules/#Twin-linked"">twin-linked</a>",12,Ranged,D6,N/A,2,0,1
1100,Volkite chierovile,"<a href=""/wh40k10ed/the-rules/core-rules/#Devastating-Wounds"">devastating wounds</a>",30,Ranged,12,3,12,0,3
1100,Hekaton siege claw – strike,,Melee,Melee,4,3,20,-3,8
1100,Hekaton siege claw – sweep,,Melee,Melee,8,3,10,-2,3
1100,Reaper chainsword – strike,,Melee,Melee,4,3,14,-4,6
1100,Reaper chainsword – sweep,,Melee,Melee,12,3,9,-3,2
1104,Scalding roar,"<a href=""/wh40k10ed/the-rules/core-rules/#Ignores-Cover"">ignores cover</a>, <a href=""/wh40k10ed/the-rules/core-rules/#Torrent"">torrent</a>",12,Ranged,D6+3,N/A,5,-1,1
1104,Soul-rending fangs,"<a href=""/wh40k10ed/the-rules/core-rules/#Anti"">anti-character 3+</a>, <a href=""/wh40k10ed/the-rules/core-rules/#Precision"">precision</a>",Melee,Melee,6,2,6,-2,2
1105,Bellow of endless fury,"<a href=""/wh40k10ed/the-rules/core-rules/#Ignores-Cover"">ignores cover</a>, <a href=""/wh40k10ed/the-rules/core-rules/#Torrent"">torrent</a>",12,Ranged,2D6,N/A,8,-1,1
1105,Slaughter and Carnage – strike,,Melee,Melee,8,2,16,-4,6
1105,Slaughter and Carnage – sweep,,Melee,Melee,16,2,8,-2,2
1106,The Slayer Sword,"<a href=""/wh40k10ed/the-rules/core-rules/#Devastating-Wounds"">devastating wounds</a>, <a href=""/wh40k10ed/the-rules/core-rules/#Precision"">precision</a>",Melee,Melee,6,2,6,-2,3
1111,Attendants’ hellblades,"<a href=""/wh40k10ed/the-rules/core-rules/#Extra-Attacks"">extra attacks</a>",Melee,Melee,4,3,5,-2,2
1111,Blade of blood,,Melee,Melee,5,2,6,-2,3
1112,Burning roar,"<a href=""/wh40k10ed/the-rules/core-rules/#Ignores-Cover"">ignores cover</a>, <a href=""/wh40k10ed/the-rules/core-rules/#Torrent"">torrent</a>",12,Ranged,D6,N/A,4,0,1
1112,Gore-drenched fangs,,Melee,Melee,3,3,5,-1,1
1114,Hellblade,,Melee,Melee,2,3,5,-2,2
1115,Hellblade,,Melee,Melee,2,3,5,-2,2
1115,Juggernaut’s bladed horn,"<a href=""/wh40k10ed/the-rules/core-rules/#Extra-Attacks"">extra attacks</a>, <a href=""/wh40k10ed/the-rules/core-rules/#Lance"">lance</a>",Melee,Melee,4,4,6,-1,1
1116,Skull cannon,"<a href=""/wh40k10ed/the-rules/core-rules/#Blast"">blast</a>",48,Ranged,D6+2,3,9,-1,2
1116,Attendants’ hellblades,"<a href=""/wh40k10ed/the-rules/core-rules/#Extra-Attacks"">extra attacks</a>",Melee,Melee,4,3,5,-2,2
1116,Biting maw,,Melee,Melee,2,4,6,0,2
1117,Infernal Gateway – witchfire,"<a href=""/wh40k10ed/the-rules/core-rules/#Blast"">blast</a>, <a href=""/wh40k10ed/the-rules/core-rules/#Indirect-Fire"">indirect fire</a>, <a href=""/wh40k10ed/the-rules/core-rules/#Psychic-Weapons-and-Abilities"">psychic</a>",24,Ranged,D6+3,2,9,-2,D3
1117,Infernal Gateway – focused witchfire,"<a href=""/wh40k10ed/the-rules/core-rules/#Blast"">blast</a>, <a href=""/wh40k10ed/the-rules/core-rules/#Indirect-Fire"">indirect fire</a>, <a href=""/wh40k10ed/the-rules/core-rules/#Hazardous"">hazardous</a>, <a href=""/wh40k10ed/the-rules/core-rules/#Psychic-Weapons-and-Abilities"">psychic</a>",24,Ranged,D3+6,2,9,-3,D3
1117,Staff of Tomorrow,"<a href=""/wh40k10ed/the-rules/core-rules/#Psychic-Weapons-and-Abilities"">psychic</a>",Melee,Melee,5,3,8,-2,2D3
1118,Infernal Flames – witchfire,"<a href=""/wh40k10ed/the-rules/core-rules/#Ignores-Cover"">ignores cover</a>, <a href=""/wh40k10ed/the-rules/core-rules/#Psychic-Weapons-and-Abilities"">psychic</a>, <a href=""/wh40k10ed/the-rules/core-rules/#Torrent"">torrent</a>",12,Ranged,D6,N/A,6,-1,1
1118,Infernal Flames – focused witchfire,"<a href=""/wh40k10ed/the-rules/core-rules/#Ignores-Cover"">ignores cover</a>, <a href=""/wh40k10ed/the-rules/core-rules/#Hazardous"">hazardous</a>, <a href=""/wh40k10ed/the-rules/core-rules/#Psychic-Weapons-and-Abilities"">psychic</a>, <a href=""/wh40k10ed/the-rules/core-rules/#Torrent"">torrent</a>",12,Ranged,D6+3,N/A,6,-1,D3
1118,The Trickster’s Staff,"<a href=""/wh40k10ed/the-rules/core-rules/#Psychic-Weapons-and-Abilities"">psychic</a>",Melee,Melee,3,4,4,-1,D3
1119,Sharp quills,"<a href=""/wh40k10ed/the-rules/core-rules/#Anti"">anti-psyker 2+</a>",Melee,Melee,4,5,2,0,1
1120,Rod of sorcery,"<a href=""/wh40k10ed/the-rules/core-rules/#Psychic-Weapons-and-Abilities"">psychic</a>",12,Ranged,6,2,8,-1,D3
1120,Bolt of Change – witchfire,"<a href=""/wh40k10ed/the-rules/core-rules/#Psychic-Weapons-and-Abilities"">psychic</a>",18,Ranged,9,2,9,-1,1
1120,Bolt of Change – focused witchfire,"<a href=""/wh40k10ed/the-rules/core-rules/#Hazardous"">hazardous</a>, <a href=""/wh40k10ed/the-rules/core-rules/#Psychic-Weapons-and-Abilities"">psychic</a>",18,Ranged,9,2,9,-2,D3
1120,Baleful sword,"<a href=""/wh40k10ed/the-rules/core-rules/#Extra-Attacks"">extra attacks</a>",Melee,Melee,3,3,7,-2,3
1120,Staff of Tzeentch,"<a href=""/wh40k10ed/the-rules/core-rules/#Psychic-Weapons-and-Abilities"">psychic</a>",Melee,Melee,5,3,6,-1,3
1125,Flickering Flames,"<a href=""/wh40k10ed/the-rules/core-rules/#Ignores-Cover"">ignores cover</a>, <a href=""/wh40k10ed/the-rules/core-rules/#Psychic-Weapons-and-Abilities"">psychic</a>, <a href=""/wh40k10ed/the-rules/core-rules/#Torrent"">torrent</a>",12,Ranged,D6,N/A,4,-1,1
1125,Flamer mouths,,Melee,Melee,3,4,4,0,1
1126,Fire of Tzeentch – blue fire,"<a href=""/wh40k10ed/the-rules/core-rules/#Ignores-Cover"">ignores cover</a>, <a href=""/wh40k10ed/the-rules/core-rules/#Psychic-Weapons-and-Abilities"">psychic</a>",18,Ranged,3,3,9,-3,3
1126,Fire of Tzeentch – pink fire,"<a href=""/wh40k10ed/the-rules/core-rules/#Ignores-Cover"">ignores cover</a>, <a href=""/wh40k10ed/the-rules/core-rules/#Psychic-Weapons-and-Abilities"">psychic</a>, <a href=""/wh40k10ed/the-rules/core-rules/#Torrent"">torrent</a>",12,Ranged,2D6,N/A,5,-1,1
1126,Flamer mouths,,Melee,Melee,4,4,5,0,1
1127,Lamprey bite,"<a href=""/wh40k10ed/the-rules/core-rules/#Anti"">anti-monster 4+</a>, <a href=""/wh40k10ed/the-rules/core-rules/#Anti"">anti-vehicle 4+</a>",Melee,Melee,3,3,6,-2,2
1128,Fire of Tzeentch – blue fire,"<a href=""/wh40k10ed/the-rules/core-rules/#Ignores-Cover"">ignores cover</a>, <a href=""/wh40k10ed/the-rules/core-rules/#Psychic-Weapons-and-Abilities"">psychic</a>",18,Ranged,3,3,9,-3,3
1128,Fire of Tzeentch – pink fire,"<a href=""/wh40k10ed/the-rules/core-rules/#Ignores-Cover"">ignores cover</a>, <a href=""/wh40k10ed/the-rules/core-rules/#Psychic-Weapons-and-Abilities"">psychic</a>, <a href=""/wh40k10ed/the-rules/core-rules/#Torrent"">torrent</a>",12,Ranged,2D6,N/A,5,-1,1
1128,Flamer mouths,,Melee,Melee,6,4,5,0,1
1128,Screamer bites,"<a href=""/wh40k10ed/the-rules/core-rules/#Anti"">anti-monster 4+</a>, <a href=""/wh40k10ed/the-rules/core-rules/#Anti"">anti-vehicle 4+</a>, <a href=""/wh40k10ed/the-rules/core-rules/#Extra-Attacks"">extra attacks</a>",Melee,Melee,6,3,6,-2,2
1129,Balesword and Nurgling attendants,"<a href=""/wh40k10ed/the-rules/core-rules/#Lethal-Hits"">lethal hits</a>",Melee,Melee,D6+3,3,5,-2,2
1130,Plague flail,,6,Ranged,D6+1,3,7,-2,2
1130,Putrid vomit,"<a href=""/wh40k10ed/the-rules/core-rules/#Ignores-Cover"">ignores cover</a>, <a href=""/wh40k10ed/the-rules/core-rules/#Torrent"">torrent</a>",12,Ranged,D6+3,N/A,5,-2,1
1130,Bileblade,"<a href=""/wh40k10ed/the-rules/core-rules/#Extra-Attacks"">extra attacks</a>, <a href=""/wh40k10ed/the-rules/core-rules/#Lethal-Hits"">lethal hits</a>",Melee,Melee,3,2,6,-2,2
1130,Bilesword – strike,"<a href=""/wh40k10ed/the-rules/core-rules/#Lethal-Hits"">lethal hits</a>",Melee,Melee,6,2,10,-2,D6+1
1130,Bilesword – sweep,"<a href=""/wh40k10ed/the-rules/core-rules/#Lethal-Hits"">lethal hits</a>",Melee,Melee,12,2,7,-1,1
1130,Doomsday bell,"<a href=""/wh40k10ed/the-rules/core-rules/#Lethal-Hits"">lethal hits</a>, Reverberating summons",Melee,Melee,6,2,7,-1,2
1132,Plaguesword,"<a href=""/wh40k10ed/the-rules/core-rules/#Lethal-Hits"">lethal hits</a>",Melee,Melee,2,3,4,-1,1
1133,Diseased claws and teeth,"<a href=""/wh40k10ed/the-rules/core-rules/#Lethal-Hits"">lethal hits</a>",Melee,Melee,4,5,2,0,1
1134,Putrid appendages,"<a href=""/wh40k10ed/the-rules/core-rules/#Devastating-Wounds"">devastating wounds</a>",Melee,Melee,6,4,6,-1,2
1135,Death’s heads,"<a href=""/wh40k10ed/the-rules/core-rules/#Blast"">blast</a>, <a href=""/wh40k10ed/the-rules/core-rules/#Lethal-Hits"">lethal hits</a>",12,Ranged,D3,4,4,0,1
1135,Foul mouthparts,"<a href=""/wh40k10ed/the-rules/core-rules/#Extra-Attacks"">extra attacks</a>, <a href=""/wh40k10ed/the-rules/core-rules/#Lethal-Hits"">lethal hits</a>",Melee,Melee,2,4,5,-1,2
1135,Plaguesword,"<a href=""/wh40k10ed/the-rules/core-rules/#Lethal-Hits"">lethal hits</a>",Melee,Melee,2,3,4,-1,1
1136,Serrated claws,"<a href=""/wh40k10ed/the-rules/core-rules/#Devastating-Wounds"">devastating wounds</a>",Melee,Melee,6,2,4,-1,2
1137,Living whip,"<a href=""/wh40k10ed/the-rules/core-rules/#Assault"">assault</a>",12,Ranged,6,2,6,-1,2
1137,Phantasmagoria – witchfire,"<a href=""/wh40k10ed/the-rules/core-rules/#Devastating-Wounds"">devastating wounds</a>, <a href=""/wh40k10ed/the-rules/core-rules/#Psychic-Weapons-and-Abilities"">psychic</a>",18,Ranged,6,2,6,-2,1
1137,Phantasmagoria – focused witchfire,"<a href=""/wh40k10ed/the-rules/core-rules/#Devastating-Wounds"">devastating wounds</a>, <a href=""/wh40k10ed/the-rules/core-rules/#Hazardous"">hazardous</a>, <a href=""/wh40k10ed/the-rules/core-rules/#Psychic-Weapons-and-Abilities"">psychic</a>",18,Ranged,9,2,6,-2,1
1137,Ritual knife,"<a href=""/wh40k10ed/the-rules/core-rules/#Extra-Attacks"">extra attacks</a>",Melee,Melee,3,2,6,-2,2
1137,Snapping claws,"<a href=""/wh40k10ed/the-rules/core-rules/#Devastating-Wounds"">devastating wounds</a>, <a href=""/wh40k10ed/the-rules/core-rules/#Extra-Attacks"">extra attacks</a>",Melee,Melee,4,2,6,-2,3
1137,Witstealer sword,,Melee,Melee,6,2,8,-2,3
1138,Ravaging claws,"<a href=""/wh40k10ed/the-rules/core-rules/#Devastating-Wounds"">devastating wounds</a>",Melee,Melee,6,2,4,-1,1
1139,Lashing tongue,"<a href=""/wh40k10ed/the-rules/core-rules/#Extra-Attacks"">extra attacks</a>, <a href=""/wh40k10ed/the-rules/core-rules/#Lethal-Hits"">lethal hits</a>",Melee,Melee,2,4,4,0,1
1139,Ravaging claws,"<a href=""/wh40k10ed/the-rules/core-rules/#Devastating-Wounds"">devastating wounds</a>",Melee,Melee,6,2,4,-1,1
1141,Lashes of torment,"<a href=""/wh40k10ed/the-rules/core-rules/#Anti"">anti-infantry 3+</a>, <a href=""/wh40k10ed/the-rules/core-rules/#Assault"">assault</a>, <a href=""/wh40k10ed/the-rules/core-rules/#Pistol"">pistol</a>",6,Ranged,6,3,4,0,1
1141,Exalted Seeker tongues,"<a href=""/wh40k10ed/the-rules/core-rules/#Extra-Attacks"">extra attacks</a>, <a href=""/wh40k10ed/the-rules/core-rules/#Lethal-Hits"">lethal hits</a>",Melee,Melee,8,4,4,0,1
1141,Ravaging claws,"<a href=""/wh40k10ed/the-rules/core-rules/#Devastating-Wounds"">devastating wounds</a>",Melee,Melee,15,3,4,-1,1
1142,Slashing claws,"<a href=""/wh40k10ed/the-rules/core-rules/#Devastating-Wounds"">devastating wounds</a>",Melee,Melee,3,3,4,-1,1
1143,Barbed tail and dissecting claws,"<a href=""/wh40k10ed/the-rules/core-rules/#Devastating-Wounds"">devastating wounds</a>",Melee,Melee,5,3,5,-2,2
1144,Lashes of torment,"<a href=""/wh40k10ed/the-rules/core-rules/#Anti"">anti-infantry 3+</a>, <a href=""/wh40k10ed/the-rules/core-rules/#Assault"">assault</a>, <a href=""/wh40k10ed/the-rules/core-rules/#Pistol"">pistol</a>",12,Ranged,3,3,4,-1,2
1144,Lashes of torment,"<a href=""/wh40k10ed/the-rules/core-rules/#Anti"">anti-infantry 3+</a>, <a href=""/wh40k10ed/the-rules/core-rules/#Extra-Attacks"">extra attacks</a>",Melee,Melee,3,3,4,-1,2
1144,Seeker tongues,"<a href=""/wh40k10ed/the-rules/core-rules/#Extra-Attacks"">extra attacks</a>, <a href=""/wh40k10ed/the-rules/core-rules/#Lethal-Hits"">lethal hits</a>",Melee,Melee,4,4,4,0,1
1144,Slashing claws,"<a href=""/wh40k10ed/the-rules/core-rules/#Devastating-Wounds"">devastating wounds</a>",Melee,Melee,8,3,4,-1,1
1145,Lashing tongue,"<a href=""/wh40k10ed/the-rules/core-rules/#Extra-Attacks"">extra attacks</a>, <a href=""/wh40k10ed/the-rules/core-rules/#Lethal-Hits"">lethal hits</a>",Melee,Melee,2,4,4,0,1
1145,Slashing claws,"<a href=""/wh40k10ed/the-rules/core-rules/#Devastating-Wounds"">devastating wounds</a>",Melee,Melee,3,3,4,-1,1
1146,Lashes of torment,"<a href=""/wh40k10ed/the-rules/core-rules/#Anti"">anti-infantry 3+</a>, <a href=""/wh40k10ed/the-rules/core-rules/#Assault"">assault</a>, <a href=""/wh40k10ed/the-rules/core-rules/#Pistol"">pistol</a>",6,Ranged,6,3,4,0,1
1146,Seeker tongues,"<a href=""/wh40k10ed/the-rules/core-rules/#Extra-Attacks"">extra attacks</a>, <a href=""/wh40k10ed/the-rules/core-rules/#Lethal-Hits"">lethal hits</a>",Melee,Melee,4,4,4,0,1
1146,Slashing claws,"<a href=""/wh40k10ed/the-rules/core-rules/#Devastating-Wounds"">devastating wounds</a>",Melee,Melee,9,3,4,-1,1
1147,Lashes of torment,"<a href=""/wh40k10ed/the-rules/core-rules/#Anti"">anti-infantry 3+</a>, <a href=""/wh40k10ed/the-rules/core-rules/#Assault"">assault</a>, <a href=""/wh40k10ed/the-rules/core-rules/#Pistol"">pistol</a>",6,Ranged,6,3,4,0,1
1147,Exalted Seeker tongues,"<a href=""/wh40k10ed/the-rules/core-rules/#Extra-Attacks"">extra attacks</a>, <a href=""/wh40k10ed/the-rules/core-rules/#Lethal-Hits"">lethal hits</a>",Melee,Melee,8,4,4,0,1
1147,Slashing claws,"<a href=""/wh40k10ed/the-rules/core-rules/#Devastating-Wounds"">devastating wounds</a>",Melee,Melee,14,3,4,-1,1
1148,Betraying Shades – witchfire,"<a href=""/wh40k10ed/the-rules/core-rules/#Devastating-Wounds"">devastating wounds</a>, <a href=""/wh40k10ed/the-rules/core-rules/#Ignores-Cover"">ignores cover</a>, <a href=""/wh40k10ed/the-rules/core-rules/#Psychic-Weapons-and-Abilities"">psychic</a>",18,Ranged,9,2,5,-2,1
1148,Betraying Shades – focused witchfire,"<a href=""/wh40k10ed/the-rules/core-rules/#Devastating-Wounds"">devastating wounds</a>, <a href=""/wh40k10ed/the-rules/core-rules/#Hazardous"">hazardous</a>, <a href=""/wh40k10ed/the-rules/core-rules/#Ignores-Cover"">ignores cover</a>, <a href=""/wh40k10ed/the-rules/core-rules/#Psychic-Weapons-and-Abilities"">psychic</a>",18,Ranged,12,2,6,-3,1
1148,The Blade of Shadows – strike,"<a href=""/wh40k10ed/the-rules/core-rules/#Devastating-Wounds"">devastating wounds</a>",Melee,Melee,7,2,14,-4,D6+1
1148,The Blade of Shadows – sweep,"<a href=""/wh40k10ed/the-rules/core-rules/#Sustained-Hits"">sustained hits 1</a>",Melee,Melee,14,2,8,-3,1
1149,Infernal cannon,,24,Ranged,3,2,5,-1,2
1149,Hellforged weapons – strike,,Melee,Melee,6,2,8,-2,3
1149,Hellforged weapons – sweep,,Melee,Melee,14,2,6,0,1
1150,Daemonic claws,,Melee,Melee,2,4,4,0,1
1151,Harvester cannon,,36,Ranged,3,3,10,-1,3
1151,Torrent of burning blood,"<a href=""/wh40k10ed/the-rules/core-rules/#Ignores-Cover"">ignores cover</a>, <a href=""/wh40k10ed/the-rules/core-rules/#Torrent"">torrent</a>",12,Ranged,2D6,N/A,5,-1,1
1151,Phlegm bombardment,"<a href=""/wh40k10ed/the-rules/core-rules/#Blast"">blast</a>, <a href=""/wh40k10ed/the-rules/core-rules/#Indirect-Fire"">indirect fire</a>, <a href=""/wh40k10ed/the-rules/core-rules/#Lethal-Hits"">lethal hits</a>",36,Ranged,D6+1,3,7,-1,2
1151,Scream of despair,"<a href=""/wh40k10ed/the-rules/core-rules/#Devastating-Wounds"">devastating wounds</a>, <a href=""/wh40k10ed/the-rules/core-rules/#Sustained-Hits"">sustained hits 1</a>",24,Ranged,6,3,9,-2,2
1151,Warp gaze,"<a href=""/wh40k10ed/the-rules/core-rules/#Blast"">blast</a>",48,Ranged,D3,3,12,-2,D6+2
1151,Iron claw,,Melee,Melee,5,3,16,-3,D6+2
1151,Warpclaw,"<a href=""/wh40k10ed/the-rules/core-rules/#Extra-Attacks"">extra attacks</a>",Melee,Melee,6,3,8,-1,2
1151,Warpsword,"<a href=""/wh40k10ed/the-rules/core-rules/#Extra-Attacks"">extra attacks</a>",Melee,Melee,3,3,8,-2,D6
1153,Cerberus neutron pulse array,"<a href=""/wh40k10ed/the-rules/core-rules/#Twin-linked"">twin-linked</a>",48,Ranged,3,3,16,-4,D6+3
1153,Heavy bolter,"<a href=""/wh40k10ed/the-rules/core-rules/#Sustained-Hits"">sustained hits 1</a>",36,Ranged,3,3,5,-1,2
1153,Heavy flamer,"<a href=""/wh40k10ed/the-rules/core-rules/#Torrent"">torrent</a>, <a href=""/wh40k10ed/the-rules/core-rules/#Ignores-Cover"">ignores cover</a>",12,Ranged,D6,N/A,5,-1,1
1153,Lascannon,,48,Ranged,1,3,12,-3,D6+1
1153,Multi-melta,"<a href=""/wh40k10ed/the-rules/core-rules/#Melta"">melta 2</a>",18,Ranged,2,3,9,-4,D6
1153,Storm bolter,"<a href=""/wh40k10ed/the-rules/core-rules/#Rapid-Fire"">rapid fire 2</a>",24,Ranged,2,3,4,0,1
1153,Armoured tracks,,Melee,Melee,6,4,8,0,1
1154,Bolt pistol,"<a href=""/wh40k10ed/the-rules/core-rules/#Pistol"">pistol</a>",12,Ranged,1,3,4,0,1
1154,Grav-pistol,"<a href=""/wh40k10ed/the-rules/core-rules/#Anti"">anti-vehicle 2+</a>, <a href=""/wh40k10ed/the-rules/core-rules/#Pistol"">pistol</a>",12,Ranged,1,3,4,-1,2
1154,Hand flamer,"<a href=""/wh40k10ed/the-rules/core-rules/#Ignores-Cover"">ignores cover</a>, <a href=""/wh40k10ed/the-rules/core-rules/#Pistol"">pistol</a>, <a href=""/wh40k10ed/the-rules/core-rules/#Torrent"">torrent</a>",12,Ranged,D6,N/A,3,0,1
1154,Inferno pistol,"<a href=""/wh40k10ed/the-rules/core-rules/#Melta"">melta 2</a>, <a href=""/wh40k10ed/the-rules/core-rules/#Pistol"">pistol</a>",6,Ranged,1,3,8,-4,D3
1154,Plasma pistol – standard,"<a href=""/wh40k10ed/the-rules/core-rules/#Pistol"">pistol</a>",12,Ranged,1,3,7,-2,1
1154,Plasma pistol – supercharge,"<a href=""/wh40k10ed/the-rules/core-rules/#Hazardous"">hazardous</a>, <a href=""/wh40k10ed/the-rules/core-rules/#Pistol"">pistol</a>",12,Ranged,1,3,8,-3,2
1154,Heirloom weapon,,Melee,Melee,4,3,5,-1,1
1156,Fragstorm grenade launcher,"<a href=""/wh40k10ed/the-rules/core-rules/#Blast"">blast</a>",18,Ranged,D6,3,4,0,1
1156,Heavy bolter,"<a href=""/wh40k10ed/the-rules/core-rules/#Sustained-Hits"">sustained hits 1</a>",36,Ranged,3,3,5,-1,2
1156,Incendium cannon,"<a href=""/wh40k10ed/the-rules/core-rules/#Ignores-Cover"">ignores cover</a>, <a href=""/wh40k10ed/the-rules/core-rules/#Torrent"">torrent</a>",12,Ranged,D6+3,N/A,6,-1,1
1156,Twin ironhail autocannon,"<a href=""/wh40k10ed/the-rules/core-rules/#Twin-linked"">twin-linked</a>",48,Ranged,3,3,9,-1,3
1156,Twin ironhail heavy stubber,"<a href=""/wh40k10ed/the-rules/core-rules/#Rapid-Fire"">rapid fire 3</a>, <a href=""/wh40k10ed/the-rules/core-rules/#Twin-linked"">twin-linked</a>",36,Ranged,3,3,4,0,1
1156,Invictor fist,,Melee,Melee,5,3,14,-2,3
1157,Astartes grenade launcher – frag,"<a href=""/wh40k10ed/the-rules/core-rules/#Blast"">blast</a>",24,Ranged,D3,3,4,0,1
1157,Astartes grenade launcher – krak,,24,Ranged,1,3,9,-2,D3
1157,Bolt pistol,"<a href=""/wh40k10ed/the-rules/core-rules/#Pistol"">pistol</a>",12,Ranged,1,3,4,0,1
1157,Bolt rifle,"<a href=""/wh40k10ed/the-rules/core-rules/#Assault"">assault</a>, <a href=""/wh40k10ed/the-rules/core-rules/#Heavy"">heavy</a>",24,Ranged,2,3,4,-1,1
1157,Hand flamer,"<a href=""/wh40k10ed/the-rules/core-rules/#Ignores-Cover"">ignores cover</a>, <a href=""/wh40k10ed/the-rules/core-rules/#Pistol"">pistol</a>, <a href=""/wh40k10ed/the-rules/core-rules/#Torrent"">torrent</a>",12,Ranged,D6,N/A,3,0,1
1157,Plasma pistol – standard,"<a href=""/wh40k10ed/the-rules/core-rules/#Pistol"">pistol</a>",12,Ranged,1,3,7,-2,1
1157,Plasma pistol – supercharge,"<a href=""/wh40k10ed/the-rules/core-rules/#Hazardous"">hazardous</a>, <a href=""/wh40k10ed/the-rules/core-rules/#Pistol"">pistol</a>",12,Ranged,1,3,8,-3,2
1157,Astartes chainsword,,Melee,Melee,5,3,4,-1,1
1157,Close combat weapon,,Melee,Melee,3,3,4,0,1
1157,Power fist,,Melee,Melee,3,3,8,-2,2
1157,Power weapon,,Melee,Melee,4,3,5,-2,1
1157,Thunder hammer,"<a href=""/wh40k10ed/the-rules/core-rules/#Devastating-Wounds"">devastating wounds</a>",Melee,Melee,3,4,8,-2,2
1158,Bolt pistol,"<a href=""/wh40k10ed/the-rules/core-rules/#Pistol"">PISTOL</a>",12,Ranged,1,3,4,0,1
1158,Multi-melta,"<a href=""/wh40k10ed/the-rules/core-rules/#Melta"">melta 2</a>",18,Ranged,2,3,9,-4,D6
1158,Onslaught gatling cannon,"<a href=""/wh40k10ed/the-rules/core-rules/#Devastating-Wounds"">devastating wounds</a>",24,Ranged,8,3,5,0,1
1158,Twin bolt rifle,"<a href=""/wh40k10ed/the-rules/core-rules/#Twin-linked"">twin-linked</a>",24,Ranged,2,3,4,-1,1
1158,Close combat weapon,,Melee,Melee,5,3,4,0,1
1159,Bolt pistol,"<a href=""/wh40k10ed/the-rules/core-rules/#Pistol"">pistol</a>",12,Ranged,1,3,4,0,1
1159,Occulus bolt carbine,"<a href=""/wh40k10ed/the-rules/core-rules/#Assault"">assault</a>, <a href=""/wh40k10ed/the-rules/core-rules/#Ignores-Cover"">ignores cover</a>",24,Ranged,2,3,4,0,1
1159,Paired combat blades,"<a href=""/wh40k10ed/the-rules/core-rules/#Sustained-Hits"">sustained hits 1</a>",Melee,Melee,3,3,4,-1,1
1160,Astartes shotgun,"<a href=""/wh40k10ed/the-rules/core-rules/#Assault"">assault</a>",18,Ranged,2,3,4,0,1
1160,Bolt pistol,"<a href=""/wh40k10ed/the-rules/core-rules/#Pistol"">pistol</a>",12,Ranged,1,3,4,0,1
1160,Boltgun,,24,Ranged,2,3,4,0,1
1160,Heavy bolter,"<a href=""/wh40k10ed/the-rules/core-rules/#Heavy"">heavy</a>, <a href=""/wh40k10ed/the-rules/core-rules/#Sustained-Hits"">sustained hits 1</a>",36,Ranged,3,4,5,-1,2
1160,Missile launcher – frag,"<a href=""/wh40k10ed/the-rules/core-rules/#Blast"">blast</a>, <a href=""/wh40k10ed/the-rules/core-rules/#Heavy"">heavy</a>",48,Ranged,D6,4,4,0,1
1160,Missile launcher – krak,"<a href=""/wh40k10ed/the-rules/core-rules/#Heavy"">heavy</a>",48,Ranged,1,4,9,-2,D6
1160,Scout sniper rifle,"<a href=""/wh40k10ed/the-rules/core-rules/#Heavy"">HEAVY</a>, <a href=""/wh40k10ed/the-rules/core-rules/#Precision"">PRECISION</a>",36,Ranged,1,3,4,-2,2
1160,Astartes chainsword,,Melee,Melee,4,3,4,-1,1
1160,Close combat weapon,,Melee,Melee,2,3,4,0,1
1160,Combat knife,,Melee,Melee,3,3,4,-1,1
1161,Arcus multi-launcher,"<a href=""/wh40k10ed/the-rules/core-rules/#Indirect-Fire"">indirect fire</a>",48,Ranged,2D6,3,6,0,2
1161,Heavy bolter,"<a href=""/wh40k10ed/the-rules/core-rules/#Sustained-Hits"">sustained hits 1</a>",36,Ranged,3,3,5,-1,2
1161,Hunter-killer missile,one shot,48,Ranged,1,2,14,-3,D6
1161,Lascannon,,48,Ranged,1,3,12,-3,D6+1
1161,Storm bolter,"<a href=""/wh40k10ed/the-rules/core-rules/#Rapid-Fire"">rapid fire 2</a>",24,Ranged,2,3,4,0,1
1161,Armoured tracks,,Melee,Melee,6,4,8,0,1
1162,Bolt pistol,"<a href=""/wh40k10ed/the-rules/core-rules/#Pistol"">pistol</a>",12,Ranged,1,2,4,0,1
1162,Quietus,"<a href=""/wh40k10ed/the-rules/core-rules/#Precision"">precision</a>",36,Ranged,2,2,4,-2,3
1162,Combat knife,,Melee,Melee,4,3,4,0,1
1163,Heavy bolter,"<a href=""/wh40k10ed/the-rules/core-rules/#Sustained-Hits"">sustained hits 1</a>",36,Ranged,3,3,5,-1,2
1163,Hunter-killer missile,one shot,48,Ranged,1,2,14,-3,D6
1163,Lascannon,,48,Ranged,1,3,12,-3,D6+1
1163,Omega plasma array – standard,,36,Ranged,6,3,9,-3,2
1163,Omega plasma array – supercharge,"<a href=""/wh40k10ed/the-rules/core-rules/#Hazardous"">hazardous</a>",36,Ranged,6,3,10,-3,3
1163,Storm bolter,"<a href=""/wh40k10ed/the-rules/core-rules/#Rapid-Fire"">rapid fire 2</a>",24,Ranged,2,3,4,0,1
1163,Armoured tracks,,Melee,Melee,6,4,8,0,1
1164,Bolt pistol,"<a href=""/wh40k10ed/the-rules/core-rules/#Pistol"">pistol</a>",12,Ranged,1,2,4,0,1
1164,Flamer,"<a href=""/wh40k10ed/the-rules/core-rules/#Ignores-Cover"">ignores cover</a>, <a href=""/wh40k10ed/the-rules/core-rules/#Torrent"">torrent</a>",12,Ranged,D6,N/A,4,0,1
1164,Thunderfire cannon,"<a href=""/wh40k10ed/the-rules/core-rules/#Blast"">blast</a>, <a href=""/wh40k10ed/the-rules/core-rules/#Indirect-Fire"">indirect fire</a>",48,Ranged,D6+4,3,5,0,1
1164,Close combat weapon,,Melee,Melee,3,3,4,0,1
1164,Gunner’s servo-arms,"<a href=""/wh40k10ed/the-rules/core-rules/#Extra-Attacks"">extra attacks</a>",Melee,Melee,2,3,8,-2,3
1164,Plasma cutter,"<a href=""/wh40k10ed/the-rules/core-rules/#Extra-Attacks"">extra attacks</a>",Melee,Melee,2,3,8,-2,1
1165,Heavy bolt pistol,"<a href=""/wh40k10ed/the-rules/core-rules/#Pistol"">pistol</a>",18,Ranged,1,3,4,-1,1
1165,Close combat weapon,,Melee,Melee,5,2,4,0,1
1166,Bolt pistol,"<a href=""/wh40k10ed/the-rules/core-rules/#Pistol"">pistol</a>",12,Ranged,1,3,4,0,1
1166,Boltgun,,24,Ranged,2,3,4,0,1
1166,Combi-weapon,"<a href=""/wh40k10ed/the-rules/core-rules/#Anti"">anti-infantry 4+</a>, <a href=""/wh40k10ed/the-rules/core-rules/#Devastating-Wounds"">devastating wounds</a>, <a href=""/wh40k10ed/the-rules/core-rules/#Rapid-Fire"">rapid fire 1</a>",24,Ranged,1,4,4,0,1
1166,Flamer,"<a href=""/wh40k10ed/the-rules/core-rules/#Ignores-Cover"">ignores cover</a>, <a href=""/wh40k10ed/the-rules/core-rules/#Torrent"">torrent</a>",12,Ranged,D6,N/A,4,0,1
1166,Grav-gun,"<a href=""/wh40k10ed/the-rules/core-rules/#Anti"">anti-vehicle 2+</a>",18,Ranged,2,3,5,-1,1
1166,Grav-pistol,"<a href=""/wh40k10ed/the-rules/core-rules/#Anti"">anti-vehicle 2+</a>, <a href=""/wh40k10ed/the-rules/core-rules/#Pistol"">pistol</a>",12,Ranged,1,3,4,-1,2
1166,Meltagun,"<a href=""/wh40k10ed/the-rules/core-rules/#Melta"">melta 2</a>",12,Ranged,1,3,9,-4,D6
1166,Plasma gun – standard,"<a href=""/wh40k10ed/the-rules/core-rules/#Rapid-Fire"">RAPID FIRE 1</a>",24,Ranged,1,3,7,-2,1
1166,Plasma gun – supercharge,"<a href=""/wh40k10ed/the-rules/core-rules/#Hazardous"">HAZARDOUS</a>, <a href=""/wh40k10ed/the-rules/core-rules/#Rapid-Fire"">RAPID FIRE 1</a>",24,Ranged,1,3,8,-3,2
1166,Plasma pistol – standard,"<a href=""/wh40k10ed/the-rules/core-rules/#Pistol"">PISTOL</a>",12,Ranged,1,3,7,-2,1
1166,Plasma pistol – supercharge,"<a href=""/wh40k10ed/the-rules/core-rules/#Hazardous"">HAZARDOUS</a>, <a href=""/wh40k10ed/the-rules/core-rules/#Pistol"">PISTOL</a>",12,Ranged,1,3,8,-3,2
1166,Storm bolter,"<a href=""/wh40k10ed/the-rules/core-rules/#Rapid-Fire"">rapid fire 2</a>",24,Ranged,2,3,4,0,1
1166,Twin boltgun,"<a href=""/wh40k10ed/the-rules/core-rules/#Twin-linked"">twin-linked</a>",24,Ranged,2,3,4,0,1
1166,Astartes chainsword,,Melee,Melee,4,3,4,-1,1
1166,Power fist,,Melee,Melee,3,3,8,-2,2
1166,Power weapon,,Melee,Melee,3,3,5,-2,2
1166,Thunder hammer,"<a href=""/wh40k10ed/the-rules/core-rules/#Devastating-Wounds"">devastating wounds</a>",Melee,Melee,2,4,8,-2,2
1167,Bolt pistol,"<a href=""/wh40k10ed/the-rules/core-rules/#Pistol"">pistol</a>",12,Ranged,1,3,4,0,1
1167,Twin boltgun,"<a href=""/wh40k10ed/the-rules/core-rules/#Twin-linked"">twin-linked</a>",24,Ranged,2,3,4,0,1
1167,Master-crafted power weapon,"<a href=""/wh40k10ed/the-rules/core-rules/#Precision"">precision</a>",Melee,Melee,4,2,5,-2,2
1168,Assault cannon,"<a href=""/wh40k10ed/the-rules/core-rules/#Devastating-Wounds"">devastating wounds</a>",24,Ranged,6,3,6,0,1
1168,Tempest salvo launcher – frag,"<a href=""/wh40k10ed/the-rules/core-rules/#Blast"">blast</a>",36,Ranged,2D6,3,4,0,1
1168,Tempest salvo launcher – krak,,36,Ranged,2,3,9,-2,D6
1168,Armoured hull,,Melee,Melee,3,4,4,0,1
1169,Assault cannon,"<a href=""/wh40k10ed/the-rules/core-rules/#Devastating-Wounds"">devastating wounds</a>",24,Ranged,6,3,6,0,1
1169,Heavy bolter,"<a href=""/wh40k10ed/the-rules/core-rules/#Sustained-Hits"">sustained hits 1</a>",36,Ranged,3,3,5,-1,2
1169,Heavy flamer,"<a href=""/wh40k10ed/the-rules/core-rules/#Ignores-Cover"">ignores cover</a>, <a href=""/wh40k10ed/the-rules/core-rules/#Torrent"">torrent</a>",12,Ranged,D6,N/A,5,-1,1
1169,Multi-melta,"<a href=""/wh40k10ed/the-rules/core-rules/#Melta"">melta 2</a>",18,Ranged,2,3,9,-4,D6
1169,Close combat weapon,,Melee,Melee,3,3,4,0,1
1172,Boltstorm gauntlet,"<a href=""/wh40k10ed/the-rules/core-rules/#Pistol"">pistol</a>",12,Ranged,3,2,4,-1,1
1172,Master-crafted heavy bolt rifle,"<a href=""/wh40k10ed/the-rules/core-rules/#Assault"">assault</a>, <a href=""/wh40k10ed/the-rules/core-rules/#Heavy"">heavy</a>",30,Ranged,2,2,5,-1,3
1172,Master-crafted power weapon,,Melee,Melee,6,2,5,-2,2
1172,Power fist,,Melee,Melee,5,2,8,-2,2
1172,Relic blade,"<a href=""/wh40k10ed/the-rules/core-rules/#Extra-Attacks"">extra attacks</a>",Melee,Melee,2,2,5,-2,2
1172,Relic chainsword,"<a href=""/wh40k10ed/the-rules/core-rules/#Extra-Attacks"">extra attacks</a>",Melee,Melee,3,2,4,-1,2
1172,Relic fist,"<a href=""/wh40k10ed/the-rules/core-rules/#Extra-Attacks"">extra attacks</a>",Melee,Melee,1,2,8,-2,2
1174,Absolvor bolt pistol,"<a href=""/wh40k10ed/the-rules/core-rules/#Pistol"">Pistol</a>",18,Ranged,1,3,5,-1,2
1174,Crozius arcanum,,Melee,Melee,5,2,6,-1,2
1175,Autocannon,,48,Ranged,2,3,9,-1,3
1175,Combi-weapon,"<a href=""/wh40k10ed/the-rules/core-rules/#Anti"">ANTI-INFANTRY 4+</a>, <a href=""/wh40k10ed/the-rules/core-rules/#Devastating-Wounds"">DEVASTATING WOUNDS</a>, <a href=""/wh40k10ed/the-rules/core-rules/#Rapid-Fire"">RAPID FIRE 1</a>",24,Ranged,1,3,4,0,1
1175,Havoc launcher,"<a href=""/wh40k10ed/the-rules/core-rules/#Blast"">blast</a>",48,Ranged,D6,3,5,0,1
1175,Heavy bolter,"<a href=""/wh40k10ed/the-rules/core-rules/#Sustained-Hits"">SUSTAINED HITS 1</a>",36,Ranged,3,3,5,-1,2
1175,Heavy flamer,"<a href=""/wh40k10ed/the-rules/core-rules/#Ignores-Cover"">IGNORES COVER</a>, <a href=""/wh40k10ed/the-rules/core-rules/#Torrent"">TORRENT</a>",12,Ranged,D6,N/A,5,-1,1
1175,Hunter-killer missile,one shot,48,Ranged,1,2,14,-3,D6
1175,Kratos battle cannon – AP,"<a href=""/wh40k10ed/the-rules/core-rules/#Heavy"">heavy</a>",36,Ranged,1,3,18,-4,D6+3
1175,Kratos battle cannon – HE,"<a href=""/wh40k10ed/the-rules/core-rules/#Blast"">blast</a>",36,Ranged,D6+3,3,10,-1,3
1175,Lascannons,,48,Ranged,1,3,12,-3,D6+1
1175,Melta blast-gun,"<a href=""/wh40k10ed/the-rules/core-rules/#Melta"">melta 2</a>",24,Ranged,4,3,12,-4,D6
1175,Multi-melta,"<a href=""/wh40k10ed/the-rules/core-rules/#Melta"">MELTA 2</a>",18,Ranged,2,3,9,-4,D6
1175,Twin boltgun,"<a href=""/wh40k10ed/the-rules/core-rules/#Twin-linked"">twin-linked</a>",24,Ranged,2,3,4,0,1
1175,Volkite caliver,"<a href=""/wh40k10ed/the-rules/core-rules/#Devastating-Wounds"">devastating wounds</a>",24,Ranged,2,3,5,0,2
1175,Volkite cardanelle,"<a href=""/wh40k10ed/the-rules/core-rules/#Devastating-Wounds"">devastating wounds</a>",36,Ranged,9,3,9,0,3
1175,Volkite culverin,"<a href=""/wh40k10ed/the-rules/core-rules/#Devastating-Wounds"">devastating wounds</a>",36,Ranged,4,3,6,0,2
1175,Armoured tracks,,Melee,Melee,6,4,8,0,1
1177,Bolt pistol,"<a href=""/wh40k10ed/the-rules/core-rules/#Pistol"">pistol</a>",12,Ranged,1,3,4,0,1
1177,Heavy bolt rifle,"<a href=""/wh40k10ed/the-rules/core-rules/#Assault"">assault</a>, <a href=""/wh40k10ed/the-rules/core-rules/#Heavy"">heavy</a>",30,Ranged,2,3,5,-1,2
1177,Heavy bolter,"<a href=""/wh40k10ed/the-rules/core-rules/#Assault"">assault</a>, <a href=""/wh40k10ed/the-rules/core-rules/#Heavy"">heavy</a>, <a href=""/wh40k10ed/the-rules/core-rules/#Sustained-Hits"">sustained hits 1</a>",36,Ranged,3,3,5,-1,2
1177,Close combat weapon,,Melee,Melee,3,3,4,0,1
1178,Hunter-killer missile,one shot,48,Ranged,1,2,14,-3,D6
1178,Laser volley cannon – overcharge fire,"<a href=""/wh40k10ed/the-rules/core-rules/#Hazardous"">hazardous</a>",36,Ranged,3,3,14,-4,D6+3
1178,Laser volley cannon – volley fire,,36,Ranged,3,3,12,-3,D3+3
1178,Storm bolter,"<a href=""/wh40k10ed/the-rules/core-rules/#Rapid-Fire"">rapid fire 2</a>",24,Ranged,2,3,4,0,1
1178,Armoured tracks,,Melee,Melee,3,4,6,0,1
1179,Hellstrike missile battery,"<a href=""/wh40k10ed/the-rules/core-rules/#Anti"">anti-fly 3+</a>",48,Ranged,4,3,10,-3,D6
1179,Twin heavy bolter,"<a href=""/wh40k10ed/the-rules/core-rules/#Sustained-Hits"">sustained hits 1</a>, <a href=""/wh40k10ed/the-rules/core-rules/#Twin-linked"">twin-linked</a>",36,Ranged,3,3,5,-1,2
1179,Twin lascannon,"<a href=""/wh40k10ed/the-rules/core-rules/#Twin-linked"">twin-linked</a>",48,Ranged,1,3,12,-3,D6+1
1179,Armoured hull,,Melee,Melee,9,4,9,0,1
1182,Bolt pistol,"<a href=""/wh40k10ed/the-rules/core-rules/#Pistol"">pistol</a>",12,Ranged,1,3,4,0,1
1182,Boltgun,,24,Ranged,2,3,4,0,1
1182,Combi-weapon,"<a href=""/wh40k10ed/the-rules/core-rules/#Anti"">anti-infantry 4+</a>, <a href=""/wh40k10ed/the-rules/core-rules/#Devastating-Wounds"">devastating wounds</a>, <a href=""/wh40k10ed/the-rules/core-rules/#Rapid-Fire"">rapid fire 1</a>",24,Ranged,1,4,4,0,1
1182,Grav-pistol,"<a href=""/wh40k10ed/the-rules/core-rules/#Anti"">anti-vehicle 2+</a>, <a href=""/wh40k10ed/the-rules/core-rules/#Pistol"">pistol</a>",12,Ranged,1,3,4,-1,2
1182,Plasma pistol – standard,"<a href=""/wh40k10ed/the-rules/core-rules/#Pistol"">pistol</a>",12,Ranged,1,3,7,-2,1
1182,Plasma pistol – supercharge,"<a href=""/wh40k10ed/the-rules/core-rules/#Hazardous"">hazardous</a>, <a href=""/wh40k10ed/the-rules/core-rules/#Pistol"">pistol</a>",12,Ranged,1,3,8,-3,2
1182,Storm bolter,"<a href=""/wh40k10ed/the-rules/core-rules/#Rapid-Fire"">rapid fire 2</a>",24,Ranged,2,3,4,0,1
1182,Twin boltgun,"<a href=""/wh40k10ed/the-rules/core-rules/#Twin-linked"">twin-linked</a>",24,Ranged,2,3,4,0,1
1182,Astartes chainsword,,Melee,Melee,5,3,4,-1,1
1182,Power fist,,Melee,Melee,4,3,8,-2,2
1182,Power weapon,,Melee,Melee,4,3,5,-2,1
1182,Thunder hammer,"<a href=""/wh40k10ed/the-rules/core-rules/#Devastating-Wounds"">devastating wounds</a>",Melee,Melee,3,4,8,-2,2
1183,Assault cannon,"<a href=""/wh40k10ed/the-rules/core-rules/#Devastating-Wounds"">devastating wounds</a>",24,Ranged,6,3,6,0,1
1183,Cyclone missile launcher – frag,"<a href=""/wh40k10ed/the-rules/core-rules/#Blast"">blast</a>",36,Ranged,2D6,3,4,0,1
1183,Cyclone missile launcher – krak,,36,Ranged,2,3,9,-2,D6
1183,Heavy flamer,"<a href=""/wh40k10ed/the-rules/core-rules/#Ignores-Cover"">ignores cover</a>, <a href=""/wh40k10ed/the-rules/core-rules/#Torrent"">torrent</a>",12,Ranged,D6,N/A,5,-1,1
1183,Storm bolter,"<a href=""/wh40k10ed/the-rules/core-rules/#Rapid-Fire"">rapid fire 2</a>",24,Ranged,2,3,4,0,1
1183,Chainfist,"<a href=""/wh40k10ed/the-rules/core-rules/#Anti"">anti-vehicle 3+</a>",Melee,Melee,3,4,8,-2,2
1183,Power fist,,Melee,Melee,3,3,8,-2,2
1183,Power weapon,,Melee,Melee,4,3,5,-2,1
1184,Hunter-killer missile,one shot,48,Ranged,1,2,14,-3,D6
1184,Lascannon,,48,Ranged,1,3,12,-3,D6+1
1184,Multi-melta,"<a href=""/wh40k10ed/the-rules/core-rules/#Melta"">melta 2</a>",18,Ranged,2,3,9,-4,D6
1184,Storm bolter,"<a href=""/wh40k10ed/the-rules/core-rules/#Rapid-Fire"">rapid fire 2</a>",24,Ranged,2,3,4,0,1
1184,Terminus lascannon – standard,"<a href=""/wh40k10ed/the-rules/core-rules/#Twin-linked"">twin-linked</a>",48,Ranged,1,3,12,-3,D6+1
1184,Terminus lascannon – overload,"<a href=""/wh40k10ed/the-rules/core-rules/#Hazardous"">hazardous</a>, <a href=""/wh40k10ed/the-rules/core-rules/#Twin-linked"">twin-linked</a>",48,Ranged,1,3,14,-3,D6+3
1184,Armoured tracks,,Melee,Melee,6,4,8,0,1
1185,Heavy bolter,"<a href=""/wh40k10ed/the-rules/core-rules/#Sustained-Hits"">sustained hits 1</a>",36,Ranged,3,3,5,-1,2
1185,Herakles-pattern autocannon,"<a href=""/wh40k10ed/the-rules/core-rules/#Rapid-Fire"">rapid fire 2</a>",48,Ranged,6,3,9,-1,3
1185,Hunter-killer missile,one shot,48,Ranged,1,2,14,-3,D6
1185,Lascannon,,48,Ranged,1,3,12,-3,D6+1
1185,Storm bolter,"<a href=""/wh40k10ed/the-rules/core-rules/#Rapid-Fire"">rapid fire 2</a>",24,Ranged,2,3,4,0,1
1185,Armoured tracks,,Melee,Melee,6,4,8,0,1
1188,Demolisher cannon,"<a href=""/wh40k10ed/the-rules/core-rules/#Blast"">blast</a>",24,Ranged,D6+3,3,14,-3,D6
1188,Hunter-killer missile,one shot,48,Ranged,1,2,14,-3,D6
1188,Storm bolter,"<a href=""/wh40k10ed/the-rules/core-rules/#Rapid-Fire"">rapid fire 2</a>",24,Ranged,2,3,4,0,1
1188,Armoured tracks,,Melee,Melee,3,4,6,0,1
1189,Heavy bolter,"<a href=""/wh40k10ed/the-rules/core-rules/#Sustained-Hits"">sustained hits 1</a>",36,Ranged,3,3,5,-1,2
1189,Heavy flamer,"<a href=""/wh40k10ed/the-rules/core-rules/#Ignores-Cover"">ignores cover</a>, <a href=""/wh40k10ed/the-rules/core-rules/#Torrent"">torrent</a>",12,Ranged,D6,N/A,5,-1,1
1189,Lascannon,,48,Ranged,1,3,12,-3,D6+1
1189,Siege melta array,"<a href=""/wh40k10ed/the-rules/core-rules/#Melta"">melta 2</a>",24,Ranged,6,3,9,-4,D6
1189,Skyreaper battery,"<a href=""/wh40k10ed/the-rules/core-rules/#Anti"">anti-fly 4+</a>",48,Ranged,8,3,7,-1,2
1189,Volkite culverin,"<a href=""/wh40k10ed/the-rules/core-rules/#Devastating-Wounds"">devastating wounds</a>",36,Ranged,4,3,6,0,2
1189,Armoured tracks,,Melee,Melee,6,4,8,0,1
1190,Skyhammer missile launcher,"<a href=""/wh40k10ed/the-rules/core-rules/#Anti"">anti-fly 2+</a>, <a href=""/wh40k10ed/the-rules/core-rules/#Twin-linked"">twin-linked</a>",48,Ranged,3,3,8,-1,D3
1190,Twin assault cannon,"<a href=""/wh40k10ed/the-rules/core-rules/#Devastating-Wounds"">devastating wounds</a>, <a href=""/wh40k10ed/the-rules/core-rules/#Twin-linked"">twin-linked</a>",24,Ranged,6,3,6,0,1
1190,Twin heavy bolter,"<a href=""/wh40k10ed/the-rules/core-rules/#Sustained-Hits"">sustained hits 1</a>, <a href=""/wh40k10ed/the-rules/core-rules/#Twin-linked"">twin-linked</a>",36,Ranged,3,3,5,-1,2
1190,Twin lascannon,"<a href=""/wh40k10ed/the-rules/core-rules/#Twin-linked"">twin-linked</a>",48,Ranged,1,3,12,-3,D6+1
1190,Typhoon missile launcher – frag,"<a href=""/wh40k10ed/the-rules/core-rules/#Blast"">blast</a>",48,Ranged,2D6,3,4,0,1
1190,Typhoon missile launcher – krak,,48,Ranged,2,3,9,-2,D6
1190,Armoured hull,,Melee,Melee,3,4,6,0,1
1191,Hurricane bolter,"<a href=""/wh40k10ed/the-rules/core-rules/#Rapid-Fire"">rapid fire 6</a>, <a href=""/wh40k10ed/the-rules/core-rules/#Twin-linked"">twin-linked</a>",24,Ranged,6,3,4,0,1
1191,Stormstrike missile launcher,,48,Ranged,1,3,10,-2,3
1191,Twin assault cannon,"<a href=""/wh40k10ed/the-rules/core-rules/#Devastating-Wounds"">devastating wounds</a>, <a href=""/wh40k10ed/the-rules/core-rules/#Twin-linked"">twin-linked</a>",24,Ranged,6,3,6,0,1
1191,Twin heavy bolter,"<a href=""/wh40k10ed/the-rules/core-rules/#Sustained-Hits"">sustained hits 1</a>, <a href=""/wh40k10ed/the-rules/core-rules/#Twin-linked"">twin-linked</a>",36,Ranged,3,3,5,-1,2
1191,Twin heavy plasma cannon – standard,"<a href=""/wh40k10ed/the-rules/core-rules/#Blast"">blast</a>, <a href=""/wh40k10ed/the-rules/core-rules/#Twin-linked"">twin-linked</a>",36,Ranged,D3,3,7,-2,2
1191,Twin heavy plasma cannon – supercharge,"<a href=""/wh40k10ed/the-rules/core-rules/#Blast"">blast</a>, <a href=""/wh40k10ed/the-rules/core-rules/#Hazardous"">hazardous</a>, <a href=""/wh40k10ed/the-rules/core-rules/#Twin-linked"">twin-linked</a>",36,Ranged,D3,3,8,-3,3
1191,Twin lascannon,"<a href=""/wh40k10ed/the-rules/core-rules/#Twin-linked"">twin-linked</a>",48,Ranged,1,3,12,-3,D6+1
1191,Twin multi-melta,"<a href=""/wh40k10ed/the-rules/core-rules/#Melta"">melta 2</a>, <a href=""/wh40k10ed/the-rules/core-rules/#Twin-linked"">twin-linked</a>",18,Ranged,2,3,9,-4,D6
1191,Typhoon missile launcher – frag,"<a href=""/wh40k10ed/the-rules/core-rules/#Blast"">blast</a>",48,Ranged,2D6,3,4,0,1
1191,Typhoon missile launcher – krak,,48,Ranged,2,3,9,-2,D6
1191,Armoured hull,,Melee,Melee,6,4,8,0,1
1192,Assault cannon,"<a href=""/wh40k10ed/the-rules/core-rules/#Devastating-Wounds"">devastating wounds</a>",24,Ranged,6,3,6,0,1
1192,Dreadnought inferno cannon,"<a href=""/wh40k10ed/the-rules/core-rules/#Ignores-Cover"">ignores cover</a>, <a href=""/wh40k10ed/the-rules/core-rules/#Torrent"">torrent</a>",12,Ranged,2D6,N/A,6,-1,1
1192,Heavy flamer,"<a href=""/wh40k10ed/the-rules/core-rules/#Ignores-Cover"">ignores cover</a>, <a href=""/wh40k10ed/the-rules/core-rules/#Torrent"">torrent</a>",12,Ranged,D6,N/A,5,-1,1
1192,Heavy plasma cannon – standard,"<a href=""/wh40k10ed/the-rules/core-rules/#Blast"">blast</a>",36,Ranged,D3,3,7,-2,2
1192,Heavy plasma cannon – supercharge,"<a href=""/wh40k10ed/the-rules/core-rules/#Blast"">blast</a>, <a href=""/wh40k10ed/the-rules/core-rules/#Hazardous"">hazardous</a>",36,Ranged,D3,3,8,-3,3
1192,Multi-melta,"<a href=""/wh40k10ed/the-rules/core-rules/#Melta"">melta 2</a>",18,Ranged,2,3,9,-4,D6
1192,Storm bolter,"<a href=""/wh40k10ed/the-rules/core-rules/#Rapid-Fire"">rapid fire 2</a>",24,Ranged,2,3,4,0,1
1192,Twin lascannon,"<a href=""/wh40k10ed/the-rules/core-rules/#Twin-linked"">twin-linked</a>",48,Ranged,1,3,12,-3,D6+1
1192,Armoured feet,,Melee,Melee,5,3,6,0,1
1192,Dreadnought combat weapon,,Melee,Melee,5,3,12,-2,3
1193,Centurion bolters,"<a href=""/wh40k10ed/the-rules/core-rules/#Rapid-Fire"">rapid fire 3</a>, <a href=""/wh40k10ed/the-rules/core-rules/#Twin-linked"">twin-linked</a>",24,Ranged,3,3,4,0,1
1193,Centurion missile launcher,"<a href=""/wh40k10ed/the-rules/core-rules/#Blast"">blast</a>",36,Ranged,D3,3,9,-2,D3
1193,Grav-cannon,"<a href=""/wh40k10ed/the-rules/core-rules/#Anti"">anti-vehicle 2+</a>",24,Ranged,3,3,6,-1,3
1193,Twin heavy bolter,"<a href=""/wh40k10ed/the-rules/core-rules/#Sustained-Hits"">sustained hits 1</a>, <a href=""/wh40k10ed/the-rules/core-rules/#Twin-linked"">twin-linked</a>",36,Ranged,3,3,5,-1,2
1193,Twin lascannon,"<a href=""/wh40k10ed/the-rules/core-rules/#Twin-linked"">twin-linked</a>",48,Ranged,1,3,12,-3,D6+1
1193,Centurion fists,,Melee,Melee,3,4,5,-1,2
1196,Heavy incinerator,"<a href=""/wh40k10ed/the-rules/core-rules/#Ignores-Cover"">ignores cover</a>, <a href=""/wh40k10ed/the-rules/core-rules/#Torrent"">torrent</a>",18,Ranged,2D6,N/A,6,-1,1
1196,Hunter-killer missile,one shot,48,Ranged,1,2,14,-3,D6
1196,Multi-melta,"<a href=""/wh40k10ed/the-rules/core-rules/#Melta"">melta 2</a>",18,Ranged,2,3,9,-4,D6
1196,Storm bolter,"<a href=""/wh40k10ed/the-rules/core-rules/#Rapid-Fire"">rapid fire 2</a>",24,Ranged,2,3,4,0,1
1196,Twin psycannon,"<a href=""/wh40k10ed/the-rules/core-rules/#Psychic-Weapons-and-Abilities"">psychic</a>, <a href=""/wh40k10ed/the-rules/core-rules/#Sustained-Hits"">sustained hits 1</a>, <a href=""/wh40k10ed/the-rules/core-rules/#Twin-linked"">twin-linked</a>",24,Ranged,3,3,8,-1,2
1196,Armoured tracks,,Melee,Melee,6,4,8,0,1
1197,Hellstrike missile battery,"<a href=""/wh40k10ed/the-rules/core-rules/#Anti"">anti-fly 4+</a>",72,Ranged,4,3,8,-2,3
1197,Lascannon,,48,Ranged,1,3,12,-3,D6+1
1197,Thunderhawk heavy cannon,"<a href=""/wh40k10ed/the-rules/core-rules/#Blast"">blast</a>",48,Ranged,D6+6,3,10,-2,3
1197,Turbo-laser destructor,"<a href=""/wh40k10ed/the-rules/core-rules/#Blast"">blast</a>",96,Ranged,D3+1,3,20,-4,D6+6
1197,Twin heavy bolter,"<a href=""/wh40k10ed/the-rules/core-rules/#Sustained-Hits"">sustained hits 1</a>, <a href=""/wh40k10ed/the-rules/core-rules/#Twin-linked"">twin-linked</a>",36,Ranged,3,3,5,-1,2
1197,Armoured hull,,Melee,Melee,6,4,8,0,1
1199,Heavy flamer,"<a href=""/wh40k10ed/the-rules/core-rules/#Ignores-Cover"">ignores cover</a>, <a href=""/wh40k10ed/the-rules/core-rules/#Torrent"">torrent</a>",12,Ranged,D6,N/A,6,-1,1
1199,Hunter-killer missile,one shot,48,Ranged,1,2,14,-3,D6
1199,Repressor twin heavy flamer,"<a href=""/wh40k10ed/the-rules/core-rules/#Ignores-Cover"">ignores cover</a>, <a href=""/wh40k10ed/the-rules/core-rules/#Torrent"">torrent</a>, <a href=""/wh40k10ed/the-rules/core-rules/#Twin-linked"">twin-linked</a>",12,Ranged,D6,N/A,6,-1,1
1199,Storm bolter,"<a href=""/wh40k10ed/the-rules/core-rules/#Rapid-Fire"">rapid fire 2</a>",24,Ranged,2,3,4,0,1
1199,Dozer ram,,Melee,Melee,3,4,7,0,1
1237,Heavy bolter,"<a href=""/wh40k10ed/the-rules/core-rules/#Sustained-Hits"">sustained hits 1</a>",36,Ranged,3,4,5,-1,2
1237,Hellstrike missile,"<a href=""/wh40k10ed/the-rules/core-rules/#Anti"">anti-fly 2+</a>",48,Ranged,1,4,10,-3,D6
1237,Multiple rocket pod,"<a href=""/wh40k10ed/the-rules/core-rules/#Blast"">blast</a>",36,Ranged,D6,4,6,0,1
1237,Armoured hull,,Melee,Melee,3,4,6,0,1
1248,Lascannon,"<a href=""/wh40k10ed/the-rules/core-rules/#Heavy"">heavy</a>",48,Ranged,1,5,12,-3,D6+1
1248,Missile launcher – frag,"<a href=""/wh40k10ed/the-rules/core-rules/#Blast"">blast</a>, <a href=""/wh40k10ed/the-rules/core-rules/#Heavy"">heavy</a>",48,Ranged,D6,5,4,0,1
1248,Missile launcher – krak,"<a href=""/wh40k10ed/the-rules/core-rules/#Heavy"">heavy</a>",48,Ranged,1,5,9,-2,D6
1249,Laspistol,"<a href=""/wh40k10ed/the-rules/core-rules/#Pistol"">pistol</a>",12,Ranged,2,4,3,0,1
1254,Laspistol,"<a href=""/wh40k10ed/the-rules/core-rules/#Pistol"">pistol</a>",12,Ranged,2,4,3,0,1
1258,Laspistol,"<a href=""/wh40k10ed/the-rules/core-rules/#Pistol"">pistol</a>",12,Ranged,2,4,3,0,1
1259,Laspistol,"<a href=""/wh40k10ed/the-rules/core-rules/#Pistol"">pistol</a>",12,Ranged,2,4,3,0,1
1259,Boltgun,"<a href=""/wh40k10ed/the-rules/core-rules/#Rapid-Fire"">rapid fire 1</a>",24,Ranged,1,4,4,0,1
1293,Impaler harpoon,"<a href=""/wh40k10ed/the-rules/core-rules/#Anti"">anti-monster 2+</a>, <a href=""/wh40k10ed/the-rules/core-rules/#Anti"">anti-vehicle 2+</a>, impaled",12,Ranged,1,3,12,-2,3
1293,Slaughter blade,,Melee,Melee,5,3,12,-3,3
1293,Twin slaughter blade,"<a href=""/wh40k10ed/the-rules/core-rules/#Twin-linked"">twin-linked</a>",Melee,Melee,5,3,12,-3,3
1294,Bile maw,"<a href=""/wh40k10ed/the-rules/core-rules/#Lethal-Hits"">lethal hits</a>",12,Ranged,3,3,5,0,1
1294,Blightreaper cannon,"<a href=""/wh40k10ed/the-rules/core-rules/#Lethal-Hits"">lethal hits</a>",36,Ranged,6,3,8,-2,2
1294,Greater plague probe,"<a href=""/wh40k10ed/the-rules/core-rules/#Lethal-Hits"">lethal hits</a>",Melee,Melee,4,3,6,-1,1
1295,Decimator butcher cannon,,36,Ranged,4,3,9,-1,2
1295,Decimator conversion beamer,"conversion, <a href=""/wh40k10ed/the-rules/core-rules/#Sustained-Hits"">sustained hits d3</a>",24,Ranged,1,3,7,-1,3
1295,Hellflamer,"<a href=""/wh40k10ed/the-rules/core-rules/#Anti"">anti-infantry 4+</a>, <a href=""/wh40k10ed/the-rules/core-rules/#Ignores-Cover"">ignores cover</a>, <a href=""/wh40k10ed/the-rules/core-rules/#Torrent"">torrent</a>",12,Ranged,D6,N/A,5,-1,1
1295,Soulburner petard,"<a href=""/wh40k10ed/the-rules/core-rules/#Anti"">anti-infantry 3+</a>, <a href=""/wh40k10ed/the-rules/core-rules/#Devastating-Wounds"">devastating wounds</a>, <a href=""/wh40k10ed/the-rules/core-rules/#Hazardous"">hazardous</a>",24,Ranged,4,3,2,0,1
1295,Storm laser,"<a href=""/wh40k10ed/the-rules/core-rules/#Sustained-Hits"">sustained hits 1</a>",36,Ranged,8,3,6,-1,1
1295,Armoured feet,,Melee,Melee,5,3,6,0,1
1295,Decimator claw,,Melee,Melee,5,3,14,-3,3
1295,Twin Decimator claws,"<a href=""/wh40k10ed/the-rules/core-rules/#Twin-linked"">twin-linked</a>",Melee,Melee,5,3,14,-3,3
1297,Kytan gatling cannon,,36,Ranged,18,3,6,-2,2
1297,Kytan cleaver – strike,,Melee,Melee,4,3,14,-4,6
1297,Kytan cleaver – sweep,,Melee,Melee,12,3,9,-3,2
1298,Demolisher cannon,"<a href=""/wh40k10ed/the-rules/core-rules/#Blast"">blast</a>",24,Ranged,D6+3,3,14,-3,D6
1298,Hellmaw flame cannons,"<a href=""/wh40k10ed/the-rules/core-rules/#Ignores-Cover"">ignores cover</a>, <a href=""/wh40k10ed/the-rules/core-rules/#Torrent"">torrent</a>",12,Ranged,2D6,N/A,8,-1,1
1298,Scorpion cannon,"<a href=""/wh40k10ed/the-rules/core-rules/#Sustained-Hits"">sustained hits 1</a>",36,Ranged,15,3,5,-1,2
1298,Hellcrusher claws – strike,,Melee,Melee,6,3,14,-3,6
1298,Hellcrusher claws – sweep,,Melee,Melee,18,3,8,-2,2
1302,Combi-bolter,"<a href=""/wh40k10ed/the-rules/core-rules/#Rapid-Fire"">rapid fire 2</a>",24,Ranged,2,3,4,0,1
1302,Conversion beam cannon,"conversion, <a href=""/wh40k10ed/the-rules/core-rules/#Sustained-Hits"">sustained hits d3</a>",24,Ranged,1,3,7,-1,3
1302,Heavy bolter,"<a href=""/wh40k10ed/the-rules/core-rules/#Sustained-Hits"">sustained hits 1</a>",36,Ranged,3,3,5,-1,2
1302,Heavy flamer,"<a href=""/wh40k10ed/the-rules/core-rules/#Ignores-Cover"">ignores cover</a>, <a href=""/wh40k10ed/the-rules/core-rules/#Torrent"">torrent</a>",12,Ranged,D6,N/A,5,-1,1
1302,Hunter-killer missile,one shot,48,Ranged,1,2,14,-3,D6
1302,Infernus cannon,"<a href=""/wh40k10ed/the-rules/core-rules/#Torrent"">torrent</a>, <a href=""/wh40k10ed/the-rules/core-rules/#Ignores-Cover"">ignores cover</a>",12,Ranged,2D6,N/A,6,-1,1
1302,Lascannon,,48,Ranged,1,3,12,-3,D6+1
1302,Magna-melta cannon,"<a href=""/wh40k10ed/the-rules/core-rules/#Melta"">melta 4</a>",18,Ranged,2,3,12,-4,D6
1302,Plasma destroyer – standard,"<a href=""/wh40k10ed/the-rules/core-rules/#Blast"">blast</a>",36,Ranged,D3,3,8,-2,2
1302,Plasma destroyer – supercharge,"<a href=""/wh40k10ed/the-rules/core-rules/#Blast"">blast</a>, <a href=""/wh40k10ed/the-rules/core-rules/#Hazardous"">hazardous</a>",36,Ranged,D3,3,9,-3,3
1302,Armoured tracks,,Melee,Melee,3,4,6,0,1
1310,Blade struts,,Melee,Melee,8,4,6,-2,1
1311,Kharybdis storm launcher – frag,"<a href=""/wh40k10ed/the-rules/core-rules/#Blast"">blast</a>",36,Ranged,2D6,3,4,0,1
1311,Kharybdis storm launcher – krak,,36,Ranged,2,3,9,-2,D6
1311,Blade struts,,Melee,Melee,12,4,8,-2,1
1311,Melta array,"<a href=""/wh40k10ed/the-rules/core-rules/#Extra-Attacks"">extra attacks</a>",Melee,Melee,1,4,12,-4,D6+2
1317,Twin autocannon,"<a href=""/wh40k10ed/the-rules/core-rules/#Twin-linked"">twin-linked</a>",48,Ranged,2,3,9,-3,3
1317,Twin lascannon,"<a href=""/wh40k10ed/the-rules/core-rules/#Twin-linked"">twin-linked</a>",48,Ranged,1,3,12,-3,D6+1
1317,Armoured hull,,Melee,Melee,3,4,6,0,1
1318,Autocannon,,48,Ranged,2,3,9,-1,3
1318,Havoc launcher,"<a href=""/wh40k10ed/the-rules/core-rules/#Blast"">blast</a>",48,Ranged,D6,3,5,0,1
1318,Twin lascannon,"<a href=""/wh40k10ed/the-rules/core-rules/#Twin-linked"">twin-linked</a>",48,Ranged,1,3,12,-3,D6+1
1318,Armoured hull,,Melee,Melee,6,4,6,0,1
1321,Hellstrike missile battery,"<a href=""/wh40k10ed/the-rules/core-rules/#Anti"">anti-fly 4+</a>",72,Ranged,4,3,8,-2,3
1321,Lascannon,,48,Ranged,1,3,12,-3,D6+1
1321,Thunderhawk heavy cannon,"<a href=""/wh40k10ed/the-rules/core-rules/#Blast"">blast</a>",48,Ranged,D6+6,3,10,-2,3
1321,Turbo-laser destructor,"<a href=""/wh40k10ed/the-rules/core-rules/#Blast"">blast</a>",96,Ranged,D3+1,3,20,-4,D6+6
1321,Twin heavy bolter,"<a href=""/wh40k10ed/the-rules/core-rules/#Sustained-Hits"">sustained hits 1</a>, <a href=""/wh40k10ed/the-rules/core-rules/#Twin-linked"">twin-linked</a>",36,Ranged,3,3,5,-1,2
1321,Armoured hull,,Melee,Melee,6,4,8,0,1
1329,Bloodlash,,12,Ranged,9,2,8,0,2
1329,Axe of Khorne – strike,,Melee,Melee,8,2,16,-4,D6+2
1329,Axe of Khorne – sweep,,Melee,Melee,16,2,10,-2,2
1332,Phantasmagoria – focused witchfire,"<a href=""/wh40k10ed/the-rules/core-rules/#Devastating-Wounds"">devastating wounds</a>, <a href=""/wh40k10ed/the-rules/core-rules/#Hazardous"">hazardous</a>, <a href=""/wh40k10ed/the-rules/core-rules/#Psychic-Weapons-and-Abilities"">psychic</a>",18,Ranged,9,2,6,-2,1
1332,Phantasmagoria – witchfire,"<a href=""/wh40k10ed/the-rules/core-rules/#Devastating-Wounds"">devastating wounds</a>, <a href=""/wh40k10ed/the-rules/core-rules/#Psychic-Weapons-and-Abilities"">psychic</a>",18,Ranged,6,2,6,-2,1
1332,Snapping claws,"<a href=""/wh40k10ed/the-rules/core-rules/#Devastating-Wounds"">devastating wounds</a>, <a href=""/wh40k10ed/the-rules/core-rules/#Extra-Attacks"">extra attacks</a>",Melee,Melee,4,2,6,-2,3
1332,Souleater blade,,Melee,Melee,6,2,9,-2,3
1333,Bolt of Tzeentch – focused witchfire,"<a href=""/wh40k10ed/the-rules/core-rules/#Hazardous"">hazardous</a>, <a href=""/wh40k10ed/the-rules/core-rules/#Psychic-Weapons-and-Abilities"">psychic</a>",24,Ranged,9,2,10,-2,D3
1333,Bolt of Tzeentch – witchfire,"<a href=""/wh40k10ed/the-rules/core-rules/#Psychic-Weapons-and-Abilities"">psychic</a>",24,Ranged,9,2,10,-1,1
1333,Staff of cataclysm,"<a href=""/wh40k10ed/the-rules/core-rules/#Psychic-Weapons-and-Abilities"">psychic</a>",Melee,Melee,6,3,8,-2,3
1333,Warpfire talons,"<a href=""/wh40k10ed/the-rules/core-rules/#Psychic-Weapons-and-Abilities"">psychic</a>",Melee,Melee,12,3,4,-1,1
1336,Grasping tongue,"<a href=""/wh40k10ed/the-rules/core-rules/#Lethal-Hits"">lethal hits</a>",9,Ranged,D3,4,5,0,1
1336,Yawning maw,"<a href=""/wh40k10ed/the-rules/core-rules/#Lethal-Hits"">lethal hits</a>",Melee,Melee,3,3,6,-1,2
1337,Grasping tongue,"<a href=""/wh40k10ed/the-rules/core-rules/#Lethal-Hits"">lethal hits</a>",9,Ranged,D3,4,5,0,1
1337,Pox Rider plaguesword,"<a href=""/wh40k10ed/the-rules/core-rules/#Extra-Attacks"">extra attacks</a>, <a href=""/wh40k10ed/the-rules/core-rules/#Lethal-Hits"">lethal hits</a>",Melee,Melee,2,3,4,-1,1
1337,Yawning maw,"<a href=""/wh40k10ed/the-rules/core-rules/#Lethal-Hits"">lethal hits</a>",Melee,Melee,3,3,6,-1,2
1338,Jagged claws and tusked maw,,Melee,Melee,6,3,12,-2,3
1339,Churning fangs and claws,,Melee,Melee,D6+6,3,10,-1,2
1340,Putrid vomit,"<a href=""/wh40k10ed/the-rules/core-rules/#Ignores-Cover"">ignores cover</a>, <a href=""/wh40k10ed/the-rules/core-rules/#Torrent"">torrent</a>",6,Ranged,D6+3,N/A,5,-2,1
1340,Blade of decay – Strike,"<a href=""/wh40k10ed/the-rules/core-rules/#Lethal-Hits"">lethal hits</a>",Melee,Melee,7,2,9,-2,D6
1340,Blade of decay – Sweep,"<a href=""/wh40k10ed/the-rules/core-rules/#Lethal-Hits"">lethal hits</a>",Melee,Melee,14,2,7,-1,1
1344,Bolt pistol,"<a href=""/wh40k10ed/the-rules/core-rules/#Pistol"">pistol</a>",12,Ranged,1,3,4,0,1
1344,Boltgun,,24,Ranged,2,3,4,0,1
1344,Combi-weapon,"<a href=""/wh40k10ed/the-rules/core-rules/#Anti"">anti-infantry 4+</a>, <a href=""/wh40k10ed/the-rules/core-rules/#Devastating-Wounds"">devastating wounds</a>, <a href=""/wh40k10ed/the-rules/core-rules/#Rapid-Fire"">rapid fire 1</a>",24,Ranged,1,4,4,0,1
1344,Grav-pistol,"<a href=""/wh40k10ed/the-rules/core-rules/#Anti"">anti-vehicle 2+</a>, <a href=""/wh40k10ed/the-rules/core-rules/#Pistol"">pistol</a>",12,Ranged,1,3,4,-1,2
1344,Hand flamer,"<a href=""/wh40k10ed/the-rules/core-rules/#Ignores-Cover"">ignores cover</a>, <a href=""/wh40k10ed/the-rules/core-rules/#Pistol"">pistol</a>, <a href=""/wh40k10ed/the-rules/core-rules/#Torrent"">torrent</a>",12,Ranged,D6,N/A,3,0,1
1344,Inferno pistol,"<a href=""/wh40k10ed/the-rules/core-rules/#Melta"">melta 2</a>, <a href=""/wh40k10ed/the-rules/core-rules/#Pistol"">pistol</a>",6,Ranged,1,3,8,-4,D3
1344,Plasma pistol – standard,"<a href=""/wh40k10ed/the-rules/core-rules/#Pistol"">pistol</a>",12,Ranged,1,3,7,-2,1
1344,Plasma pistol – supercharge,"<a href=""/wh40k10ed/the-rules/core-rules/#Hazardous"">hazardous</a>, <a href=""/wh40k10ed/the-rules/core-rules/#Pistol"">pistol</a>",12,Ranged,1,3,8,-3,2
1344,Smite – witchfire,"<a href=""/wh40k10ed/the-rules/core-rules/#Psychic-Weapons-and-Abilities"">psychic</a>",24,Ranged,D6,3,5,-1,D3
1344,Smite – focused witchfire,"<a href=""/wh40k10ed/the-rules/core-rules/#Devastating-Wounds"">devastating wounds</a>, <a href=""/wh40k10ed/the-rules/core-rules/#Hazardous"">hazardous</a>, <a href=""/wh40k10ed/the-rules/core-rules/#Psychic-Weapons-and-Abilities"">psychic</a>",24,Ranged,D6,3,6,-2,D3
1344,Storm bolter,"<a href=""/wh40k10ed/the-rules/core-rules/#Rapid-Fire"">rapid fire 2</a>",24,Ranged,2,3,4,0,1
1344,Force weapon,"<a href=""/wh40k10ed/the-rules/core-rules/#Psychic-Weapons-and-Abilities"">psychic</a>",Melee,Melee,4,3,6,-1,D3
1345,Master-crafted special issue bolt pistol,"<a href=""/wh40k10ed/the-rules/core-rules/#Pistol"">pistol</a>, <a href=""/wh40k10ed/the-rules/core-rules/#Precision"">precision</a>",12,Ranged,1,2,4,-1,2
1345,Combat knife,"<a href=""/wh40k10ed/the-rules/core-rules/#Precision"">precision</a>",Melee,Melee,6,2,4,-1,1
1346,Bolt pistol,"<a href=""/wh40k10ed/the-rules/core-rules/#Pistol"">pistol</a>",12,Ranged,1,2,4,0,1
1346,Heavy bolt pistol,"<a href=""/wh40k10ed/the-rules/core-rules/#Pistol"">pistol</a>",18,Ranged,1,3,4,-1,1
1346,Master-crafted bolter,,24,Ranged,2,2,4,-1,2
1346,Neo-volkite pistol,"<a href=""/wh40k10ed/the-rules/core-rules/#Devastating-Wounds"">DEVASTATING WOUNDS</a>, <a href=""/wh40k10ed/the-rules/core-rules/#Pistol"">PISTOL</a>",12,Ranged,1,2,5,0,2
1346,Plasma pistol – standard,"<a href=""/wh40k10ed/the-rules/core-rules/#Pistol"">pistol</a>",12,Ranged,1,2,7,-2,1
1346,Plasma pistol – supercharge,"<a href=""/wh40k10ed/the-rules/core-rules/#Hazardous"">hazardous</a>, <a href=""/wh40k10ed/the-rules/core-rules/#Pistol"">pistol</a>",12,Ranged,1,2,8,-3,2
1346,Close combat weapon,,Melee,Melee,5,2,4,0,1
1346,Master-crafted power weapon,,Melee,Melee,5,2,5,-2,2
1346,Power fist,,Melee,Melee,4,2,8,-2,2
1347,Hunter-killer missile,one shot,48,Ranged,1,2,14,-3,D6
1347,Multi-melta,"<a href=""/wh40k10ed/the-rules/core-rules/#Melta"">melta 2</a>",18,Ranged,2,3,9,-4,D6
1347,Quad heavy bolter,"<a href=""/wh40k10ed/the-rules/core-rules/#Sustained-Hits"">sustained hits 1</a>, <a href=""/wh40k10ed/the-rules/core-rules/#Twin-linked"">twin-linked</a>",36,Ranged,6,3,5,-1,2
1347,Storm bolter,"<a href=""/wh40k10ed/the-rules/core-rules/#Rapid-Fire"">rapid fire 2</a>",24,Ranged,2,3,4,0,1
1347,Armoured tracks,,Melee,Melee,6,4,8,0,1
1348,Bolt pistol,"<a href=""/wh40k10ed/the-rules/core-rules/#Pistol"">pistol</a>",12,Ranged,1,3,4,0,1
1348,Boltgun,,24,Ranged,2,3,4,0,1
1348,Combi-weapon,"<a href=""/wh40k10ed/the-rules/core-rules/#Anti"">anti-infantry 4+</a>, <a href=""/wh40k10ed/the-rules/core-rules/#Devastating-Wounds"">devastating wounds</a>, <a href=""/wh40k10ed/the-rules/core-rules/#Rapid-Fire"">rapid fire 1</a>",24,Ranged,1,4,4,0,1
1348,Grav-pistol,"<a href=""/wh40k10ed/the-rules/core-rules/#Anti"">anti-vehicle 2+</a>, <a href=""/wh40k10ed/the-rules/core-rules/#Pistol"">pistol</a>",12,Ranged,1,3,4,-1,2
1348,Plasma pistol – standard,"<a href=""/wh40k10ed/the-rules/core-rules/#Pistol"">pistol</a>",12,Ranged,1,3,7,-2,1
1348,Plasma pistol – supercharge,"<a href=""/wh40k10ed/the-rules/core-rules/#Hazardous"">hazardous</a>, <a href=""/wh40k10ed/the-rules/core-rules/#Pistol"">pistol</a>",12,Ranged,1,3,8,-3,2
1348,Smite – focused witchfire,"<a href=""/wh40k10ed/the-rules/core-rules/#Devastating-Wounds"">devastating wounds</a>, <a href=""/wh40k10ed/the-rules/core-rules/#Hazardous"">hazardous</a>, <a href=""/wh40k10ed/the-rules/core-rules/#Psychic-Weapons-and-Abilities"">psychic</a>",24,Ranged,D6,3,6,-2,D3
1348,Smite – witchfire,"<a href=""/wh40k10ed/the-rules/core-rules/#Psychic-Weapons-and-Abilities"">psychic</a>",24,Ranged,D6,3,5,-1,D3
1348,Storm bolter,"<a href=""/wh40k10ed/the-rules/core-rules/#Rapid-Fire"">rapid fire 2</a>",24,Ranged,2,3,4,0,1
1348,Twin boltgun,"<a href=""/wh40k10ed/the-rules/core-rules/#Twin-linked"">twin-linked</a>",24,Ranged,2,3,4,0,1
1348,Force weapon,"<a href=""/wh40k10ed/the-rules/core-rules/#Psychic-Weapons-and-Abilities"">psychic</a>",Melee,Melee,4,3,6,-1,D3
1355,Bolt pistol,"<a href=""/wh40k10ed/the-rules/core-rules/#Pistol"">pistol</a>",12,Ranged,1,2,4,0,1
1355,Combi-weapon,"<a href=""/wh40k10ed/the-rules/core-rules/#Anti"">anti-infantry 4+</a>, <a href=""/wh40k10ed/the-rules/core-rules/#Devastating-Wounds"">devastating wounds</a>, <a href=""/wh40k10ed/the-rules/core-rules/#Rapid-Fire"">rapid fire 1</a>",24,Ranged,1,4,4,0,1
1355,Exalted weapon,,Melee,Melee,5,2,5,-2,2
1360,Fragstorm grenade launcher,"<a href=""/wh40k10ed/the-rules/core-rules/#Blast"">blast</a>",18,Ranged,D6,3,4,0,1
1360,Gatling psilencer,"<a href=""/wh40k10ed/the-rules/core-rules/#Psychic-Weapons-and-Abilities"">psychic</a>, <a href=""/wh40k10ed/the-rules/core-rules/#Sustained-Hits"">sustained hits 1</a>",24,Ranged,12,3,6,0,1
1360,Heavy incinerator,"<a href=""/wh40k10ed/the-rules/core-rules/#Ignores-Cover"">ignores cover</a>, <a href=""/wh40k10ed/the-rules/core-rules/#Torrent"">torrent</a>",18,Ranged,2D6,N/A,6,-1,1
1360,Heavy psycannon,"<a href=""/wh40k10ed/the-rules/core-rules/#Ignores-Cover"">ignores cover</a>, <a href=""/wh40k10ed/the-rules/core-rules/#Psychic-Weapons-and-Abilities"">psychic</a>",24,Ranged,6,3,10,-2,3
1360,Sublimator,"<a href=""/wh40k10ed/the-rules/core-rules/#Melta"">melta 4</a>, <a href=""/wh40k10ed/the-rules/core-rules/#Psychic-Weapons-and-Abilities"">psychic</a>, <a href=""/wh40k10ed/the-rules/core-rules/#Twin-linked"">twin-linked</a>",18,Ranged,2,3,9,-4,D6
1360,Dreadfists,,Melee,Melee,6,2,6,-1,1
1360,Nemesis daemon greathammer,"<a href=""/wh40k10ed/the-rules/core-rules/#Psychic-Weapons-and-Abilities"">psychic</a>",Melee,Melee,5,3,14,-3,D6+1
1360,Nemesis flail,"<a href=""/wh40k10ed/the-rules/core-rules/#Psychic-Weapons-and-Abilities"">psychic</a>",Melee,Melee,10,2,5,-1,2
1360,Nemesis greatsword – strike,"<a href=""/wh40k10ed/the-rules/core-rules/#Psychic-Weapons-and-Abilities"">psychic</a>",Melee,Melee,5,2,10,-2,D6
1360,Nemesis greatsword – sweep,"<a href=""/wh40k10ed/the-rules/core-rules/#Psychic-Weapons-and-Abilities"">psychic</a>",Melee,Melee,10,2,5,-1,1
1360,Nemesis mace,"<a href=""/wh40k10ed/the-rules/core-rules/#Anti"">anti-character 2+</a>, <a href=""/wh40k10ed/the-rules/core-rules/#Precision"">precision</a>, <a href=""/wh40k10ed/the-rules/core-rules/#Psychic-Weapons-and-Abilities"">psychic</a>",Melee,Melee,5,2,6,-3,3
1361,Combi-weapon,"<a href=""/wh40k10ed/the-rules/core-rules/#Anti"">anti-infantry 4+</a>, <a href=""/wh40k10ed/the-rules/core-rules/#Devastating-Wounds"">devastating wounds</a>, <a href=""/wh40k10ed/the-rules/core-rules/#Rapid-Fire"">rapid fire 1</a>",24,Ranged,1,4,4,0,1
1361,Storm bolter,"<a href=""/wh40k10ed/the-rules/core-rules/#Rapid-Fire"">rapid fire 2</a>",24,Ranged,2,3,4,0,1
1361,Vortex of Doom,"<a href=""/wh40k10ed/the-rules/core-rules/#Blast"">blast</a>, <a href=""/wh40k10ed/the-rules/core-rules/#Psychic-Weapons-and-Abilities"">psychic</a>",18,Ranged,D6+3,3,8,-2,2
1361,Nemesis force weapon,"<a href=""/wh40k10ed/the-rules/core-rules/#Psychic-Weapons-and-Abilities"">psychic</a>",Melee,Melee,4,2,6,-1,2
1362,Storm bolter,"<a href=""/wh40k10ed/the-rules/core-rules/#Rapid-Fire"">rapid fire 2</a>",24,Ranged,2,3,4,0,1
1362,Crozius arcanum,,Melee,Melee,5,2,6,-1,2
1363,Icarus stormcannon,"<a href=""/wh40k10ed/the-rules/core-rules/#Anti"">anti-fly 2+</a>",48,Ranged,6,3,7,-1,2
1363,Las-talon,,36,Ranged,2,3,10,-3,D6+1
1363,Skyhammer missile launcher,"<a href=""/wh40k10ed/the-rules/core-rules/#Anti"">anti-fly 2+</a>",48,Ranged,3,3,8,-1,D3
1363,Twin assault cannon,"<a href=""/wh40k10ed/the-rules/core-rules/#Devastating-Wounds"">devastating wounds</a>, <a href=""/wh40k10ed/the-rules/core-rules/#Twin-linked"">twin-linked</a>",24,Ranged,6,3,6,0,1
1363,Twin heavy bolter,"<a href=""/wh40k10ed/the-rules/core-rules/#Sustained-Hits"">sustained hits 1</a>, <a href=""/wh40k10ed/the-rules/core-rules/#Twin-linked"">twin-linked</a>",36,Ranged,3,3,5,-1,2
1363,Typhoon missile launcher – frag,"<a href=""/wh40k10ed/the-rules/core-rules/#Blast"">blast</a>",48,Ranged,2D6,3,4,0,1
1363,Typhoon missile launcher – krak,,48,Ranged,2,3,9,-2,D6
1363,Armoured hull,,Melee,Melee,3,4,6,0,1
1364,Skyhammer missile launcher,"<a href=""/wh40k10ed/the-rules/core-rules/#Anti"">anti-fly 2+</a>",48,Ranged,3,3,8,-1,D3
1364,Twin assault cannon,"<a href=""/wh40k10ed/the-rules/core-rules/#Devastating-Wounds"">devastating wounds</a>, <a href=""/wh40k10ed/the-rules/core-rules/#Twin-linked"">twin-linked</a>",24,Ranged,6,3,6,0,1
1364,Twin heavy bolter,"<a href=""/wh40k10ed/the-rules/core-rules/#Sustained-Hits"">sustained hits 1</a>, <a href=""/wh40k10ed/the-rules/core-rules/#Twin-linked"">twin-linked</a>",36,Ranged,3,3,5,-1,2
1364,Twin lascannon,"<a href=""/wh40k10ed/the-rules/core-rules/#Twin-linked"">twin-linked</a>",48,Ranged,1,3,12,-3,D6+1
1364,Typhoon missile launcher – frag,"<a href=""/wh40k10ed/the-rules/core-rules/#Blast"">blast</a>",48,Ranged,2D6,3,4,0,1
1364,Typhoon missile launcher – krak,,48,Ranged,2,3,9,-2,D6
1364,Armoured hull,,Melee,Melee,3,4,6,0,1
1367,Plague sprayer,"<a href=""/wh40k10ed/the-rules/core-rules/#Anti"">anti-infantry 2+</a>, <a href=""/wh40k10ed/the-rules/core-rules/#Ignores-Cover"">ignores cover</a>, <a href=""/wh40k10ed/the-rules/core-rules/#Torrent"">torrent</a>",12,Ranged,D6,N/A,7,-2,2
1367,Close combat weapon,,Melee,Melee,4,3,4,0,1
1368,Hyper blight grenades,"<a href=""/wh40k10ed/the-rules/core-rules/#Assault"">assault</a>, <a href=""/wh40k10ed/the-rules/core-rules/#Blast"">blast</a>, <a href=""/wh40k10ed/the-rules/core-rules/#Lethal-Hits"">lethal hits</a>",12,Ranged,D6,3,7,-1,2
1368,Injector pistol,"<a href=""/wh40k10ed/the-rules/core-rules/#Anti"">anti-infantry 2+</a>, <a href=""/wh40k10ed/the-rules/core-rules/#Pistol"">pistol</a>, <a href=""/wh40k10ed/the-rules/core-rules/#Precision"">precision</a>",3,Ranged,1,3,4,-1,3
1368,Plague knives,"<a href=""/wh40k10ed/the-rules/core-rules/#Lethal-Hits"">lethal hits</a>",Melee,Melee,4,3,4,0,1
1369,Bolt pistol,"<a href=""/wh40k10ed/the-rules/core-rules/#Lethal-Hits"">lethal hits</a>, <a href=""/wh40k10ed/the-rules/core-rules/#Pistol"">pistol</a>",12,Ranged,1,3,4,0,1
1369,Balesword,"<a href=""/wh40k10ed/the-rules/core-rules/#Lethal-Hits"">lethal hits</a>",Melee,Melee,4,3,5,-2,2
1370,Plasma pistol – standard,"<a href=""/wh40k10ed/the-rules/core-rules/#Pistol"">pistol</a>",12,Ranged,1,3,7,-2,1
1370,Plasma pistol – supercharge,"<a href=""/wh40k10ed/the-rules/core-rules/#Hazardous"">hazardous</a>, <a href=""/wh40k10ed/the-rules/core-rules/#Pistol"">pistol</a>",12,Ranged,1,3,8,-3,2
1370,Close combat weapon,,Melee,Melee,4,3,4,0,1
1371,Plaguespurt gauntlet,"<a href=""/wh40k10ed/the-rules/core-rules/#Anti"">anti-infantry 4+</a>, <a href=""/wh40k10ed/the-rules/core-rules/#Ignores-Cover"">ignores cover</a>, <a href=""/wh40k10ed/the-rules/core-rules/#Pistol"">pistol</a>, <a href=""/wh40k10ed/the-rules/core-rules/#Torrent"">torrent</a>",12,Ranged,D6,N/A,3,0,1
1371,Manreaper – strike,"<a href=""/wh40k10ed/the-rules/core-rules/#Lethal-Hits"">lethal hits</a>",Melee,Melee,4,2,8,-2,2
1371,Manreaper – sweep,"<a href=""/wh40k10ed/the-rules/core-rules/#Lethal-Hits"">lethal hits</a>",Melee,Melee,8,3,4,-1,1
1372,Blight launcher,"<a href=""/wh40k10ed/the-rules/core-rules/#Blast"">blast</a>, <a href=""/wh40k10ed/the-rules/core-rules/#Lethal-Hits"">lethal hits</a>",24,Ranged,D3,3,6,-1,2
1372,Сombi-bolter,"<a href=""/wh40k10ed/the-rules/core-rules/#Lethal-Hits"">lethal hits</a>, <a href=""/wh40k10ed/the-rules/core-rules/#Rapid-Fire"">rapid fire 2</a>",24,Ranged,2,3,4,0,1
1372,Combi-weapon,"<a href=""/wh40k10ed/the-rules/core-rules/#Anti"">anti-infantry 4+</a>, <a href=""/wh40k10ed/the-rules/core-rules/#Devastating-Wounds"">devastating wounds</a>, <a href=""/wh40k10ed/the-rules/core-rules/#Rapid-Fire"">rapid fire 1</a>",24,Ranged,1,4,4,0,1
1372,Plague spewer,"<a href=""/wh40k10ed/the-rules/core-rules/#Anti"">anti-infantry 2+</a>, <a href=""/wh40k10ed/the-rules/core-rules/#Ignores-Cover"">ignores cover</a>, <a href=""/wh40k10ed/the-rules/core-rules/#Torrent"">torrent</a>",12,Ranged,D6,N/A,5,-1,1
1372,Reaper autocannon,"<a href=""/wh40k10ed/the-rules/core-rules/#Devastating-Wounds"">devastating wounds</a>, <a href=""/wh40k10ed/the-rules/core-rules/#Sustained-Hits"">sustained hits 1</a>",36,Ranged,4,3,7,-1,1
1372,Bubotic blade,"<a href=""/wh40k10ed/the-rules/core-rules/#Lethal-Hits"">lethal hits</a>",Melee,Melee,3,3,5,-2,2
1372,Close combat weapon,,Melee,Melee,3,3,4,0,1
1372,Flail of corruption,"<a href=""/wh40k10ed/the-rules/core-rules/#Lethal-Hits"">lethal hits</a>",Melee,Melee,6,3,5,-1,2
1374,Bile spurt,"<a href=""/wh40k10ed/the-rules/core-rules/#Lethal-Hits"">lethal hits</a>",12,Ranged,3,3,5,0,1
1374,Missile launcher – frag,"<a href=""/wh40k10ed/the-rules/core-rules/#Blast"">blast</a>",48,Ranged,D6,3,4,0,1
1374,Missile launcher – krak,,48,Ranged,1,3,9,-2,D6
1374,Multi-melta,"<a href=""/wh40k10ed/the-rules/core-rules/#Melta"">melta 2</a>, <a href=""/wh40k10ed/the-rules/core-rules/#Lethal-Hits"">lethal hits</a>",18,Ranged,2,3,9,-4,D6
1374,Gnashing maw,"<a href=""/wh40k10ed/the-rules/core-rules/#Lethal-Hits"">lethal hits</a>",Melee,Melee,4,3,6,-1,1
1376,Entropy cannon,"<a href=""/wh40k10ed/the-rules/core-rules/#Lethal-Hits"">lethal hits</a>",36,Ranged,1,3,10,-3,D6+1
1376,Heavy slugger,"<a href=""/wh40k10ed/the-rules/core-rules/#Lethal-Hits"">lethal hits</a>",36,Ranged,4,3,5,-1,1
1376,Plagueburst mortar,"<a href=""/wh40k10ed/the-rules/core-rules/#Blast"">blast</a>, <a href=""/wh40k10ed/the-rules/core-rules/#Indirect-Fire"">indirect fire</a>, <a href=""/wh40k10ed/the-rules/core-rules/#Lethal-Hits"">lethal hits</a>",48,Ranged,D6+3,3,8,-1,2
1376,Plaguespitter,"<a href=""/wh40k10ed/the-rules/core-rules/#Anti"">anti-infantry 2+</a>, <a href=""/wh40k10ed/the-rules/core-rules/#Ignores-Cover"">ignores cover</a>, <a href=""/wh40k10ed/the-rules/core-rules/#Torrent"">torrent</a>",12,Ranged,D6,N/A,6,-1,1
1376,Rothail volley gun,"<a href=""/wh40k10ed/the-rules/core-rules/#Lethal-Hits"">lethal hits</a>, <a href=""/wh40k10ed/the-rules/core-rules/#Rapid-Fire"">rapid fire 3</a>",36,Ranged,3,3,5,0,1
1376,Armoured tracks,,Melee,Melee,3,4,6,0,1
1377,Lantern,"<a href=""/wh40k10ed/the-rules/core-rules/#Pistol"">pistol</a>, <a href=""/wh40k10ed/the-rules/core-rules/#Sustained-Hits"">sustained hits d3</a>",24,Ranged,1,2,10,-3,3
1377,Rotwind,"<a href=""/wh40k10ed/the-rules/core-rules/#Blast"">blast</a>, <a href=""/wh40k10ed/the-rules/core-rules/#Devastating-Wounds"">devastating wounds</a>, <a href=""/wh40k10ed/the-rules/core-rules/#Lethal-Hits"">lethal hits</a>, <a href=""/wh40k10ed/the-rules/core-rules/#Psychic-Weapons-and-Abilities"">psychic</a>",24,Ranged,D6+3,2,7,-2,1
1377,Silence – strike,"<a href=""/wh40k10ed/the-rules/core-rules/#Devastating-Wounds"">devastating wounds</a>, <a href=""/wh40k10ed/the-rules/core-rules/#Lethal-Hits"">lethal hits</a>",Melee,Melee,5,2,14,-3,D6+1
1377,Silence – sweep,"<a href=""/wh40k10ed/the-rules/core-rules/#Lethal-Hits"">lethal hits</a>, <a href=""/wh40k10ed/the-rules/core-rules/#Sustained-Hits"">sustained hits 1</a>",Melee,Melee,15,2,8,-2,2
1383,Flamer,"<a href=""/wh40k10ed/the-rules/core-rules/#Ignores-Cover"">ignores cover</a>, <a href=""/wh40k10ed/the-rules/core-rules/#Torrent"">torrent</a>",12,Ranged,D6,N/A,4,0,1
1383,Grenade launcher – frag,"<a href=""/wh40k10ed/the-rules/core-rules/#Blast"">blast</a>",24,Ranged,D3,4,4,0,1
1383,Grenade launcher – krak,,24,Ranged,1,4,9,-2,D3
1383,Laspistol,"<a href=""/wh40k10ed/the-rules/core-rules/#Pistol"">pistol</a>",12,Ranged,1,4,3,0,1
1383,Meltagun,"<a href=""/wh40k10ed/the-rules/core-rules/#Melta"">melta 2</a>",12,Ranged,1,4,9,-4,D6
1383,Plasma gun – standard,"<a href=""/wh40k10ed/the-rules/core-rules/#Rapid-Fire"">rapid fire 1</a>",24,Ranged,1,4,7,-2,1
1383,Plasma gun – supercharge,"<a href=""/wh40k10ed/the-rules/core-rules/#Hazardous"">hazardous</a>, <a href=""/wh40k10ed/the-rules/core-rules/#Rapid-Fire"">rapid fire 1</a>",24,Ranged,1,4,8,-3,2
1383,Plasma pistol – standard,"<a href=""/wh40k10ed/the-rules/core-rules/#Rapid-Fire"">rapid fire 1</a>",24,Ranged,1,4,7,-2,1
1383,Plasma pistol – supercharge,"<a href=""/wh40k10ed/the-rules/core-rules/#Hazardous"">hazardous</a>, <a href=""/wh40k10ed/the-rules/core-rules/#Rapid-Fire"">rapid fire 1</a>",24,Ranged,1,4,8,-3,2
1383,Chainsword,,Melee,Melee,4,4,3,0,1
1383,Hunting lance,"<a href=""/wh40k10ed/the-rules/core-rules/#Lance"">lance</a>",Melee,Melee,3,4,4,0,1
1383,Power weapon,,Melee,Melee,3,4,4,-2,1
1383,Stomping feet,"<a href=""/wh40k10ed/the-rules/core-rules/#Extra-Attacks"">extra attacks</a>",Melee,Melee,2,4,4,0,1
1385,Grot-guided bomms,"<a href=""/wh40k10ed/the-rules/core-rules/#Blast"">blast</a>, one shot, <a href=""/wh40k10ed/the-rules/core-rules/#Indirect-Fire"">indirect fire</a>",72,Ranged,D6,4,8,-2,2
1385,Spiked wheel,,Melee,Melee,2,4,6,0,1
1386,Twin big shoota,"<a href=""/wh40k10ed/the-rules/core-rules/#Rapid-Fire"">rapid fire 2</a>, <a href=""/wh40k10ed/the-rules/core-rules/#Twin-linked"">twin-linked</a>",36,Ranged,3,5,5,0,1
1386,Wing missiles,,24,Ranged,1,5,9,-2,3
1386,Armoured hull,,Melee,Melee,3,4,6,0,1
1387,Grot-guided bomm,"<a href=""/wh40k10ed/the-rules/core-rules/#Blast"">blast</a>, one shot, <a href=""/wh40k10ed/the-rules/core-rules/#Indirect-Fire"">indirect fire</a>",72,Ranged,D6,4,8,-2,2
1387,Twin big shoota,"<a href=""/wh40k10ed/the-rules/core-rules/#Rapid-Fire"">rapid fire 2</a>, <a href=""/wh40k10ed/the-rules/core-rules/#Twin-linked"">twin-linked</a>",36,Ranged,3,5,5,0,1
1387,Wing missiles,,24,Ranged,1,5,9,-2,3
1387,Armoured hull,,Melee,Melee,3,4,6,0,1
1388,Big shoota,"<a href=""/wh40k10ed/the-rules/core-rules/#Rapid-Fire"">rapid fire 2</a>",36,Ranged,3,5,5,0,1
1388,Kannon – frag,"<a href=""/wh40k10ed/the-rules/core-rules/#Blast"">blast</a>",36,Ranged,D6,5,5,0,1
1388,Kannon – shell,,36,Ranged,1,5,9,-2,D6
1388,Lobba,"<a href=""/wh40k10ed/the-rules/core-rules/#Blast"">blast</a>, <a href=""/wh40k10ed/the-rules/core-rules/#Indirect-Fire"">indirect fire</a>",48,Ranged,D6,5,5,0,1
1388,Rokkit launcha,"<a href=""/wh40k10ed/the-rules/core-rules/#Blast"">blast</a>",24,Ranged,D3,5,9,-2,3
1388,Skorcha,"<a href=""/wh40k10ed/the-rules/core-rules/#Ignores-Cover"">ignores cover</a>, <a href=""/wh40k10ed/the-rules/core-rules/#Torrent"">torrent</a>",12,Ranged,D6,N/A,5,-1,1
1388,Twin big shoota,"<a href=""/wh40k10ed/the-rules/core-rules/#Rapid-Fire"">rapid fire 2</a>, <a href=""/wh40k10ed/the-rules/core-rules/#Twin-linked"">twin-linked</a>",36,Ranged,3,5,5,0,1
1388,Zzap gun,"<a href=""/wh40k10ed/the-rules/core-rules/#Devastating-Wounds"">devastating wounds</a>",36,Ranged,1,5,2D6,-3,3
1388,Deff rolla,,Melee,Melee,6,3,9,-1,2
1389,Krusha kannon – blast burna,"<a href=""/wh40k10ed/the-rules/core-rules/#Blast"">blast</a>",48,Ranged,3D6,5,6,-1,1
1389,Krusha kannon – tankhamma shell,"<a href=""/wh40k10ed/the-rules/core-rules/#Heavy"">heavy</a>",60,Ranged,1,5,16,-3,6
1389,Rokkit launcha,"<a href=""/wh40k10ed/the-rules/core-rules/#Blast"">blast</a>",24,Ranged,D3,5,9,-2,3
1389,Skorcha,"<a href=""/wh40k10ed/the-rules/core-rules/#Ignores-Cover"">ignores cover</a>, <a href=""/wh40k10ed/the-rules/core-rules/#Torrent"">torrent</a>",12,Ranged,D6,N/A,5,-1,1
1389,Twin big shoota,"<a href=""/wh40k10ed/the-rules/core-rules/#Rapid-Fire"">rapid fire 2</a>, <a href=""/wh40k10ed/the-rules/core-rules/#Twin-linked"">twin-linked</a>",36,Ranged,3,5,5,0,1
1389,Tracks and wheels,,Melee,Melee,6,4,8,-1,1
1390,Dark lance,,36,Ranged,1,3,12,-3,D6+2
1390,Splinterstorm cannon,"<a href=""/wh40k10ed/the-rules/core-rules/#Anti"">anti-infantry 3+</a>, <a href=""/wh40k10ed/the-rules/core-rules/#Sustained-Hits"">sustained hits 2</a>",36,Ranged,8,3,3,-1,1
1390,Bladed wings,,Melee,Melee,3,4,6,0,1
1391,Kroot rifle,"<a href=""/wh40k10ed/the-rules/core-rules/#Rapid-Fire"">rapid fire 1</a>",24,Ranged,1,4,4,0,1
1391,Knarloc beak and talons,"<a href=""/wh40k10ed/the-rules/core-rules/#Extra-Attacks"">extra attacks</a>",Melee,Melee,4,3,6,-1,1
1391,Kroot rifle,,Melee,Melee,2,3,4,0,1
1392,Kroot bolt thrower,hooked,12,Ranged,1,4,12,-2,3
1392,Kroot rifle,"<a href=""/wh40k10ed/the-rules/core-rules/#Rapid-Fire"">rapid fire 1</a>",24,Ranged,1,4,4,0,1
1392,Twin Kroot gun,"<a href=""/wh40k10ed/the-rules/core-rules/#Twin-linked"">twin-linked</a>",36,Ranged,2,4,7,0,2
1392,Great Knarloc beak and talons,"<a href=""/wh40k10ed/the-rules/core-rules/#Extra-Attacks"">extra attacks</a>",Melee,Melee,4,3,7,-1,3
1392,Kroot rifle,,Melee,Melee,2,3,4,0,1
1393,Firestorm scatter laser,"<a href=""/wh40k10ed/the-rules/core-rules/#Anti"">anti-fly 2+</a>",36,Ranged,16,3,5,0,1
1393,Shuriken cannon,"<a href=""/wh40k10ed/the-rules/core-rules/#Sustained-Hits"">sustained hits 1</a>",24,Ranged,3,3,6,-1,2
1393,Twin shuriken catapult,"<a href=""/wh40k10ed/the-rules/core-rules/#Assault"">assault</a>, <a href=""/wh40k10ed/the-rules/core-rules/#Twin-linked"">twin-linked</a>",18,Ranged,2,3,4,-3,1
1393,Wraithbone hull,,Melee,Melee,3,4,6,0,1
1394,Holy pistol,"<a href=""/wh40k10ed/the-rules/core-rules/#Pistol"">pistol</a>",12,Ranged,3,4,4,0,1
1394,Zealot’s vindictor,"<a href=""/wh40k10ed/the-rules/core-rules/#Ignores-Cover"">ignores cover</a>, <a href=""/wh40k10ed/the-rules/core-rules/#Torrent"">torrent</a>",12,Ranged,D6,N/A,5,0,1
1394,Power weapon,,Melee,Melee,3,3,4,-2,1
1394,Zealot’s vindictor,,Melee,Melee,3,4,5,-1,2
1396,Mechanicus pistol,"<a href=""/wh40k10ed/the-rules/core-rules/#Devastating-Wounds"">devastating wounds</a>, <a href=""/wh40k10ed/the-rules/core-rules/#Pistol"">pistol</a>",12,Ranged,1,3,6,0,1
1396,Enginseer axe,,Melee,Melee,3,4,6,-2,2
1396,Servo-arm,"<a href=""/wh40k10ed/the-rules/core-rules/#Extra-Attacks"">extra attacks</a>",Melee,Melee,1,4,6,-2,2
1397,Heavy bolter,"<a href=""/wh40k10ed/the-rules/core-rules/#Heavy"">heavy</a>, <a href=""/wh40k10ed/the-rules/core-rules/#Sustained-Hits"">sustained hits 1</a>",36,Ranged,3,6,5,-1,2
1397,Multi-melta,"<a href=""/wh40k10ed/the-rules/core-rules/#Heavy"">heavy</a>, <a href=""/wh40k10ed/the-rules/core-rules/#Melta"">melta 2</a>",18,Ranged,2,6,9,-4,D6
1397,Plasma cannon – standard,"<a href=""/wh40k10ed/the-rules/core-rules/#Blast"">blast</a>, <a href=""/wh40k10ed/the-rules/core-rules/#Heavy"">heavy</a>",36,Ranged,D3,6,7,-2,1
1397,Plasma cannon – supercharge,"<a href=""/wh40k10ed/the-rules/core-rules/#Blast"">blast</a>, <a href=""/wh40k10ed/the-rules/core-rules/#Hazardous"">hazardous</a>, <a href=""/wh40k10ed/the-rules/core-rules/#Heavy"">heavy</a>",36,Ranged,D3,6,8,-3,2
1397,Close combat weapon,,Melee,Melee,1,5,3,0,1
1397,Servitor’s servo-arm,,Melee,Melee,1,5,6,-2,3
1398,Grenadier gauntlet,"<a href=""/wh40k10ed/the-rules/core-rules/#Blast"">blast</a>",18,Ranged,D6,4,4,0,1
1398,Ripper gun,"<a href=""/wh40k10ed/the-rules/core-rules/#Rapid-Fire"">rapid fire 3</a>",18,Ranged,3,4,5,-1,2
1398,Bullgryn maul,,Melee,Melee,5,3,7,-1,2
1398,Close combat weapon,,Melee,Melee,4,3,6,0,1
1398,Huge knife,,Melee,Melee,6,3,8,-1,2
1398,Ripper gun,,Melee,Melee,5,3,6,-1,1
1400,Psytronome shaper,"<a href=""/wh40k10ed/the-rules/core-rules/#Psychic-Weapons-and-Abilities"">psychic</a>",Melee,Melee,2,2,3,0,D3
1406,Ripper pistol,"<a href=""/wh40k10ed/the-rules/core-rules/#Anti"">anti-infantry 2+</a>, <a href=""/wh40k10ed/the-rules/core-rules/#Pistol"">pistol</a>, <a href=""/wh40k10ed/the-rules/core-rules/#Precision"">precision</a>",12,Ranged,3,2,5,-1,2
1406,Envenomed blade,"<a href=""/wh40k10ed/the-rules/core-rules/#Anti"">anti-infantry 2+</a>, <a href=""/wh40k10ed/the-rules/core-rules/#Precision"">precision</a>",Melee,Melee,5,2,5,-1,2
1423,Twin assault cannon,"<a href=""/wh40k10ed/the-rules/core-rules/#Devastating-Wounds"">devastating wounds</a>, <a href=""/wh40k10ed/the-rules/core-rules/#Twin-linked"">twin-linked</a>",24,Ranged,6,3,6,0,1
1423,Twin heavy bolter,"<a href=""/wh40k10ed/the-rules/core-rules/#Sustained-Hits"">sustained hits 1</a>, <a href=""/wh40k10ed/the-rules/core-rules/#Twin-linked"">twin-linked</a>",36,Ranged,3,3,5,-1,2
1423,Power weapon,,Melee,Melee,5,3,5,-2,1
1446,Eagle's Scream,"<a href=""/wh40k10ed/the-rules/core-rules/#Assault"">assault</a>",24,Ranged,2,2,5,-2,3
1446,Watcher’s Axe,,Melee,Melee,6,2,10,-2,3
1447,Castellan axe,"<a href=""/wh40k10ed/the-rules/core-rules/#Assault"">assault</a>",24,Ranged,2,2,4,-1,2
1447,Guardian spear,"<a href=""/wh40k10ed/the-rules/core-rules/#Assault"">assault</a>",24,Ranged,2,2,4,-1,2
1447,Pyrithite spear,"<a href=""/wh40k10ed/the-rules/core-rules/#Melta"">melta 2</a>",12,Ranged,1,2,9,-4,D6
1447,Sentinel blade,"<a href=""/wh40k10ed/the-rules/core-rules/#Assault"">assault</a>, <a href=""/wh40k10ed/the-rules/core-rules/#Pistol"">pistol</a>",12,Ranged,2,2,4,-1,2
1447,Castellan axe,,Melee,Melee,6,2,9,-1,3
1447,Guardian spear,,Melee,Melee,7,2,7,-2,2
1447,Pyrithite spear,,Melee,Melee,7,2,7,-2,2
1447,Sentinel blade,,Melee,Melee,7,2,6,-2,1
1448,Balistus grenade launcher,"<a href=""/wh40k10ed/the-rules/core-rules/#Blast"">blast</a>",18,Ranged,D6,2,4,-1,1
1448,Castellan axe,"<a href=""/wh40k10ed/the-rules/core-rules/#Assault"">assault</a>",24,Ranged,2,2,4,-1,2
1448,Guardian spear,"<a href=""/wh40k10ed/the-rules/core-rules/#Assault"">assault</a>",24,Ranged,2,2,4,-1,2
1448,Castellan axe,,Melee,Melee,6,2,9,-1,3
1448,Guardian spear,,Melee,Melee,7,2,7,-2,2
1449,Vertus hurricane bolter,"<a href=""/wh40k10ed/the-rules/core-rules/#Rapid-Fire"">rapid fire 3</a>, <a href=""/wh40k10ed/the-rules/core-rules/#Twin-linked"">twin-linked</a>",18,Ranged,3,2,4,-1,2
1449,Salvo launcher,"<a href=""/wh40k10ed/the-rules/core-rules/#Twin-linked"">twin-linked</a>",24,Ranged,1,2,10,-3,D6+1
1449,Interceptor lance,"<a href=""/wh40k10ed/the-rules/core-rules/#Lance"">lance</a>",Melee,Melee,6,2,7,-2,2
1450,Castellan axe,"<a href=""/wh40k10ed/the-rules/core-rules/#Assault"">assault</a>",24,Ranged,2,2,4,-1,2
1450,Guardian spear,"<a href=""/wh40k10ed/the-rules/core-rules/#Assault"">assault</a>",24,Ranged,2,2,4,-1,2
1450,Castellan axe,,Melee,Melee,4,2,9,-1,3
1450,Guardian spear,,Melee,Melee,5,2,7,-2,2
1453,Balistus grenade launcher,"<a href=""/wh40k10ed/the-rules/core-rules/#Blast"">blast</a>",18,Ranged,D6,2,4,-1,1
1453,Castellan axe,"<a href=""/wh40k10ed/the-rules/core-rules/#Assault"">assault</a>",24,Ranged,2,2,4,-1,2
1453,Guardian spear,"<a href=""/wh40k10ed/the-rules/core-rules/#Assault"">assault</a>",24,Ranged,2,2,4,-1,2
1453,Castellan axe,,Melee,Melee,4,2,9,-1,3
1453,Guardian spear,,Melee,Melee,5,2,7,-2,2
1453,Misericordia,,Melee,Melee,5,2,5,-2,1
1454,Salvo launcher,"<a href=""/wh40k10ed/the-rules/core-rules/#Twin-linked"">twin-linked</a>",24,Ranged,1,2,10,-3,D6+1
1454,Vertus hurricane bolter,"<a href=""/wh40k10ed/the-rules/core-rules/#Rapid-Fire"">rapid fire 3</a>, <a href=""/wh40k10ed/the-rules/core-rules/#Twin-linked"">twin-linked</a>",18,Ranged,3,2,4,-1,2
1454,Interceptor lance,"<a href=""/wh40k10ed/the-rules/core-rules/#Lance"">lance</a>",Melee,Melee,5,2,7,-2,2
1455,Blade of blood,,Melee,Melee,5,2,6,-2,3
1456,Blade of blood,,Melee,Melee,5,2,6,-2,3
1456,Juggernaut’s bladed horn,"<a href=""/wh40k10ed/the-rules/core-rules/#Extra-Attacks"">extra attacks</a>, <a href=""/wh40k10ed/the-rules/core-rules/#Lance"">lance</a>",Melee,Melee,4,4,6,-1,1
1458,Achillus dreadspear,,12,Ranged,1,2,9,-2,3
1458,Infernus incinerator,"<a href=""/wh40k10ed/the-rules/core-rules/#Torrent"">torrent</a>, <a href=""/wh40k10ed/the-rules/core-rules/#Ignores-Cover"">ignores cover</a>",12,Ranged,D6,N/A,6,-1,1
1458,Lastrum storm bolter,"<a href=""/wh40k10ed/the-rules/core-rules/#Rapid-Fire"">rapid fire 2</a>",24,Ranged,2,2,5,-1,1
1458,Twin adrathic destructor,"<a href=""/wh40k10ed/the-rules/core-rules/#Twin-linked"">twin-linked</a>",18,Ranged,1,2,6,-2,3
1458,Achillus dreadspear,"<a href=""/wh40k10ed/the-rules/core-rules/#Lance"">lance</a>",Melee,Melee,5,2,12,-2,D6+1
1460,Twin arachnus heavy blaze cannon,"<a href=""/wh40k10ed/the-rules/core-rules/#Twin-linked"">twin-linked</a>",48,Ranged,4,2,12,-3,D6+2
1460,Twin iliastus accelerator cannon,"<a href=""/wh40k10ed/the-rules/core-rules/#Rapid-Fire"">rapid fire 4</a>, <a href=""/wh40k10ed/the-rules/core-rules/#Twin-linked"">twin-linked</a>",48,Ranged,4,2,10,-1,3
1460,Twin lastrum bolt cannon,"<a href=""/wh40k10ed/the-rules/core-rules/#Sustained-Hits"">sustained hits 1</a>",36,Ranged,3,2,6,-1,1
1460,Armoured hull,,Melee,Melee,4,4,6,0,1
1461,Twin arachnus blaze cannon,"<a href=""/wh40k10ed/the-rules/core-rules/#Devastating-Wounds"">devastating wounds</a>, <a href=""/wh40k10ed/the-rules/core-rules/#Twin-linked"">twin-linked</a>",24,Ranged,8,2,5,-1,1
1461,Twin lastrum bolt cannon,"<a href=""/wh40k10ed/the-rules/core-rules/#Sustained-Hits"">sustained hits 1</a>",36,Ranged,3,2,6,-1,1
1461,Armoured hull,,Melee,Melee,6,4,8,0,1
1462,Arcane Fireball – witchfire,"<a href=""/wh40k10ed/the-rules/core-rules/#Psychic-Weapons-and-Abilities"">psychic</a>",18,Ranged,3,3,5,-1,D3
1462,Arcane Fireball – focused witchfire,"<a href=""/wh40k10ed/the-rules/core-rules/#Devastating-Wounds"">devastating wounds</a>, <a href=""/wh40k10ed/the-rules/core-rules/#Hazardous"">hazardous</a>, <a href=""/wh40k10ed/the-rules/core-rules/#Psychic-Weapons-and-Abilities"">psychic</a>",18,Ranged,3,3,6,-2,D3
1462,Herald combat weapon,"<a href=""/wh40k10ed/the-rules/core-rules/#Psychic-Weapons-and-Abilities"">psychic</a>",Melee,Melee,3,4,4,-1,1
1463,Arcane Fireball – witchfire,"<a href=""/wh40k10ed/the-rules/core-rules/#Psychic-Weapons-and-Abilities"">psychic</a>",18,Ranged,3,3,5,-1,D3
1463,Arcane Fireball – focused witchfire,"<a href=""/wh40k10ed/the-rules/core-rules/#Devastating-Wounds"">devastating wounds</a>, <a href=""/wh40k10ed/the-rules/core-rules/#Hazardous"">hazardous</a>, <a href=""/wh40k10ed/the-rules/core-rules/#Psychic-Weapons-and-Abilities"">psychic</a>",18,Ranged,3,3,6,-2,D3
1463,Herald combat weapon,"<a href=""/wh40k10ed/the-rules/core-rules/#Psychic-Weapons-and-Abilities"">psychic</a>",Melee,Melee,3,4,4,-1,1
1463,Screamer bites,"<a href=""/wh40k10ed/the-rules/core-rules/#Anti"">anti-monster 4+</a>, <a href=""/wh40k10ed/the-rules/core-rules/#Anti"">anti-vehicle 4+</a>, <a href=""/wh40k10ed/the-rules/core-rules/#Extra-Attacks"">extra attacks</a>",Melee,Melee,6,3,6,-2,2
1464,Arcane Fireball – witchfire,"<a href=""/wh40k10ed/the-rules/core-rules/#Psychic-Weapons-and-Abilities"">psychic</a>",18,Ranged,3,3,5,-1,D3
1464,Arcane Fireball – focused witchfire,"<a href=""/wh40k10ed/the-rules/core-rules/#Devastating-Wounds"">devastating wounds</a>, <a href=""/wh40k10ed/the-rules/core-rules/#Hazardous"">hazardous</a>, <a href=""/wh40k10ed/the-rules/core-rules/#Psychic-Weapons-and-Abilities"">psychic</a>",18,Ranged,3,3,6,-2,D3
1464,Herald combat weapon,"<a href=""/wh40k10ed/the-rules/core-rules/#Psychic-Weapons-and-Abilities"">psychic</a>",Melee,Melee,3,4,4,-1,1
1465,Streams of brackish filth,"<a href=""/wh40k10ed/the-rules/core-rules/#Devastating-Wounds"">devastating wounds</a>, <a href=""/wh40k10ed/the-rules/core-rules/#Ignores-Cover"">ignores cover</a>, <a href=""/wh40k10ed/the-rules/core-rules/#Torrent"">torrent</a>",12,Ranged,2D6,N/A,8,-2,1
1465,Gnarlrod – strike,"<a href=""/wh40k10ed/the-rules/core-rules/#Lethal-Hits"">lethal hits</a>, <a href=""/wh40k10ed/the-rules/core-rules/#Psychic-Weapons-and-Abilities"">psychic</a>",Melee,Melee,7,2,10,-3,3
1465,Gnarlrod – sweep,"<a href=""/wh40k10ed/the-rules/core-rules/#Lethal-Hits"">lethal hits</a>, <a href=""/wh40k10ed/the-rules/core-rules/#Psychic-Weapons-and-Abilities"">psychic</a>",Melee,Melee,14,2,8,-1,1
1466,Acidic maw,"<a href=""/wh40k10ed/the-rules/core-rules/#Devastating-Wounds"">devastating wounds</a>, <a href=""/wh40k10ed/the-rules/core-rules/#Extra-Attacks"">extra attacks</a>",Melee,Melee,2,4,7,-4,3
1466,Lopping shears,"<a href=""/wh40k10ed/the-rules/core-rules/#Lethal-Hits"">lethal hits</a>",Melee,Melee,4,3,6,-2,3
1467,Foul balesword,"<a href=""/wh40k10ed/the-rules/core-rules/#Lethal-Hits"">lethal hits</a>",Melee,Melee,4,3,5,-2,2
1468,Marotter,"<a href=""/wh40k10ed/the-rules/core-rules/#Lethal-Hits"">lethal hits</a>",Melee,Melee,4,3,5,0,1
1469,Disgusting sneezes,"<a href=""/wh40k10ed/the-rules/core-rules/#Pistol"">pistol</a>, <a href=""/wh40k10ed/the-rules/core-rules/#Torrent"">torrent</a>",6,Ranged,D6,N/A,3,0,1
1469,Plaguesword and distended maw,"<a href=""/wh40k10ed/the-rules/core-rules/#Lethal-Hits"">lethal hits</a>",Melee,Melee,6,3,5,-1,1
1472,Baleful Devolution,"<a href=""/wh40k10ed/the-rules/core-rules/#Blast"">blast</a>, <a href=""/wh40k10ed/the-rules/core-rules/#Devastating-Wounds"">devastating wounds</a>, <a href=""/wh40k10ed/the-rules/core-rules/#Psychic-Weapons-and-Abilities"">psychic</a>",18,Ranged,D6,3,9,0,1
1472,Force stave,"<a href=""/wh40k10ed/the-rules/core-rules/#Psychic-Weapons-and-Abilities"">psychic</a>",Melee,Melee,3,3,5,-1,D3
1474,Autopistol,"<a href=""/wh40k10ed/the-rules/core-rules/#Pistol"">pistol</a>",12,Ranged,1,4,3,0,1
1474,Chainsword,"<a href=""/wh40k10ed/the-rules/core-rules/#Precision"">precision</a>",Melee,Melee,6,4,4,0,1
1474,Divining spear,"<a href=""/wh40k10ed/the-rules/core-rules/#Lance"">lance</a>, <a href=""/wh40k10ed/the-rules/core-rules/#Precision"">precision</a>",Melee,Melee,3,4,5,-1,2
1476,Warp vortex – blast,"<a href=""/wh40k10ed/the-rules/core-rules/#Blast"">blast</a>",24,Ranged,D6+3,3,9,-2,2
1476,Warp vortex – beam,"<a href=""/wh40k10ed/the-rules/core-rules/#Devastating-Wounds"">devastating wounds</a>",36,Ranged,1,3,18,-3,D6+6
1476,Warp vortex – torrent,"<a href=""/wh40k10ed/the-rules/core-rules/#Ignores-Cover"">ignores cover</a>, <a href=""/wh40k10ed/the-rules/core-rules/#Torrent"">torrent</a>",18,Ranged,2D6,N/A,6,-1,1
1476,Betentacled maw,,Melee,Melee,15,3,7,0,1
1476,Mutalith claws,,Melee,Melee,5,3,10,-2,3
1477,Airbursting fragmentation projector,"<a href=""/wh40k10ed/the-rules/core-rules/#Blast"">blast</a>, <a href=""/wh40k10ed/the-rules/core-rules/#Indirect-Fire"">indirect fire</a>",24,Ranged,D6,3,3,0,1
1477,Burst cannon,,18,Ranged,4,3,5,0,1
1477,Cyclic ion blaster – standard,,18,Ranged,3,3,7,-1,1
1477,Cyclic ion blaster – overcharge,"<a href=""/wh40k10ed/the-rules/core-rules/#Hazardous"">hazardous</a>",18,Ranged,3,3,8,-2,2
1477,Fusion blaster,"<a href=""/wh40k10ed/the-rules/core-rules/#Melta"">melta 2</a>",12,Ranged,1,3,9,-4,D6
1477,Missile pod,,30,Ranged,2,3,7,-1,2
1477,Plasma rifle,,24,Ranged,1,3,8,-3,3
1477,T’au flamer,"<a href=""/wh40k10ed/the-rules/core-rules/#Ignores-Cover"">ignores cover</a>, <a href=""/wh40k10ed/the-rules/core-rules/#Torrent"">torrent</a>",12,Ranged,D6,N/A,4,0,1
1477,Battlesuit fists,,Melee,Melee,3,4,5,0,1
1478,Airbursting fragmentation projector,"<a href=""/wh40k10ed/the-rules/core-rules/#Blast"">blast</a>, <a href=""/wh40k10ed/the-rules/core-rules/#Indirect-Fire"">indirect fire</a>",24,Ranged,D6,3,3,0,1
1478,Burst cannon,,18,Ranged,4,3,5,0,1
1478,Cyclic ion blaster – standard,,18,Ranged,3,3,7,-1,1
1478,Cyclic ion blaster – overcharge,"<a href=""/wh40k10ed/the-rules/core-rules/#Hazardous"">hazardous</a>",18,Ranged,3,3,8,-2,2
1478,Fusion blaster,"<a href=""/wh40k10ed/the-rules/core-rules/#Melta"">melta 2</a>",12,Ranged,1,3,9,-4,D6
1478,Missile pod,,30,Ranged,2,3,7,-1,2
1478,Plasma rifle,,18,Ranged,1,3,8,-3,3
1478,T’au flamer,"<a href=""/wh40k10ed/the-rules/core-rules/#Ignores-Cover"">ignores cover</a>, <a href=""/wh40k10ed/the-rules/core-rules/#Torrent"">torrent</a>",12,Ranged,D6,N/A,4,0,1
1478,Battlesuit fists,,Melee,Melee,3,4,5,0,1
1479,Arachnus storm cannon,"<a href=""/wh40k10ed/the-rules/core-rules/#Devastating-Wounds"">devastating wounds</a>",24,Ranged,12,2,6,-1,1
1479,Iliastus accelerator culverin,,48,Ranged,4,2,9,-1,3
1479,Spiculus bolt launcher,"<a href=""/wh40k10ed/the-rules/core-rules/#Blast"">blast</a>",36,Ranged,D6+3,2,5,0,1
1479,Twin plasma projector,"<a href=""/wh40k10ed/the-rules/core-rules/#Torrent"">torrent</a>, <a href=""/wh40k10ed/the-rules/core-rules/#Twin-linked"">twin-linked</a>",12,Ranged,D3,N/A,7,-2,1
1479,Armoured feet,,Melee,Melee,5,2,7,0,1
1479,Telemon caestus,,Melee,Melee,5,2,12,-2,3
1481,Armiger autocannon,,48,Ranged,4,3,9,-1,3
1481,Meltagun,"<a href=""/wh40k10ed/the-rules/core-rules/#Melta"">melta 2</a>",12,Ranged,1,3,9,-4,D6
1481,Questoris heavy stubber,"<a href=""/wh40k10ed/the-rules/core-rules/#Rapid-Fire"">rapid fire 3</a>",36,Ranged,3,3,4,-1,1
1481,Armoured feet,,Melee,Melee,4,3,6,0,1
1482,Meltagun,"<a href=""/wh40k10ed/the-rules/core-rules/#Melta"">melta 2</a>",12,Ranged,1,3,9,-4,D6
1482,Questoris heavy stubber,"<a href=""/wh40k10ed/the-rules/core-rules/#Rapid-Fire"">rapid fire 3</a>",36,Ranged,3,3,4,-1,1
1482,Thermal spear,"<a href=""/wh40k10ed/the-rules/core-rules/#Melta"">melta 4</a>",18,Ranged,2,3,12,-4,D6
1482,Reaper chain-cleaver – strike,,Melee,Melee,4,3,10,-3,3
1482,Reaper chain-cleaver – sweep,,Melee,Melee,8,3,8,-2,1
1483,Ironstorm missile pod,"<a href=""/wh40k10ed/the-rules/core-rules/#Blast"">blast</a>, <a href=""/wh40k10ed/the-rules/core-rules/#Indirect-Fire"">indirect fire</a>",48,Ranged,D6+1,3,5,0,1
1483,Las-impulsor – high intensity,"<a href=""/wh40k10ed/the-rules/core-rules/#Blast"">blast</a>",24,Ranged,D6,3,14,-3,4
1483,Las-impulsor – low intensity,"<a href=""/wh40k10ed/the-rules/core-rules/#Blast"">blast</a>",36,Ranged,2D6,3,7,-1,2
1483,Meltagun,"<a href=""/wh40k10ed/the-rules/core-rules/#Melta"">melta 2</a>",12,Ranged,1,3,9,-4,D6
1483,Questoris multi-laser,,36,Ranged,4,3,6,0,1
1483,Questoris heavy stubber,"<a href=""/wh40k10ed/the-rules/core-rules/#Rapid-Fire"">rapid fire 3</a>",36,Ranged,3,3,4,-1,1
1483,Stormspear rocket pod,,48,Ranged,3,3,8,-2,D6
1483,Twin Icarus autocannon,"<a href=""/wh40k10ed/the-rules/core-rules/#Anti"">anti-fly 2+</a>, <a href=""/wh40k10ed/the-rules/core-rules/#Twin-linked"">twin-linked</a>",48,Ranged,3,3,7,-1,2
1483,Reaper chainsword – strike,,Melee,Melee,4,3,14,-4,6
1483,Reaper chainsword – sweep,,Melee,Melee,12,3,9,-3,2
1483,Thunderstrike gauntlet – strike,,Melee,Melee,4,3,20,-3,8
1483,Thunderstrike gauntlet – sweep,,Melee,Melee,8,3,10,-2,3
1484,Las-impulsor – high intensity,"<a href=""/wh40k10ed/the-rules/core-rules/#Blast"">blast</a>, <a href=""/wh40k10ed/the-rules/core-rules/#Sustained-Hits"">sustained hits 1</a>",24,Ranged,D6,2,14,-3,4
1484,Las-impulsor – low intensity,"<a href=""/wh40k10ed/the-rules/core-rules/#Blast"">blast</a>, <a href=""/wh40k10ed/the-rules/core-rules/#Sustained-Hits"">sustained hits 1</a>",36,Ranged,2D6,2,7,-1,2
1484,Questoris multi-laser,"<a href=""/wh40k10ed/the-rules/core-rules/#Sustained-Hits"">sustained hits 1</a>",36,Ranged,4,2,6,0,1
1484,Freedom’s Hand – strike,"<a href=""/wh40k10ed/the-rules/core-rules/#Sustained-Hits"">sustained hits 1</a>",Melee,Melee,5,2,20,-3,9
1484,Freedom’s Hand – sweep,"<a href=""/wh40k10ed/the-rules/core-rules/#Sustained-Hits"">sustained hits 1</a>",Melee,Melee,10,2,10,-2,3
1485,Plasma decimator – standard,"<a href=""/wh40k10ed/the-rules/core-rules/#Blast"">blast</a>",48,Ranged,D6+3,3,8,-3,2
1485,Plasma decimator – supercharge,"<a href=""/wh40k10ed/the-rules/core-rules/#Blast"">blast</a>, <a href=""/wh40k10ed/the-rules/core-rules/#Hazardous"">hazardous</a>",48,Ranged,D6+3,3,9,-4,3
1485,Shieldbreaker missile launcher,"<a href=""/wh40k10ed/the-rules/core-rules/#Anti"">anti-titanic 4+</a>, <a href=""/wh40k10ed/the-rules/core-rules/#Devastating-Wounds"">devastating wounds</a>",72,Ranged,1,3,12,-6,D6+1
1485,Twin meltagun,"<a href=""/wh40k10ed/the-rules/core-rules/#Melta"">melta 2</a>, <a href=""/wh40k10ed/the-rules/core-rules/#Twin-linked"">twin-linked</a>",12,Ranged,1,3,9,-4,D6
1485,Twin siegebreaker cannon,"<a href=""/wh40k10ed/the-rules/core-rules/#Blast"">blast</a>, <a href=""/wh40k10ed/the-rules/core-rules/#Twin-linked"">twin-linked</a>",36,Ranged,D6,3,6,0,1
1485,Volcano lance,"<a href=""/wh40k10ed/the-rules/core-rules/#Blast"">blast</a>",72,Ranged,D3,3,18,-5,D6+8
1485,Titanic feet,,Melee,Melee,4,4,8,-1,2
1486,Conflagration cannon,"<a href=""/wh40k10ed/the-rules/core-rules/#Ignores-Cover"">ignores cover</a>, <a href=""/wh40k10ed/the-rules/core-rules/#Torrent"">torrent</a>",18,Ranged,3D6,N/A,8,-1,2
1486,Shieldbreaker missile launcher,"<a href=""/wh40k10ed/the-rules/core-rules/#Anti"">anti-titanic 4+</a>, <a href=""/wh40k10ed/the-rules/core-rules/#Devastating-Wounds"">devastating wounds</a>",72,Ranged,1,3,12,-6,D6+1
1486,Thundercoil harpoon,"<a href=""/wh40k10ed/the-rules/core-rules/#Blast"">blast</a>, <a href=""/wh40k10ed/the-rules/core-rules/#Devastating-Wounds"">devastating wounds</a>",12,Ranged,D3,3,24,-6,10
1486,Twin meltagun,"<a href=""/wh40k10ed/the-rules/core-rules/#Melta"">melta 2</a>, <a href=""/wh40k10ed/the-rules/core-rules/#Twin-linked"">twin-linked</a>",12,Ranged,1,3,9,-4,D6
1486,Twin siegebreaker cannon,"<a href=""/wh40k10ed/the-rules/core-rules/#Blast"">blast</a>, <a href=""/wh40k10ed/the-rules/core-rules/#Twin-linked"">twin-linked</a>",36,Ranged,D6,3,6,0,1
1486,Titanic feet,,Melee,Melee,4,4,8,-1,2
1523,Bolt pistol,"<a href=""/wh40k10ed/the-rules/core-rules/#Pistol"">pistol</a>",12,Ranged,1,3,4,0,1
1523,Missile launcher – frag,"<a href=""/wh40k10ed/the-rules/core-rules/#Blast"">blast</a>, <a href=""/wh40k10ed/the-rules/core-rules/#Heavy"">heavy</a>",48,Ranged,D6,4,4,0,1
1523,Missile launcher – krak,"<a href=""/wh40k10ed/the-rules/core-rules/#Heavy"">heavy</a>",48,Ranged,1,4,9,-2,D6
1523,Scout sniper rifle,"<a href=""/wh40k10ed/the-rules/core-rules/#Heavy"">heavy</a>, <a href=""/wh40k10ed/the-rules/core-rules/#Precision"">precision</a>",36,Ranged,1,3,4,-2,2
1523,Close combat weapon,,Melee,Melee,2,3,4,0,1
1524,Bolt pistol,"<a href=""/wh40k10ed/the-rules/core-rules/#Pistol"">pistol</a>",12,Ranged,1,2,4,0,1
1524,Chronus’ servo-arm,,Melee,Melee,3,3,8,-2,3
1525,Arc lance,"<a href=""/wh40k10ed/the-rules/core-rules/#Anti"">anti-vehicle 4+</a>, <a href=""/wh40k10ed/the-rules/core-rules/#Devastating-Wounds"">devastating wounds</a>",12,Ranged,1,4,5,-1,1
1525,Archeotech pistol,"<a href=""/wh40k10ed/the-rules/core-rules/#Devastating-Wounds"">devastating wounds</a>, <a href=""/wh40k10ed/the-rules/core-rules/#Pistol"">pistol</a>",12,Ranged,1,4,6,-1,1
1525,Alpha close combat weapon,,Melee,Melee,3,4,5,-1,1
1525,Arc lance,"<a href=""/wh40k10ed/the-rules/core-rules/#Anti"">anti-vehicle 4+</a>, <a href=""/wh40k10ed/the-rules/core-rules/#Devastating-Wounds"">devastating wounds</a>, <a href=""/wh40k10ed/the-rules/core-rules/#Lance"">lance</a>",Melee,Melee,2,4,5,-1,1
1526,Archeotech pistol,"<a href=""/wh40k10ed/the-rules/core-rules/#Devastating-Wounds"">devastating wounds</a>, <a href=""/wh40k10ed/the-rules/core-rules/#Pistol"">pistol</a>",12,Ranged,1,4,6,-1,1
1526,Galvanic caster – flechette,"<a href=""/wh40k10ed/the-rules/core-rules/#Assault"">assault</a>",18,Ranged,5,4,4,0,1
1526,Galvanic caster – hammershot,"<a href=""/wh40k10ed/the-rules/core-rules/#Heavy"">heavy</a>",24,Ranged,2,4,5,-1,1
1526,Alpha close combat weapon,,Melee,Melee,2,4,5,-1,1
1526,Close combat weapon,,Melee,Melee,1,4,3,0,1
1527,Bolt pistol,"<a href=""/wh40k10ed/the-rules/core-rules/#Pistol"">pistol</a>",12,Ranged,1,3,4,0,1
1527,Boltgun,,24,Ranged,2,3,4,0,1
1527,Combi-weapon,"<a href=""/wh40k10ed/the-rules/core-rules/#Anti"">anti-infantry 4+</a>, <a href=""/wh40k10ed/the-rules/core-rules/#Devastating-Wounds"">devastating wounds</a>, <a href=""/wh40k10ed/the-rules/core-rules/#Rapid-Fire"">rapid fire 1</a>",24,Ranged,1,4,4,0,1
1527,Conversion beamer,"conversion, <a href=""/wh40k10ed/the-rules/core-rules/#Sustained-Hits"">sustained hits d3</a>",24,Ranged,1,3,8,-1,2
1527,Flamer,"<a href=""/wh40k10ed/the-rules/core-rules/#Ignores-Cover"">IGNORES COVER</a>, <a href=""/wh40k10ed/the-rules/core-rules/#Torrent"">TORRENT</a>",12,Ranged,D6,N/A,4,0,1
1527,Grav-pistol,"<a href=""/wh40k10ed/the-rules/core-rules/#Anti"">anti-vehicle 2+</a>, <a href=""/wh40k10ed/the-rules/core-rules/#Pistol"">pistol</a>",12,Ranged,1,3,4,-1,2
1527,Plasma pistol – standard,"<a href=""/wh40k10ed/the-rules/core-rules/#Pistol"">PISTOL</a>",12,Ranged,1,3,7,-2,1
1527,Plasma pistol – supercharge,"<a href=""/wh40k10ed/the-rules/core-rules/#Hazardous"">HAZARDOUS</a>, <a href=""/wh40k10ed/the-rules/core-rules/#Pistol"">PISTOL</a>",12,Ranged,1,3,8,-3,2
1527,Storm bolter,"<a href=""/wh40k10ed/the-rules/core-rules/#Rapid-Fire"">rapid fire 2</a>",24,Ranged,2,3,4,0,1
1527,Twin boltgun,"<a href=""/wh40k10ed/the-rules/core-rules/#Twin-linked"">twin-linked</a>",24,Ranged,2,3,4,0,1
1527,Astartes chainsword,,Melee,Melee,5,3,4,-1,1
1527,Omnissian power axe,,Melee,Melee,4,3,6,-2,2
1527,Plasma cutter,"<a href=""/wh40k10ed/the-rules/core-rules/#Extra-Attacks"">extra attacks</a>",Melee,Melee,2,3,8,-2,2
1527,Power fist,,Melee,Melee,4,3,8,-2,2
1527,Servo arm,"<a href=""/wh40k10ed/the-rules/core-rules/#Extra-Attacks"">extra attacks</a>",Melee,Melee,1,3,8,-2,3
1527,Thunder hammer,"<a href=""/wh40k10ed/the-rules/core-rules/#Devastating-Wounds"">devastating wounds</a>",Melee,Melee,3,4,8,-2,2
1533,Combi-bolter,"<a href=""/wh40k10ed/the-rules/core-rules/#Rapid-Fire"">rapid fire 2</a>",24,Ranged,2,4,4,0,1
1533,Heavy flamer,"<a href=""/wh40k10ed/the-rules/core-rules/#Ignores-Cover"">ignores cover</a>, <a href=""/wh40k10ed/the-rules/core-rules/#Torrent"">torrent</a>",12,Ranged,D6,N/A,5,-1,1
1533,Terrax melta cutter,"<a href=""/wh40k10ed/the-rules/core-rules/#Melta"">melta 2</a>",12,Ranged,5,4,9,-4,D6
1533,Twin volkite charger,"<a href=""/wh40k10ed/the-rules/core-rules/#Devastating-Wounds"">devastating wounds</a>, <a href=""/wh40k10ed/the-rules/core-rules/#Twin-linked"">twin-linked</a>",18,Ranged,2,4,5,0,2
1533,Termite drill,"<a href=""/wh40k10ed/the-rules/core-rules/#Anti"">anti-vehicle 3+</a>",Melee,Melee,6,4,14,-2,D3+3
1536,Shokk attack gun,"<a href=""/wh40k10ed/the-rules/core-rules/#Blast"">blast</a>, <a href=""/wh40k10ed/the-rules/core-rules/#Heavy"">heavy</a>",60,Ranged,D6+1,5,9,-4,D6
1536,Close combat weapon,,Melee,Melee,4,3,5,0,1
1537,Boomstikks,"<a href=""/wh40k10ed/the-rules/core-rules/#Assault"">assault</a>",12,Ranged,6,5,5,0,1
1537,Killa jet – burna,"<a href=""/wh40k10ed/the-rules/core-rules/#Ignores-Cover"">ignores cover</a>, <a href=""/wh40k10ed/the-rules/core-rules/#Torrent"">torrent</a>",12,Ranged,D6,N/A,5,-1,1
1537,Killa jet – cutta,"<a href=""/wh40k10ed/the-rules/core-rules/#Melta"">melta 2</a>",12,Ranged,1,5,9,-4,D6
1537,Snagga klaw,,Melee,Melee,4,3,10,-2,2
1538,Burna exhausts,"<a href=""/wh40k10ed/the-rules/core-rules/#Ignores-Cover"">ignores cover</a>, <a href=""/wh40k10ed/the-rules/core-rules/#Torrent"">torrent</a>, <a href=""/wh40k10ed/the-rules/core-rules/#Twin-linked"">twin-linked</a>",6,Ranged,2D6,N/A,4,0,1
1538,Grot blasta,"<a href=""/wh40k10ed/the-rules/core-rules/#Pistol"">pistol</a>",12,Ranged,1,4,3,0,1
1538,Rivet kannon,"<a href=""/wh40k10ed/the-rules/core-rules/#Assault"">assault</a>, <a href=""/wh40k10ed/the-rules/core-rules/#Rapid-Fire"">rapid fire 3</a>",36,Ranged,6,5,8,-1,2
1538,Spiked ram,,Melee,Melee,4,4,7,-1,2
1539,Kustom shokk rifle,"<a href=""/wh40k10ed/the-rules/core-rules/#Devastating-Wounds"">devastating wounds</a>, <a href=""/wh40k10ed/the-rules/core-rules/#Hazardous"">hazardous</a>, <a href=""/wh40k10ed/the-rules/core-rules/#Precision"">precision</a>",24,Ranged,1,3,8,-2,D6+1
1539,Rokkit launcha,"<a href=""/wh40k10ed/the-rules/core-rules/#Blast"">blast</a>",24,Ranged,D3,5,9,-2,3
1539,Saw blades,,Melee,Melee,4,4,7,-1,2
1540,Big shoota,"<a href=""/wh40k10ed/the-rules/core-rules/#Rapid-Fire"">rapid fire 2</a>",36,Ranged,3,5,5,0,1
1540,Grot blasta,"<a href=""/wh40k10ed/the-rules/core-rules/#Pistol"">pistol</a>",12,Ranged,1,4,3,0,1
1540,Mek speshul,"<a href=""/wh40k10ed/the-rules/core-rules/#Assault"">assault</a>, <a href=""/wh40k10ed/the-rules/core-rules/#Rapid-Fire"">rapid fire 4</a>, <a href=""/wh40k10ed/the-rules/core-rules/#Sustained-Hits"">sustained hits 1</a>",24,Ranged,12,5,5,-1,1
1540,Spiked wheels,,Melee,Melee,4,4,7,-1,2
1541,Rokkit kannon,"<a href=""/wh40k10ed/the-rules/core-rules/#Blast"">blast</a>",24,Ranged,D6+1,5,9,-2,3
1541,Twin big shoota,"<a href=""/wh40k10ed/the-rules/core-rules/#Rapid-Fire"">rapid fire 2</a>, <a href=""/wh40k10ed/the-rules/core-rules/#Twin-linked"">twin-linked</a>",36,Ranged,3,5,5,0,1
1541,Wing missiles,,24,Ranged,1,5,9,-2,3
1541,Nose drill,,Melee,Melee,4,4,8,-1,2
1542,Sawn-off shotgun,"<a href=""/wh40k10ed/the-rules/core-rules/#Assault"">assault</a>",12,Ranged,2,5,4,0,1
1542,Squig launchas,"<a href=""/wh40k10ed/the-rules/core-rules/#Blast"">blast</a>, <a href=""/wh40k10ed/the-rules/core-rules/#Ignores-Cover"">ignores cover</a>, <a href=""/wh40k10ed/the-rules/core-rules/#Indirect-Fire"">indirect fire</a>",36,Ranged,D6+6,5,5,-1,2
1542,Saw blades,,Melee,Melee,4,4,7,-1,2
1546,Power sledgehammer,,Melee,Melee,4,3,12,-2,D6+1
1553,Holy pistol,"<a href=""/wh40k10ed/the-rules/core-rules/#Pistol"">pistol</a>",12,Ranged,3,4,4,0,1
1553,Zealot’s vindictor,"<a href=""/wh40k10ed/the-rules/core-rules/#Ignores-Cover"">ignores cover</a>, <a href=""/wh40k10ed/the-rules/core-rules/#Torrent"">torrent</a>",12,Ranged,D6,N/A,5,0,1
1553,Power Weapon,,Melee,Melee,3,3,4,-2,1
1553,Zealot’s vindictor,,Melee,Melee,3,4,5,-1,2
1556,Helspear,"<a href=""/wh40k10ed/the-rules/core-rules/#Assault"">assault</a>, <a href=""/wh40k10ed/the-rules/core-rules/#Sustained-Hits"">sustained hits d3</a>",12,Ranged,1,2,8,-3,3
1556,Herald’s Talon,"<a href=""/wh40k10ed/the-rules/core-rules/#Precision"">precision</a>",Melee,Melee,6,2,5,-2,2
1556,Helspear,"<a href=""/wh40k10ed/the-rules/core-rules/#Extra-Attacks"">extra attacks</a>, <a href=""/wh40k10ed/the-rules/core-rules/#Lance"">lance</a>, <a href=""/wh40k10ed/the-rules/core-rules/#Sustained-Hits"">sustained hits d3</a>",Melee,Melee,1,2,8,-3,3
1557,Galatus warblade,"<a href=""/wh40k10ed/the-rules/core-rules/#Ignores-Cover"">ignores cover</a>, <a href=""/wh40k10ed/the-rules/core-rules/#Torrent"">torrent</a>, <a href=""/wh40k10ed/the-rules/core-rules/#Twin-linked"">twin-linked</a>",12,Ranged,D6,N/A,6,-1,1
1557,Galatus warblade,,Melee,Melee,8,2,8,-2,3
1558,Infernus firepike,"<a href=""/wh40k10ed/the-rules/core-rules/#Ignores-Cover"">ignores cover</a>, <a href=""/wh40k10ed/the-rules/core-rules/#Torrent"">torrent</a>",12,Ranged,D6,N/A,6,-1,1
1558,Lastrum storm bolter,"<a href=""/wh40k10ed/the-rules/core-rules/#Rapid-Fire"">rapid fire 2</a>",24,Ranged,2,2,5,-1,1
1558,Twin adrathic destructor,"<a href=""/wh40k10ed/the-rules/core-rules/#Twin-linked"">twin-linked</a>",18,Ranged,1,2,6,-2,3
1558,Solerite power gauntlet,,Melee,Melee,5,2,8,-2,2
1558,Solerite power talon,,Melee,Melee,7,2,7,-2,1
1559,Adrasite spear,,18,Ranged,1,2,5,-2,3
1559,Pyrithite spear,"<a href=""/wh40k10ed/the-rules/core-rules/#Melta"">melta 2</a>",12,Ranged,1,2,9,-4,D6
1559,Adrasite spear,,Melee,Melee,5,2,7,-2,2
1559,Pyrithite spear,,Melee,Melee,5,2,7,-2,2
1560,Adrathic devastator,,18,Ranged,1,2,7,-2,3
1560,Lastrum bolt cannon,"<a href=""/wh40k10ed/the-rules/core-rules/#Sustained-Hits"">sustained hits 1</a>",36,Ranged,3,2,6,-1,1
1560,Twin las-pulsar,"<a href=""/wh40k10ed/the-rules/core-rules/#Twin-linked"">twin-linked</a>",24,Ranged,2,2,9,-1,2
1560,Interceptor lance,"<a href=""/wh40k10ed/the-rules/core-rules/#Lance"">lance</a>",Melee,Melee,5,2,7,-2,2
1561,Kinetic destroyer,"<a href=""/wh40k10ed/the-rules/core-rules/#Pistol"">pistol</a>, <a href=""/wh40k10ed/the-rules/core-rules/#Sustained-Hits"">sustained hits 1</a>",12,Ranged,2,2,6,-1,1
1561,Venatari lance,"<a href=""/wh40k10ed/the-rules/core-rules/#Assault"">assault</a>",24,Ranged,2,2,4,-1,2
1561,Tarsis buckler,,Melee,Melee,5,2,5,-2,1
1561,Venatari lance,"<a href=""/wh40k10ed/the-rules/core-rules/#Lance"">lance</a>",Melee,Melee,5,2,7,-2,2
1562,Twin arachnus blaze cannon,"<a href=""/wh40k10ed/the-rules/core-rules/#Devastating-Wounds"">devastating wounds</a>, <a href=""/wh40k10ed/the-rules/core-rules/#Twin-linked"">twin-linked</a>",24,Ranged,8,2,5,-1,1
1562,Armoured hull,,Melee,Melee,3,4,6,0,1
1563,Adrastus bolt caliver,"<a href=""/wh40k10ed/the-rules/core-rules/#Sustained-Hits"">sustained hits 1</a>",36,Ranged,3,2,5,-1,2
1563,Misericordia,,Melee,Melee,4,2,5,-2,1
1564,Arachnus heavy blaze cannon,,36,Ranged,4,2,12,-3,D6+1
1564,Spiculus heavy bolt launcher,"<a href=""/wh40k10ed/the-rules/core-rules/#Blast"">blast</a>",36,Ranged,D6+6,2,7,-1,2
1564,Twin lastrum bolt cannon,"<a href=""/wh40k10ed/the-rules/core-rules/#Sustained-Hits"">sustained hits 1</a>",36,Ranged,3,2,6,-1,1
1564,Armoured hull,,Melee,Melee,9,4,9,0,1
1565,Autopistol,"<a href=""/wh40k10ed/the-rules/core-rules/#Pistol"">pistol</a>",12,Ranged,1,3,3,0,1
1565,Cult sniper rifle,"<a href=""/wh40k10ed/the-rules/core-rules/#Heavy"">heavy</a>, <a href=""/wh40k10ed/the-rules/core-rules/#Precision"">precision</a>",36,Ranged,1,3,5,-2,3
1565,Close combat weapon,,Melee,Melee,3,3,3,0,1
1567,Autopistol,"<a href=""/wh40k10ed/the-rules/core-rules/#Pistol"">pistol</a>",12,Ranged,1,3,3,0,1
1567,Close combat weapon,,Melee,Melee,2,3,3,0,1
1568,Locus blades,,Melee,Melee,5,2,5,-2,2
1569,Cult sniper rifle,"<a href=""/wh40k10ed/the-rules/core-rules/#Anti"">anti-psyker 2+</a>, <a href=""/wh40k10ed/the-rules/core-rules/#Heavy"">heavy</a>, <a href=""/wh40k10ed/the-rules/core-rules/#Precision"">precision</a>",36,Ranged,1,3,7,-2,3
1569,Sanctus bio-dagger,"<a href=""/wh40k10ed/the-rules/core-rules/#Anti"">anti-infantry 3+</a>, <a href=""/wh40k10ed/the-rules/core-rules/#Precision"">precision</a>",Melee,Melee,6,2,3,-2,2
1569,Close combat weapon,,Melee,Melee,2,3,3,0,1
1570,Liberator autostubs,"<a href=""/wh40k10ed/the-rules/core-rules/#Devastating-Wounds"">devastating wounds</a>, <a href=""/wh40k10ed/the-rules/core-rules/#Pistol"">pistol</a>",12,Ranged,6,2,6,-2,1
1570,Close combat weapon,,Melee,Melee,3,3,3,0,1
1571,Autopistol,"<a href=""/wh40k10ed/the-rules/core-rules/#Pistol"">pistol</a>",12,Ranged,1,3,3,0,1
1571,Close combat weapon,,Melee,Melee,2,3,3,0,1
1572,Autopistol,"<a href=""/wh40k10ed/the-rules/core-rules/#Pistol"">pistol</a>",12,Ranged,1,3,3,0,1
1572,Chemical vials,"<a href=""/wh40k10ed/the-rules/core-rules/#Anti"">anti-infantry 2+</a>",6,Ranged,1,3,1,-1,2
1572,Injector goad,"<a href=""/wh40k10ed/the-rules/core-rules/#Anti"">anti-infantry 2+</a>",Melee,Melee,1,3,2,0,D3
1573,Achilles missile launcher,,36,Ranged,3,4,9,-2,3
1573,Heavy mining laser,"<a href=""/wh40k10ed/the-rules/core-rules/#Blast"">blast</a>",36,Ranged,D3,4,12,-3,D6+1
1573,Heavy mortar,"<a href=""/wh40k10ed/the-rules/core-rules/#Blast"">blast</a>, <a href=""/wh40k10ed/the-rules/core-rules/#Indirect-Fire"">indirect fire</a>",48,Ranged,D6+3,4,6,0,1
1573,Twin heavy stubber,"<a href=""/wh40k10ed/the-rules/core-rules/#Twin-linked"">twin-linked</a>, <a href=""/wh40k10ed/the-rules/core-rules/#Rapid-Fire"">rapid fire 3</a>",36,Ranged,3,4,4,0,1
1573,Armoured hull,,Melee,Melee,3,4,5,0,1
1574,Atalan incinerator,"<a href=""/wh40k10ed/the-rules/core-rules/#Ignores-Cover"">ignores cover</a>, <a href=""/wh40k10ed/the-rules/core-rules/#Torrent"">torrent</a>",12,Ranged,D6,N/A,5,-1,1
1574,Atalan small arms,"<a href=""/wh40k10ed/the-rules/core-rules/#Pistol"">pistol</a>",12,Ranged,2,4,4,0,1
1574,Grenade launcher – frag,"<a href=""/wh40k10ed/the-rules/core-rules/#Blast"">blast</a>",24,Ranged,D3,4,4,0,1
1574,Grenade launcher – krak,,24,Ranged,1,4,9,-2,D3
1574,Heavy stubber,"<a href=""/wh40k10ed/the-rules/core-rules/#Assault"">assault</a>, <a href=""/wh40k10ed/the-rules/core-rules/#Rapid-Fire"">rapid fire 3</a>",36,Ranged,3,4,4,0,1
1574,Mining laser,,24,Ranged,1,4,12,-3,D6+1
1574,Atalan power weapon,,Melee,Melee,2,4,4,-2,1
1574,Close combat weapon,,Melee,Melee,2,4,3,0,1
1576,Fragdrill,,Melee,Melee,6,6,12,-2,D6
1577,Singularity generator,"<a href=""/wh40k10ed/the-rules/core-rules/#Blast"">blast</a>, <a href=""/wh40k10ed/the-rules/core-rules/#Devastating-Wounds"">devastating wounds</a>",36,Ranged,2D6,3,10,-3,4
1577,Synaptic obliterator,"<a href=""/wh40k10ed/the-rules/core-rules/#Sustained-Hits"">sustained hits 2</a>",48,Ranged,8,3,5,-1,2
1577,Transdimensional projector,,48,Ranged,2,3,24,-4,D6+4
1577,Titanic forelimbs – strike,,Melee,Melee,6,3,14,-3,5
1577,Titanic forelimbs – sweep,,Melee,Melee,12,3,8,-1,2
1579,Artificer bolt pistol,,12,Ranged,4,3,4,0,2
1579,Mind Assault,"<a href=""/wh40k10ed/the-rules/core-rules/#Devastating-Wounds"">devastating wounds</a>, <a href=""/wh40k10ed/the-rules/core-rules/#Precision"">precision</a>, <a href=""/wh40k10ed/the-rules/core-rules/#Psychic-Weapons-and-Abilities"">psychic</a>, <a href=""/wh40k10ed/the-rules/core-rules/#Sustained-Hits"">sustained hits 1</a>",18,Ranged,2,3,5,-2,3
1579,Runestaff and Barbarisater,"<a href=""/wh40k10ed/the-rules/core-rules/#Psychic-Weapons-and-Abilities"">psychic</a>",Melee,Melee,5,3,6,-2,2
1580,Magnarail lance,"<a href=""/wh40k10ed/the-rules/core-rules/#Heavy"">heavy</a>",36,Ranged,1,3,7,-2,3
1580,Transonic cannon,"<a href=""/wh40k10ed/the-rules/core-rules/#Devastating-Wounds"">devastating wounds</a>, <a href=""/wh40k10ed/the-rules/core-rules/#Torrent"">torrent</a>",12,Ranged,D6,N/A,4,0,2
1580,Omnissian staff,,Melee,Melee,4,3,6,-1,2
1581,Bolt pistol,"<a href=""/wh40k10ed/the-rules/core-rules/#Pistol"">pistol</a>",12,Ranged,1,3,4,0,1
1581,Rite of Possession – witchfire,"<a href=""/wh40k10ed/the-rules/core-rules/#Anti"">anti-psyker 2+</a>, <a href=""/wh40k10ed/the-rules/core-rules/#Pistol"">pistol</a>, <a href=""/wh40k10ed/the-rules/core-rules/#Precision"">precision</a>, <a href=""/wh40k10ed/the-rules/core-rules/#Psychic-Weapons-and-Abilities"">psychic</a>",18,Ranged,2,3,4,-3,2
1581,Rite of Possession – focused witchfire,"<a href=""/wh40k10ed/the-rules/core-rules/#Anti"">anti-psyker 2+</a>, <a href=""/wh40k10ed/the-rules/core-rules/#Hazardous"">hazardous</a>, <a href=""/wh40k10ed/the-rules/core-rules/#Pistol"">pistol</a>, <a href=""/wh40k10ed/the-rules/core-rules/#Precision"">precision</a>, <a href=""/wh40k10ed/the-rules/core-rules/#Psychic-Weapons-and-Abilities"">psychic</a>",18,Ranged,2,3,6,-3,3
1581,Staff of possession,"<a href=""/wh40k10ed/the-rules/core-rules/#Anti"">anti-psyker 2+</a>, <a href=""/wh40k10ed/the-rules/core-rules/#Psychic-Weapons-and-Abilities"">psychic</a>",Melee,Melee,4,3,6,-1,D3
1583,Baleflamer,"<a href=""/wh40k10ed/the-rules/core-rules/#Ignores-Cover"">ignores cover</a>, <a href=""/wh40k10ed/the-rules/core-rules/#Torrent"">torrent</a>",12,Ranged,D6+3,N/A,6,-1,2
1583,Bolt pistol,"<a href=""/wh40k10ed/the-rules/core-rules/#Pistol"">pistol</a>",12,Ranged,1,2,4,0,1
1583,Helstalker autocannon,,48,Ranged,3,2,9,-1,3
1583,Magma cutter,"<a href=""/wh40k10ed/the-rules/core-rules/#Melta"">melta 2</a>",6,Ranged,2,3,9,-4,D6
1583,Bladed limbs,"<a href=""/wh40k10ed/the-rules/core-rules/#Extra-Attacks"">extra attacks</a>",Melee,Melee,4,3,6,-1,2
1583,Impaler chainglaive,"<a href=""/wh40k10ed/the-rules/core-rules/#Lance"">lance</a>",Melee,Melee,5,2,8,-3,3
1583,Techno-virus injector,"<a href=""/wh40k10ed/the-rules/core-rules/#Anti"">anti-vehicle 2+</a>, <a href=""/wh40k10ed/the-rules/core-rules/#Extra-Attacks"">extra attacks</a>",Melee,Melee,1,3,3,-3,2
1584,Bolt pistol,"<a href=""/wh40k10ed/the-rules/core-rules/#Pistol"">pistol</a>",12,Ranged,1,3,4,0,1
1584,Axe of dismemberment,"<a href=""/wh40k10ed/the-rules/core-rules/#Devastating-Wounds"">devastating wounds</a>, <a href=""/wh40k10ed/the-rules/core-rules/#Precision"">precision</a>",Melee,Melee,5,2,7,-2,2
1586,Excruciator cannon,,36,Ranged,6,3,6,-1,2
1586,Soulflayer tendrils and claws,,Melee,Melee,6,3,6,-1,2
1587,Lashing warp energies,,6,Ranged,8,4,8,-1,2
1589,Heartstring lyre – cacophonous melody,"<a href=""/wh40k10ed/the-rules/core-rules/#Assault"">assault</a>",18,Ranged,6,3,6,0,1
1589,Heartstring lyre – euphonic blast,"<a href=""/wh40k10ed/the-rules/core-rules/#Assault"">assault</a>",24,Ranged,1,3,12,-3,D6+1
1589,Ravaging claws,"<a href=""/wh40k10ed/the-rules/core-rules/#Devastating-Wounds"">devastating wounds</a>",Melee,Melee,5,2,4,-1,1
1592,Laspistol,"<a href=""/wh40k10ed/the-rules/core-rules/#Pistol"">pistol</a>",12,Ranged,2,4,3,0,1
1593,Laspistol,"<a href=""/wh40k10ed/the-rules/core-rules/#Pistol"">pistol</a>",12,Ranged,2,4,3,0,1
1596,Demolition charge,"<a href=""/wh40k10ed/the-rules/core-rules/#Blast"">blast</a>, <a href=""/wh40k10ed/the-rules/core-rules/#Hazardous"">hazardous</a>, one shot",6,Ranged,D6+3,4,12,-2,2
1596,Sniper rifle,"<a href=""/wh40k10ed/the-rules/core-rules/#Heavy"">heavy</a>, <a href=""/wh40k10ed/the-rules/core-rules/#Precision"">precision</a>",36,Ranged,1,3,4,-2,2
1596,Stub pistol,"<a href=""/wh40k10ed/the-rules/core-rules/#Pistol"">pistol</a>",12,Ranged,1,3,4,0,1
1596,Close combat weapon,,Melee,Melee,1,5,2,0,1
1598,Ranger long rifle,"<a href=""/wh40k10ed/the-rules/core-rules/#Heavy"">heavy</a>, <a href=""/wh40k10ed/the-rules/core-rules/#Precision"">precision</a>",36,Ranged,1,3,4,-1,2
1598,Power blade,,Melee,Melee,4,3,4,-2,1
1600,Laspistol,"<a href=""/wh40k10ed/the-rules/core-rules/#Pistol"">pistol</a>",12,Ranged,1,4,3,0,1
1600,Psychic Strike – focused witchfire,"<a href=""/wh40k10ed/the-rules/core-rules/#Blast"">blast</a>, <a href=""/wh40k10ed/the-rules/core-rules/#Devastating-Wounds"">devastating wounds</a>, <a href=""/wh40k10ed/the-rules/core-rules/#Hazardous"">hazardous</a>, <a href=""/wh40k10ed/the-rules/core-rules/#Psychic-Weapons-and-Abilities"">psychic</a>",12,Ranged,D6+3,3,6,-2,2
1600,Psychic Strike – witchfire,"<a href=""/wh40k10ed/the-rules/core-rules/#Blast"">blast</a>, <a href=""/wh40k10ed/the-rules/core-rules/#Devastating-Wounds"">devastating wounds</a>, <a href=""/wh40k10ed/the-rules/core-rules/#Psychic-Weapons-and-Abilities"">psychic</a>",12,Ranged,D6,3,6,-2,1
1600,Chaos stave,"<a href=""/wh40k10ed/the-rules/core-rules/#Psychic-Weapons-and-Abilities"">psychic</a>",Melee,Melee,1,4,6,-1,D3
1601,Electro-goads,"<a href=""/wh40k10ed/the-rules/core-rules/#Sustained-Hits"">sustained hits 2</a>",Melee,Melee,3,3,4,0,1
1603,Drone pulse,"<a href=""/wh40k10ed/the-rules/core-rules/#Pistol"">pistol</a>",18,Ranged,1,4,4,0,1
1603,Close combat weapon,,Melee,Melee,1,4,3,0,1
1604,Autopistol,"<a href=""/wh40k10ed/the-rules/core-rules/#Pistol"">pistol</a>",12,Ranged,1,4,3,0,1
1604,Bolt pistol,"<a href=""/wh40k10ed/the-rules/core-rules/#Pistol"">pistol</a>",12,Ranged,1,4,4,0,1
1604,Corrupted stave,"<a href=""/wh40k10ed/the-rules/core-rules/#Devastating-Wounds"">devastating wounds</a>, <a href=""/wh40k10ed/the-rules/core-rules/#Psychic-Weapons-and-Abilities"">psychic</a>",18,Ranged,D3,4,5,-1,1
1604,Plasma pistol – standard,"<a href=""/wh40k10ed/the-rules/core-rules/#Pistol"">pistol</a>",12,Ranged,1,4,7,-2,1
1604,Plasma pistol – supercharge,"<a href=""/wh40k10ed/the-rules/core-rules/#Hazardous"">hazardous</a>, <a href=""/wh40k10ed/the-rules/core-rules/#Pistol"">pistol</a>",12,Ranged,1,4,8,-3,2
1604,Chainsword,,Melee,Melee,3,4,4,0,1
1604,Close combat weapon,,Melee,Melee,2,4,4,0,1
1604,Corrupted stave,"<a href=""/wh40k10ed/the-rules/core-rules/#Devastating-Wounds"">devastating wounds</a>, <a href=""/wh40k10ed/the-rules/core-rules/#Psychic-Weapons-and-Abilities"">psychic</a>",Melee,Melee,2,4,4,-1,D3
1604,Great weapon,,Melee,Melee,2,5,8,-1,2
1606,Hand flamer,"<a href=""/wh40k10ed/the-rules/core-rules/#Ignores-Cover"">ignores cover</a>, <a href=""/wh40k10ed/the-rules/core-rules/#Pistol"">pistol</a>, <a href=""/wh40k10ed/the-rules/core-rules/#Torrent"">torrent</a>",12,Ranged,D6,N/A,3,0,1
1606,Heavy bolt pistol,"<a href=""/wh40k10ed/the-rules/core-rules/#Pistol"">pistol</a>",18,Ranged,1,3,4,-1,1
1606,Plasma pistol – standard,"<a href=""/wh40k10ed/the-rules/core-rules/#Pistol"">pistol</a>",12,Ranged,1,3,7,-2,1
1606,Plasma pistol – supercharge,"<a href=""/wh40k10ed/the-rules/core-rules/#Hazardous"">hazardous</a>, <a href=""/wh40k10ed/the-rules/core-rules/#Pistol"">pistol</a>",12,Ranged,1,3,8,-3,2
1606,Astartes chainsword,,Melee,Melee,4,3,4,-1,1
1606,Power fist,,Melee,Melee,3,3,8,-2,2
1606,Power weapon,,Melee,Melee,4,3,5,-2,1
1606,Thunder hammer,"<a href=""/wh40k10ed/the-rules/core-rules/#Devastating-Wounds"">devastating wounds</a>",Melee,Melee,3,4,8,-2,2
1607,Hunter-killer missile,one shot,48,Ranged,1,2,14,-3,D6
1607,Quad launcher – shatter shells,,24,Ranged,4,3,9,-2,3
1607,Quad launcher – thunderfire shells,"<a href=""/wh40k10ed/the-rules/core-rules/#Blast"">blast</a>, <a href=""/wh40k10ed/the-rules/core-rules/#Indirect-Fire"">indirect fire</a>",60,Ranged,D6+4,3,5,0,1
1607,Storm bolter,"<a href=""/wh40k10ed/the-rules/core-rules/#Rapid-Fire"">rapid fire 2</a>",24,Ranged,2,3,4,0,1
1607,Twin multi-melta,"<a href=""/wh40k10ed/the-rules/core-rules/#Melta"">melta 2</a>, <a href=""/wh40k10ed/the-rules/core-rules/#Twin-linked"">twin-linked</a>",18,Ranged,2,3,9,-4,D6
1607,Twin volkite culverin,"<a href=""/wh40k10ed/the-rules/core-rules/#Devastating-Wounds"">devastating wounds</a>, <a href=""/wh40k10ed/the-rules/core-rules/#Twin-linked"">twin-linked</a>",36,Ranged,4,3,6,0,2
1607,Armoured tracks,,Melee,Melee,6,4,8,0,1
1608,Heavy bolter,"<a href=""/wh40k10ed/the-rules/core-rules/#Sustained-Hits"">sustained hits 1</a>",36,Ranged,3,3,5,-1,2
1608,Hunter-killer missile,one shot,48,Ranged,1,2,14,-3,D6
1608,Multi-melta,"<a href=""/wh40k10ed/the-rules/core-rules/#Melta"">melta 2</a>",18,Ranged,2,3,9,-4,D6
1608,Storm bolter,"<a href=""/wh40k10ed/the-rules/core-rules/#Rapid-Fire"">rapid fire 2</a>",24,Ranged,2,3,4,0,1
1608,Twin heavy bolter,"<a href=""/wh40k10ed/the-rules/core-rules/#Twin-linked"">twin-linked</a>, <a href=""/wh40k10ed/the-rules/core-rules/#Sustained-Hits"">sustained hits 1</a>",36,Ranged,3,3,5,-1,2
1608,Twin heavy flamer,"<a href=""/wh40k10ed/the-rules/core-rules/#Ignores-Cover"">ignores cover</a>, <a href=""/wh40k10ed/the-rules/core-rules/#Torrent"">torrent</a>, <a href=""/wh40k10ed/the-rules/core-rules/#Twin-linked"">twin-linked</a>",12,Ranged,D6,N/A,5,-1,1
1608,Twin lascannon,"<a href=""/wh40k10ed/the-rules/core-rules/#Twin-linked"">twin-linked</a>",48,Ranged,1,3,12,-3,D6+1
1608,Armoured tracks,,Melee,Melee,6,4,8,0,1
1609,Quad heavy bolter,"<a href=""/wh40k10ed/the-rules/core-rules/#Twin-linked"">twin-linked</a>, <a href=""/wh40k10ed/the-rules/core-rules/#Sustained-Hits"">sustained hits 1</a>",36,Ranged,6,3,5,-1,2
1609,Twin autocannon,"<a href=""/wh40k10ed/the-rules/core-rules/#Twin-linked"">twin-linked</a>",48,Ranged,2,3,9,-1,3
1609,Twin avenger bolt cannon,"<a href=""/wh40k10ed/the-rules/core-rules/#Twin-linked"">twin-linked</a>",36,Ranged,10,3,6,-1,2
1609,Twin hellstrike launcher,"<a href=""/wh40k10ed/the-rules/core-rules/#Anti"">anti-fly 2+</a>, <a href=""/wh40k10ed/the-rules/core-rules/#Twin-linked"">twin-linked</a>",72,Ranged,2,3,10,-3,D6
1609,Twin lascannon,"<a href=""/wh40k10ed/the-rules/core-rules/#Twin-linked"">twin-linked</a>",48,Ranged,1,3,12,-3,D6+1
1609,Armoured hull,,Melee,Melee,6,4,8,0,1
1610,Stormfury missiles,,48,Ranged,1,2,12,-3,D6+1
1610,Thunderstrike las-talon,,36,Ranged,2,2,9,-3,D6+1
1610,Twin Icarus rocket pod,"<a href=""/wh40k10ed/the-rules/core-rules/#Anti"">anti-fly 2+</a>, <a href=""/wh40k10ed/the-rules/core-rules/#Twin-linked"">twin-linked</a>",24,Ranged,D3,3,8,-1,2
1610,Close combat weapon,,Melee,Melee,4,3,4,0,1
1611,Bolt pistol,"<a href=""/wh40k10ed/the-rules/core-rules/#Pistol"">pistol</a>",12,Ranged,1,2,4,0,1
1611,Storm of the Emperor’s Wrath – witchfire,"<a href=""/wh40k10ed/the-rules/core-rules/#Blast"">blast</a>, <a href=""/wh40k10ed/the-rules/core-rules/#Psychic-Weapons-and-Abilities"">psychic</a>",18,Ranged,D6,2,6,-2,2
1611,Storm of the Emperor’s Wrath – focused witchfire,"<a href=""/wh40k10ed/the-rules/core-rules/#Blast"">blast</a>, <a href=""/wh40k10ed/the-rules/core-rules/#Hazardous"">hazardous</a>, <a href=""/wh40k10ed/the-rules/core-rules/#Psychic-Weapons-and-Abilities"">psychic</a>",18,Ranged,2D6,2,6,-2,2
1611,Rod of Tigurius,"<a href=""/wh40k10ed/the-rules/core-rules/#Psychic-Weapons-and-Abilities"">psychic</a>",Melee,Melee,5,3,7,-2,D3
1630,Enormous claws,,Melee,Melee,4,3,6,-2,D3
1636,Laspistol,"<a href=""/wh40k10ed/the-rules/core-rules/#Pistol"">pistol</a>",12,Ranged,2,4,3,0,1
1638,Laspistol,"<a href=""/wh40k10ed/the-rules/core-rules/#Pistol"">pistol</a>",12,Ranged,2,4,3,0,1
1647,Coiled tentacles,"<a href=""/wh40k10ed/the-rules/core-rules/#Extra-Attacks"">extra attacks</a>",Melee,Melee,D6,4,5,-1,2
1647,Ravaging claws,"<a href=""/wh40k10ed/the-rules/core-rules/#Devastating-Wounds"">devastating wounds</a>",Melee,Melee,8,2,4,-1,1
1648,Lash of Slaanesh,"<a href=""/wh40k10ed/the-rules/core-rules/#Assault"">assault</a>",12,Ranged,6,2,6,-1,2
1648,Pavane of Slaanesh – witchfire,"<a href=""/wh40k10ed/the-rules/core-rules/#Devastating-Wounds"">devastating wounds</a>, <a href=""/wh40k10ed/the-rules/core-rules/#Psychic-Weapons-and-Abilities"">psychic</a>",18,Ranged,D6,2,9,-1,D3
1648,Pavane of Slaanesh – focused witchfire,"<a href=""/wh40k10ed/the-rules/core-rules/#Hazardous"">hazardous</a>, <a href=""/wh40k10ed/the-rules/core-rules/#Devastating-Wounds"">devastating wounds</a>, <a href=""/wh40k10ed/the-rules/core-rules/#Psychic-Weapons-and-Abilities"">psychic</a>, <a href=""/wh40k10ed/the-rules/core-rules/#Sustained-Hits"">sustained hits 3</a>",18,Ranged,D6,2,9,-2,D3
1648,Snapping claws,"<a href=""/wh40k10ed/the-rules/core-rules/#Devastating-Wounds"">devastating wounds</a>, <a href=""/wh40k10ed/the-rules/core-rules/#Extra-Attacks"">extra attacks</a>",Melee,Melee,4,2,6,-2,3
1648,Soulpiercer,"<a href=""/wh40k10ed/the-rules/core-rules/#Precision"">precision</a>",Melee,Melee,6,2,12,-3,D6+2
1649,Cacophonic choir – witchfire,"<a href=""/wh40k10ed/the-rules/core-rules/#Devastating-Wounds"">devastating wounds</a>, <a href=""/wh40k10ed/the-rules/core-rules/#Ignores-Cover"">ignores cover</a>, <a href=""/wh40k10ed/the-rules/core-rules/#Psychic-Weapons-and-Abilities"">psychic</a>, <a href=""/wh40k10ed/the-rules/core-rules/#Torrent"">torrent</a>",12,Ranged,D6,N/A,6,-1,1
1649,Cacophonic choir – focused witchfire,"<a href=""/wh40k10ed/the-rules/core-rules/#Psychic-Weapons-and-Abilities"">psychic</a>, <a href=""/wh40k10ed/the-rules/core-rules/#Hazardous"">hazardous</a>, <a href=""/wh40k10ed/the-rules/core-rules/#Ignores-Cover"">ignores cover</a>, <a href=""/wh40k10ed/the-rules/core-rules/#Devastating-Wounds"">devastating wounds</a>, <a href=""/wh40k10ed/the-rules/core-rules/#Torrent"">torrent</a>",12,Ranged,2D6,N/A,6,-1,1
1649,Scourging whip,"<a href=""/wh40k10ed/the-rules/core-rules/#Assault"">assault</a>",9,Ranged,6,3,4,-1,1
1649,Axe of Dominion,,Melee,Melee,6,3,7,-2,3
1649,Scourging whip,"<a href=""/wh40k10ed/the-rules/core-rules/#Extra-Attacks"">extra attacks</a>",Melee,Melee,6,2,4,-1,1
1650,Cognis heavy stubber array,"<a href=""/wh40k10ed/the-rules/core-rules/#Rapid-Fire"">rapid fire 9</a>, <a href=""/wh40k10ed/the-rules/core-rules/#Sustained-Hits"">sustained hits 1</a>, <a href=""/wh40k10ed/the-rules/core-rules/#Twin-linked"">twin-linked</a>",36,Ranged,9,4,4,0,1
1650,Armoured hull,,Melee,Melee,3,4,6,0,1
1651,Belleros energy cannon,"<a href=""/wh40k10ed/the-rules/core-rules/#Blast"">blast</a>, <a href=""/wh40k10ed/the-rules/core-rules/#Indirect-Fire"">indirect fire</a>",36,Ranged,2D6,4,7,-2,1
1651,Cognis heavy stubber,"<a href=""/wh40k10ed/the-rules/core-rules/#Rapid-Fire"">rapid fire 3</a>, <a href=""/wh40k10ed/the-rules/core-rules/#Sustained-Hits"">sustained hits 1</a>",36,Ranged,3,4,4,0,1
1651,Disruptor missile launcher,"<a href=""/wh40k10ed/the-rules/core-rules/#Twin-linked"">twin-linked</a>",36,Ranged,3,4,9,-2,D6
1651,Ferrumite cannon,,48,Ranged,3,4,12,-3,D6+1
1651,Armoured hull,,Melee,Melee,3,4,6,0,1
1658,Daemonbreath meltagun,"<a href=""/wh40k10ed/the-rules/core-rules/#Melta"">melta 2</a>",12,Ranged,1,3,9,-4,D6
1658,Daemonbreath thermal cannon,"<a href=""/wh40k10ed/the-rules/core-rules/#Blast"">blast</a>, <a href=""/wh40k10ed/the-rules/core-rules/#Melta"">melta 6</a>",24,Ranged,2D3,3,12,-4,D6
1658,Despoiler battle cannon,"<a href=""/wh40k10ed/the-rules/core-rules/#Blast"">blast</a>, <a href=""/wh40k10ed/the-rules/core-rules/#Rapid-Fire"">rapid fire d6+3</a>",72,Ranged,D6+3,3,10,-1,3
1658,Despoiler gatling cannon,,36,Ranged,18,3,6,-2,2
1658,Diabolus heavy stubber,"<a href=""/wh40k10ed/the-rules/core-rules/#Rapid-Fire"">rapid fire 3</a>",36,Ranged,3,3,5,0,1
1658,Havoc missile pod,"<a href=""/wh40k10ed/the-rules/core-rules/#Blast"">blast</a>, <a href=""/wh40k10ed/the-rules/core-rules/#Indirect-Fire"">indirect fire</a>",48,Ranged,D6+1,3,5,0,1
1658,Heavy darkflamer,"<a href=""/wh40k10ed/the-rules/core-rules/#Ignores-Cover"">ignores cover</a>, <a href=""/wh40k10ed/the-rules/core-rules/#Torrent"">torrent</a>",12,Ranged,D6,N/A,5,-1,1
1658,Hellstorm autocannons,"<a href=""/wh40k10ed/the-rules/core-rules/#Anti"">anti-fly 2+</a>, <a href=""/wh40k10ed/the-rules/core-rules/#Twin-linked"">twin-linked</a>",48,Ranged,3,3,7,-1,2
1658,Ruinspear rocket pod,,48,Ranged,3,3,8,-2,D6
1658,Reaper chainsword – strike,,Melee,Melee,4,3,14,-4,6
1658,Reaper chainsword – sweep,,Melee,Melee,12,3,9,-3,2
1658,Titanic feet,,Melee,Melee,4,4,8,-1,2
1658,Warpstrike claw – strike,,Melee,Melee,4,3,20,-3,8
1658,Warpstrike claw – sweep,,Melee,Melee,8,3,10,-2,3
1659,Brimstone volcano lance,"<a href=""/wh40k10ed/the-rules/core-rules/#Blast"">blast</a>",60,Ranged,D3,3,20,-5,D6+8
1659,Darkflame cannon,"<a href=""/wh40k10ed/the-rules/core-rules/#Ignores-Cover"">ignores cover</a>, <a href=""/wh40k10ed/the-rules/core-rules/#Torrent"">torrent</a>",18,Ranged,3D6,N/A,8,-1,2
1659,Ectoplasma decimator – standard,"<a href=""/wh40k10ed/the-rules/core-rules/#Blast"">blast</a>",36,Ranged,D6+3,3,8,-3,2
1659,Ectoplasma decimator – supercharge,"<a href=""/wh40k10ed/the-rules/core-rules/#Blast"">blast</a>, <a href=""/wh40k10ed/the-rules/core-rules/#Hazardous"">hazardous</a>",36,Ranged,D6+3,3,9,-4,3
1659,Gheiststrike missile launcher,"<a href=""/wh40k10ed/the-rules/core-rules/#Anti"">anti-titanic 4+</a>, <a href=""/wh40k10ed/the-rules/core-rules/#Devastating-Wounds"">devastating wounds</a>",72,Ranged,1,3,12,-6,D6+1
1659,Twin daemonbreath meltagun,"<a href=""/wh40k10ed/the-rules/core-rules/#Melta"">melta 2</a>, <a href=""/wh40k10ed/the-rules/core-rules/#Twin-linked"">twin-linked</a>",12,Ranged,1,3,9,-4,D6
1659,Twin Desecrator cannon,"<a href=""/wh40k10ed/the-rules/core-rules/#Blast"">blast</a>, <a href=""/wh40k10ed/the-rules/core-rules/#Twin-linked"">twin-linked</a>",36,Ranged,D6,3,6,0,1
1659,Warpshock harpoon,"<a href=""/wh40k10ed/the-rules/core-rules/#Blast"">blast</a>, <a href=""/wh40k10ed/the-rules/core-rules/#Devastating-Wounds"">devastating wounds</a>",12,Ranged,D3,3,24,-6,12
1659,Titanic feet,,Melee,Melee,4,4,8,-1,2
1660,Desecrator laser destructor,,72,Ranged,3,2,18,-4,D6+3
1660,Diabolus heavy stubber,"<a href=""/wh40k10ed/the-rules/core-rules/#Rapid-Fire"">rapid fire 3</a>",36,Ranged,3,2,5,0,1
1660,Reaper chainsword – strike,,Melee,Melee,4,3,14,-4,6
1660,Reaper chainsword – sweep,,Melee,Melee,12,3,9,-3,2
1660,Warpstrike claw – strike,,Melee,Melee,4,3,20,-3,8
1660,Warpstrike claw – sweep,,Melee,Melee,8,3,10,-2,3
1661,Diabolus heavy stubber,"<a href=""/wh40k10ed/the-rules/core-rules/#Rapid-Fire"">rapid fire 3</a>",36,Ranged,3,3,5,0,1
1661,Reaper chainsword – strike,"<a href=""/wh40k10ed/the-rules/core-rules/#Sustained-Hits"">sustained hits 1</a>",Melee,Melee,6,2,14,-4,6
1661,Reaper chainsword – sweep,"<a href=""/wh40k10ed/the-rules/core-rules/#Sustained-Hits"">sustained hits 1</a>",Melee,Melee,18,2,9,-3,2
1661,Warpstrike claw – strike,"<a href=""/wh40k10ed/the-rules/core-rules/#Sustained-Hits"">sustained hits 1</a>",Melee,Melee,6,2,20,-3,8
1661,Warpstrike claw – sweep,"<a href=""/wh40k10ed/the-rules/core-rules/#Sustained-Hits"">sustained hits 1</a>",Melee,Melee,12,2,10,-2,3
1662,Asterius volkite culverin,"<a href=""/wh40k10ed/the-rules/core-rules/#Devastating-Wounds"">devastating wounds</a>",24,Ranged,6,3,6,0,2
1662,Karacnos mortar battery,"<a href=""/wh40k10ed/the-rules/core-rules/#Anti"">anti-infantry 2+</a>, <a href=""/wh40k10ed/the-rules/core-rules/#Blast"">blast</a>, <a href=""/wh40k10ed/the-rules/core-rules/#Ignores-Cover"">ignores cover</a>, <a href=""/wh40k10ed/the-rules/core-rules/#Indirect-Fire"">indirect fire</a>",48,Ranged,D6+3,3,6,-1,1
1662,Twin conversion beam cannon,"conversion, <a href=""/wh40k10ed/the-rules/core-rules/#Sustained-Hits"">sustained hits d3</a>, <a href=""/wh40k10ed/the-rules/core-rules/#Twin-linked"">twin-linked</a>",48,Ranged,3,3,16,-2,6
1662,Titanic feet,,Melee,Melee,6,4,10,-1,2
1663,Conversion beam cannon,"conversion, <a href=""/wh40k10ed/the-rules/core-rules/#Sustained-Hits"">sustained hits d3</a>",24,Ranged,1,3,10,-2,3
1663,Graviton pulsar,"<a href=""/wh40k10ed/the-rules/core-rules/#Anti"">ANTI-VEHICLE 2+</a>, <a href=""/wh40k10ed/the-rules/core-rules/#Blast"">BLAST</a>",24,Ranged,D6,3,7,-1,2
1663,Lightning lock,"<a href=""/wh40k10ed/the-rules/core-rules/#Sustained-Hits"">sustained hits 2</a>",36,Ranged,6,3,8,0,1
1663,Rad cleanser,"<a href=""/wh40k10ed/the-rules/core-rules/#Anti"">anti-infantry 2+</a>, <a href=""/wh40k10ed/the-rules/core-rules/#Ignores-Cover"">ignores cover</a>, <a href=""/wh40k10ed/the-rules/core-rules/#Torrent"">torrent</a>",12,Ranged,D6,N/A,2,0,1
1663,Volkite veuglaire,"<a href=""/wh40k10ed/the-rules/core-rules/#Devastating-Wounds"">devastating wounds</a>",36,Ranged,4,3,8,0,2
1663,Armoured feet,,Melee,Melee,4,3,6,0,1
1663,Siege claw,,Melee,Melee,4,3,12,-3,D6+2
1664,Asterius volkite culverin,"<a href=""/wh40k10ed/the-rules/core-rules/#Devastating-Wounds"">devastating wounds</a>",24,Ranged,6,3,6,0,2
1664,Karacnos mortar battery,"<a href=""/wh40k10ed/the-rules/core-rules/#Anti"">anti-infantry 2+</a>, <a href=""/wh40k10ed/the-rules/core-rules/#Blast"">blast</a>, <a href=""/wh40k10ed/the-rules/core-rules/#Ignores-Cover"">ignores cover</a>, <a href=""/wh40k10ed/the-rules/core-rules/#Indirect-Fire"">indirect fire</a>",48,Ranged,D6+3,3,6,-1,1
1664,Twin conversion beam cannon,"conversion, <a href=""/wh40k10ed/the-rules/core-rules/#Sustained-Hits"">sustained hits d3</a>, <a href=""/wh40k10ed/the-rules/core-rules/#Twin-linked"">twin-linked</a>",48,Ranged,3,3,16,-2,6
1664,Titanic feet,,Melee,Melee,6,4,10,-1,2
1666,Heavy bolter,"<a href=""/wh40k10ed/the-rules/core-rules/#Sustained-Hits"">sustained hits 1</a>",36,Ranged,3,3,5,-1,2
1666,Heavy flamer,"<a href=""/wh40k10ed/the-rules/core-rules/#Ignores-Cover"">ignores cover</a>, <a href=""/wh40k10ed/the-rules/core-rules/#Torrent"">torrent</a>",12,Ranged,D6,N/A,5,-1,1
1666,Laser destroyer,"<a href=""/wh40k10ed/the-rules/core-rules/#Heavy"">heavy</a>",36,Ranged,3,3,14,-4,D6+1
1666,Multi-melta,"<a href=""/wh40k10ed/the-rules/core-rules/#Melta"">melta 2</a>",18,Ranged,2,3,9,-4,D6
1666,Quad lascannon,,48,Ranged,4,3,12,-3,D6+1
1666,Storm bolter,"<a href=""/wh40k10ed/the-rules/core-rules/#Rapid-Fire"">rapid fire 2</a>",24,Ranged,2,3,4,0,1
1666,Twin Falchion volcano cannon,"<a href=""/wh40k10ed/the-rules/core-rules/#Blast"">blast</a>, <a href=""/wh40k10ed/the-rules/core-rules/#Twin-linked"">twin-linked</a>",120,Ranged,D3+1,3,24,-5,12
1666,Twin heavy bolter,"<a href=""/wh40k10ed/the-rules/core-rules/#Sustained-Hits"">sustained hits 1</a>, <a href=""/wh40k10ed/the-rules/core-rules/#Twin-linked"">twin-linked</a>",36,Ranged,3,3,5,-1,2
1666,Twin heavy flamer,"<a href=""/wh40k10ed/the-rules/core-rules/#Ignores-Cover"">ignores cover</a>, <a href=""/wh40k10ed/the-rules/core-rules/#Torrent"">torrent</a>, <a href=""/wh40k10ed/the-rules/core-rules/#Twin-linked"">twin-linked</a>",12,Ranged,D6,N/A,5,-1,1
1666,Armoured tracks,,Melee,Melee,6,4,8,0,1
1667,Icarus rocket pod,"<a href=""/wh40k10ed/the-rules/core-rules/#Anti"">anti-fly 2+</a>",24,Ranged,D3,3,8,-1,2
1667,Ironhail heavy stubber,"<a href=""/wh40k10ed/the-rules/core-rules/#Rapid-Fire"">rapid fire 3</a>",36,Ranged,3,3,4,0,1
1667,Tempest bolter,"<a href=""/wh40k10ed/the-rules/core-rules/#Rapid-Fire"">rapid fire 4</a>",24,Ranged,4,3,4,-1,1
1667,Twin heavy onslaught gatling cannon,"<a href=""/wh40k10ed/the-rules/core-rules/#Devastating-Wounds"">devastating wounds</a>, <a href=""/wh40k10ed/the-rules/core-rules/#Twin-linked"">twin-linked</a>",24,Ranged,12,3,6,0,1
1667,Armoured hull,,Melee,Melee,3,4,6,0,1
1668,Bolt pistol,"<a href=""/wh40k10ed/the-rules/core-rules/#Pistol"">pistol</a>",12,Ranged,1,3,4,0,1
1668,Bolt sniper rifle,"<a href=""/wh40k10ed/the-rules/core-rules/#Heavy"">heavy</a>, <a href=""/wh40k10ed/the-rules/core-rules/#Precision"">precision</a>",36,Ranged,1,3,5,-2,3
1668,Instigator bolt carbine,"<a href=""/wh40k10ed/the-rules/core-rules/#Precision"">precision</a>",24,Ranged,1,3,4,-2,2
1668,Las fusil,"<a href=""/wh40k10ed/the-rules/core-rules/#Heavy"">heavy</a>",36,Ranged,1,3,9,-3,D6
1668,Close combat weapon,,Melee,Melee,3,3,4,0,1
1680,Arachnus heavy blaze cannon,,36,Ranged,4,2,12,-3,D6+1
1680,Arachnus magna-blaze cannon,,48,Ranged,3,2,18,-4,D6+6
1680,Armoured hull,,Melee,Melee,9,4,9,0,1
1822,Grav-gun,"<a href=""/wh40k10ed/the-rules/core-rules/#Anti"">anti-vehicle 4+</a>",18,Ranged,2,3,5,-1,2
1822,Hydraulic claw,,Melee,Melee,2,4,8,-2,3
1825,Icarus rocket pod,"<a href=""/wh40k10ed/the-rules/core-rules/#Anti"">anti-fly 2+</a>",24,Ranged,D3,3,8,-1,2
1825,Ironhail heavy stubber,"<a href=""/wh40k10ed/the-rules/core-rules/#Rapid-Fire"">rapid fire 3</a>",36,Ranged,3,3,4,0,1
1825,Multi-melta,"<a href=""/wh40k10ed/the-rules/core-rules/#Melta"">melta 2</a>",18,Ranged,2,3,9,-4,D6
1825,Twin las-talon,"<a href=""/wh40k10ed/the-rules/core-rules/#Twin-linked"">twin-linked</a>",36,Ranged,2,3,10,-3,D6+1
1825,Armoured hull,,Melee,Melee,3,4,6,0,1
1991,Combi-bolter,"<a href=""/wh40k10ed/the-rules/core-rules/#Rapid-Fire"">rapid fire 2</a>",24,Ranged,2,3,4,0,1
1991,Heavy flamer,"<a href=""/wh40k10ed/the-rules/core-rules/#Torrent"">torrent</a>, <a href=""/wh40k10ed/the-rules/core-rules/#Ignores-Cover"">ignores cover</a>",12,Ranged,D6,N/A,5,-1,1
1991,Terrax melta cutter,"<a href=""/wh40k10ed/the-rules/core-rules/#Melta"">melta 2</a>",12,Ranged,5,3,9,-4,D6
1991,Twin volkite charger,"<a href=""/wh40k10ed/the-rules/core-rules/#Devastating-Wounds"">devastating wounds</a>, <a href=""/wh40k10ed/the-rules/core-rules/#Twin-linked"">twin-linked</a>",18,Ranged,2,3,5,0,2
1991,Termite drill,"<a href=""/wh40k10ed/the-rules/core-rules/#Anti"">anti-vehicle 3+</a>",Melee,Melee,6,4,14,-2,D3+3
1993,Kustom grot blasta,"<a href=""/wh40k10ed/the-rules/core-rules/#Devastating-Wounds"">devastating wounds</a>, <a href=""/wh40k10ed/the-rules/core-rules/#Pistol"">pistol</a>",12,Ranged,D3,4,4,0,1
1993,Icon of da Revolushun,"<a href=""/wh40k10ed/the-rules/core-rules/#Devastating-Wounds"">devastating wounds</a>",Melee,Melee,3,4,3,0,1
1994,Autocannon,,48,Ranged,2,4,9,-1,3
1994,Carnodon twin autocannon,"<a href=""/wh40k10ed/the-rules/core-rules/#Twin-linked"">twin-linked</a>",48,Ranged,2,4,9,-1,3
1994,Carnodon twin lascannon,"<a href=""/wh40k10ed/the-rules/core-rules/#Twin-linked"">twin-linked</a>",48,Ranged,1,4,14,-3,D6+1
1994,Carnodon twin multi-laser,"<a href=""/wh40k10ed/the-rules/core-rules/#Twin-linked"">twin-linked</a>",36,Ranged,6,4,6,0,1
1994,Heavy bolter,"<a href=""/wh40k10ed/the-rules/core-rules/#Sustained-Hits"">sustained hits 1</a>",36,Ranged,3,4,5,-1,2
1994,Heavy flamer,"<a href=""/wh40k10ed/the-rules/core-rules/#Ignores-Cover"">ignores cover</a>, <a href=""/wh40k10ed/the-rules/core-rules/#Torrent"">torrent</a>",12,Ranged,D6,N/A,5,-1,1
1994,Hunter-killer missile,one shot,48,Ranged,1,4,14,-3,D6
1994,Lascannon,,48,Ranged,1,4,12,-3,D6+1
1994,Militarum Multi-laser,,36,Ranged,4,4,6,0,1
1994,Volkite caliver,"<a href=""/wh40k10ed/the-rules/core-rules/#Devastating-Wounds"">devastating wounds</a>",24,Ranged,2,4,5,0,2
1994,Volkite culverin,"<a href=""/wh40k10ed/the-rules/core-rules/#Devastating-Wounds"">devastating wounds</a>",36,Ranged,4,4,6,0,2
1994,Armoured tracks,,Melee,Melee,6,4,7,0,1
1997,Hand flamer,"<a href=""/wh40k10ed/the-rules/core-rules/#Ignores-Cover"">ignores cover</a>, <a href=""/wh40k10ed/the-rules/core-rules/#Pistol"">pistol</a>, <a href=""/wh40k10ed/the-rules/core-rules/#Torrent"">torrent</a>",12,Ranged,D6,N/A,3,0,1
1997,Heavy bolt pistol,"<a href=""/wh40k10ed/the-rules/core-rules/#Pistol"">pistol</a>",18,Ranged,1,3,4,-1,1
1997,Inferno pistol,"<a href=""/wh40k10ed/the-rules/core-rules/#Pistol"">pistol</a>, <a href=""/wh40k10ed/the-rules/core-rules/#Melta"">melta 2</a>",6,Ranged,1,3,8,-4,D3
1997,Plasma pistol – standard,"<a href=""/wh40k10ed/the-rules/core-rules/#Pistol"">pistol</a>",12,Ranged,1,3,7,-2,1
1997,Plasma pistol – supercharge,"<a href=""/wh40k10ed/the-rules/core-rules/#Hazardous"">hazardous</a>, <a href=""/wh40k10ed/the-rules/core-rules/#Pistol"">pistol</a>",12,Ranged,1,3,8,-3,2
1997,Astartes chainsword,,Melee,Melee,4,3,4,-1,1
1997,Eviscerator,"<a href=""/wh40k10ed/the-rules/core-rules/#Sustained-Hits"">sustained hits 1</a>",Melee,Melee,3,4,7,-2,2
1997,Power fist,,Melee,Melee,3,3,8,-2,2
1997,Power weapon,,Melee,Melee,4,3,5,-2,1
1997,Thunder hammer,"<a href=""/wh40k10ed/the-rules/core-rules/#Devastating-Wounds"">devastating wounds</a>",Melee,Melee,3,4,8,-2,2
2063,Bolt pistols,"<a href=""/wh40k10ed/the-rules/core-rules/#Pistol"">pistol</a>",12,Ranged,6,2,4,0,1
2063,Relic weapons,,Melee,Melee,18,2,5,-2,1
2064,Twin Ministorum heavy flamer,"<a href=""/wh40k10ed/the-rules/core-rules/#Ignores-Cover"">ignores cover</a>, <a href=""/wh40k10ed/the-rules/core-rules/#Torrent"">torrent</a>, <a href=""/wh40k10ed/the-rules/core-rules/#Twin-linked"">twin-linked</a>",12,Ranged,D6,N/A,6,-1,1
2064,Mace of Castigation,,Melee,Melee,4,2,6,-2,2
2066,Bolt pistol,"<a href=""/wh40k10ed/the-rules/core-rules/#Pistol"">pistol</a>",12,Ranged,1,3,4,0,1
2066,Plasma pistol – standard,"<a href=""/wh40k10ed/the-rules/core-rules/#Pistol"">pistol</a>",12,Ranged,1,3,7,-2,1
2066,Plasma pistol – supercharge,"<a href=""/wh40k10ed/the-rules/core-rules/#Hazardous"">hazardous</a>, <a href=""/wh40k10ed/the-rules/core-rules/#Pistol"">pistol</a>",12,Ranged,1,3,8,-3,2
2066,Power weapon,,Melee,Melee,3,3,4,-2,1
2067,Heavy bolter,"<a href=""/wh40k10ed/the-rules/core-rules/#Sustained-Hits"">sustained hits 1</a>",36,Ranged,3,3,5,-1,2
2067,Mortifier flamer,"<a href=""/wh40k10ed/the-rules/core-rules/#Ignores-Cover"">ignores cover</a>, <a href=""/wh40k10ed/the-rules/core-rules/#Torrent"">torrent</a>, <a href=""/wh40k10ed/the-rules/core-rules/#Twin-linked"">twin-linked</a>",12,Ranged,D6,N/A,5,0,1
2067,Penitent buzz-blade,"<a href=""/wh40k10ed/the-rules/core-rules/#Sustained-Hits"">sustained hits 1</a>",Melee,Melee,4,3,10,-3,2
2067,Penitent flail,"<a href=""/wh40k10ed/the-rules/core-rules/#Sustained-Hits"">sustained hits 1</a>",Melee,Melee,8,3,5,-1,1
2067,Twin penitent buzz-blades,"<a href=""/wh40k10ed/the-rules/core-rules/#Sustained-Hits"">sustained hits 1</a>, <a href=""/wh40k10ed/the-rules/core-rules/#Twin-linked"">twin-linked</a>",Melee,Melee,4,3,10,-3,2
2067,Twin penitent flails,"<a href=""/wh40k10ed/the-rules/core-rules/#Sustained-Hits"">sustained hits 1</a>, <a href=""/wh40k10ed/the-rules/core-rules/#Twin-linked"">twin-linked</a>",Melee,Melee,8,3,5,-1,1
2076,Bolt pistol,"<a href=""/wh40k10ed/the-rules/core-rules/#Pistol"">pistol</a>",12,Ranged,1,3,4,0,1
2076,Heavy bolter,"<a href=""/wh40k10ed/the-rules/core-rules/#Sustained-Hits"">sustained hits 1</a>",36,Ranged,3,3,5,-1,2
2076,Multi-melta,"<a href=""/wh40k10ed/the-rules/core-rules/#Melta"">melta 2</a>",18,Ranged,2,3,9,-4,D6
2076,Twin boltgun,"<a href=""/wh40k10ed/the-rules/core-rules/#Twin-linked"">twin-linked</a>",24,Ranged,2,3,4,0,1
2076,Close combat weapon,,Melee,Melee,3,3,4,0,1
2077,Anvillus defence battery,"<a href=""/wh40k10ed/the-rules/core-rules/#Anti"">anti-fly 4+</a>",72,Ranged,8,3,8,-1,2
2077,Ardex-defensor mauler,,36,Ranged,6,3,6,-2,2
2077,Nemesis quake cannon,"<a href=""/wh40k10ed/the-rules/core-rules/#Blast"">blast</a>, <a href=""/wh40k10ed/the-rules/core-rules/#Indirect-Fire"">indirect fire</a>",480,Ranged,D6+6,3,16,-4,4
2077,Nemesis volcano cannon,"<a href=""/wh40k10ed/the-rules/core-rules/#Blast"">blast</a>",120,Ranged,D3+3,3,24,-5,14
2077,Reaver gatling blaster,"<a href=""/wh40k10ed/the-rules/core-rules/#Sustained-Hits"">sustained hits 1</a>",72,Ranged,12,3,8,-2,3
2077,Reaver laser blaster,"<a href=""/wh40k10ed/the-rules/core-rules/#Blast"">blast</a>",72,Ranged,8,3,20,-3,D6+2
2077,Reaver melta cannon,"<a href=""/wh40k10ed/the-rules/core-rules/#Blast"">blast</a>, <a href=""/wh40k10ed/the-rules/core-rules/#Melta"">melta 4</a>",48,Ranged,D6+2,3,13,-4,6
2077,Reaver volcano cannon,"<a href=""/wh40k10ed/the-rules/core-rules/#Blast"">blast</a>, <a href=""/wh40k10ed/the-rules/core-rules/#Heavy"">heavy</a>",120,Ranged,D3+1,3,24,-5,14
2077,Nemesis feet,,Melee,Melee,6,4,12,-2,4
2080,Slugga,"<a href=""/wh40k10ed/the-rules/core-rules/#Pistol"">pistol</a>",12,Ranged,1,5,4,0,1
2080,Choppa,,Melee,Melee,4,3,5,-1,1
2081,Mechanicus pistol,"<a href=""/wh40k10ed/the-rules/core-rules/#Pistol"">pistol</a>, <a href=""/wh40k10ed/the-rules/core-rules/#Devastating-Wounds"">DEVASTATING WOUNDS</a>",12,Ranged,1,4,6,-1,1
2081,Phosphor blast carbine,"<a href=""/wh40k10ed/the-rules/core-rules/#Blast"">blast</a>, <a href=""/wh40k10ed/the-rules/core-rules/#Ignores-Cover"">ignores cover</a>",18,Ranged,D6,4,6,0,1
2081,Phosphor pistol,"<a href=""/wh40k10ed/the-rules/core-rules/#Ignores-Cover"">ignores cover</a>, <a href=""/wh40k10ed/the-rules/core-rules/#Pistol"">pistol</a>",12,Ranged,1,4,4,0,1
2081,Sulphur breath,"<a href=""/wh40k10ed/the-rules/core-rules/#Ignores-Cover"">ignores cover</a>, <a href=""/wh40k10ed/the-rules/core-rules/#Pistol"">pistol</a>, <a href=""/wh40k10ed/the-rules/core-rules/#Torrent"">torrent</a>",9,Ranged,D6,N/A,3,-1,1
2081,Cavalry arc maul,"<a href=""/wh40k10ed/the-rules/core-rules/#Anti"">anti-vehicle 4+</a>, <a href=""/wh40k10ed/the-rules/core-rules/#Devastating-Wounds"">devastating wounds</a>, <a href=""/wh40k10ed/the-rules/core-rules/#Extra-Attacks"">extra attacks</a>",Melee,Melee,1,4,5,-1,1
2081,Clawed limbs,,Melee,Melee,4,4,4,0,1
2082,Mechanicus pistol,"<a href=""/wh40k10ed/the-rules/core-rules/#Devastating-Wounds"">devastating wounds</a>, <a href=""/wh40k10ed/the-rules/core-rules/#Pistol"">pistol</a>",12,Ranged,1,4,6,-1,1
2082,Galvanic carbine,"<a href=""/wh40k10ed/the-rules/core-rules/#Devastating-Wounds"">devastating wounds</a>",18,Ranged,3,4,4,0,1
2082,Cavalry sabre and clawed limbs,,Melee,Melee,4,4,4,-1,1
2083,Flechette blaster,"<a href=""/wh40k10ed/the-rules/core-rules/#Pistol"">pistol</a>",12,Ranged,5,4,3,0,1
2083,Phosphor torch,"<a href=""/wh40k10ed/the-rules/core-rules/#Ignores-Cover"">ignores cover</a>, <a href=""/wh40k10ed/the-rules/core-rules/#Torrent"">torrent</a>",12,Ranged,D6,N/A,4,0,1
2083,Pteraxii talons,,Melee,Melee,2,4,4,0,1
2083,Taser goad,"<a href=""/wh40k10ed/the-rules/core-rules/#Sustained-Hits"">sustained hits 2</a>",Melee,Melee,3,4,6,0,1
2084,Flechette blaster,"<a href=""/wh40k10ed/the-rules/core-rules/#Pistol"">pistol</a>",12,Ranged,5,4,3,0,1
2084,Flechette carbine,,18,Ranged,6,4,3,0,1
2084,Close combat weapon,,Melee,Melee,2,4,3,0,1
2084,Taser goad,"<a href=""/wh40k10ed/the-rules/core-rules/#Sustained-Hits"">sustained hits 2</a>",Melee,Melee,3,4,6,0,1
2085,Cognis heavy stubber array,"<a href=""/wh40k10ed/the-rules/core-rules/#Rapid-Fire"">rapid fire 9</a>, <a href=""/wh40k10ed/the-rules/core-rules/#Sustained-Hits"">sustained hits 1</a>, <a href=""/wh40k10ed/the-rules/core-rules/#Twin-linked"">twin-linked</a>",36,Ranged,9,4,4,0,1
2085,Armoured hull,,Melee,Melee,3,4,6,0,1
2086,Cognis heavy stubber,"<a href=""/wh40k10ed/the-rules/core-rules/#Rapid-Fire"">rapid fire 3</a>, <a href=""/wh40k10ed/the-rules/core-rules/#Sustained-Hits"">sustained hits 1</a>",36,Ranged,3,4,4,0,1
2086,Heavy phosphor blaster,"<a href=""/wh40k10ed/the-rules/core-rules/#Ignores-Cover"">ignores cover</a>",36,Ranged,3,4,6,-1,2
2086,Twin cognis lascannon,"<a href=""/wh40k10ed/the-rules/core-rules/#Sustained-Hits"">sustained hits 1</a>, <a href=""/wh40k10ed/the-rules/core-rules/#Twin-linked"">twin-linked</a>",48,Ranged,1,4,12,-3,D6+1
2086,Armoured hull,,Melee,Melee,3,4,6,0,1
2087,Cognis heavy stubber array,"<a href=""/wh40k10ed/the-rules/core-rules/#Rapid-Fire"">rapid fire 9</a>, <a href=""/wh40k10ed/the-rules/core-rules/#Sustained-Hits"">sustained hits 1</a>, <a href=""/wh40k10ed/the-rules/core-rules/#Twin-linked"">twin-linked</a>",36,Ranged,9,4,4,0,1
2087,Armoured hull,,Melee,Melee,3,4,6,0,1
2088,Somnus,"<a href=""/wh40k10ed/the-rules/core-rules/#Anti"">anti-psyker 5+</a>, <a href=""/wh40k10ed/the-rules/core-rules/#Devastating-Wounds"">devastating wounds</a>",Melee,Melee,4,2,6,-3,3
2090,Dirgesinger,"<a href=""/wh40k10ed/the-rules/core-rules/#Anti"">anti-infantry 4+</a>, <a href=""/wh40k10ed/the-rules/core-rules/#Assault"">assault</a>, <a href=""/wh40k10ed/the-rules/core-rules/#Devastating-Wounds"">devastating wounds</a>",18,Ranged,4,3,4,0,2
2090,Psychic Tempest,"<a href=""/wh40k10ed/the-rules/core-rules/#Psychic-Weapons-and-Abilities"">psychic</a>, <a href=""/wh40k10ed/the-rules/core-rules/#Sustained-Hits"">sustained hits 2</a>",18,Ranged,6,3,6,0,2
2090,Power fist,,Melee,Melee,3,3,6,-2,2
2092,Eldritch lance,,36,Ranged,3,3,9,-3,3
2092,Eldritch lance,,Melee,Melee,4,3,9,-3,3
2092,Impaling legs,"<a href=""/wh40k10ed/the-rules/core-rules/#Extra-Attacks"">extra attacks</a>",Melee,Melee,4,3,6,-1,1
2093,Atomic disassembler,"<a href=""/wh40k10ed/the-rules/core-rules/#Ignores-Cover"">ignores cover</a>, <a href=""/wh40k10ed/the-rules/core-rules/#Pistol"">pistol</a>",18,Ranged,1,3,8,-2,2
2093,Eradicator glove,,Melee,Melee,4,4,8,-2,2
2098,Bolt pistol,"<a href=""/wh40k10ed/the-rules/core-rules/#Pistol"">pistol</a>",12,Ranged,1,3,4,0,1
2098,Plasma incinerator – standard,"<a href=""/wh40k10ed/the-rules/core-rules/#Assault"">assault</a>, <a href=""/wh40k10ed/the-rules/core-rules/#Heavy"">heavy</a>",24,Ranged,2,3,7,-2,1
2098,Plasma incinerator – supercharge,"<a href=""/wh40k10ed/the-rules/core-rules/#Assault"">assault</a>, <a href=""/wh40k10ed/the-rules/core-rules/#Hazardous"">hazardous</a>, <a href=""/wh40k10ed/the-rules/core-rules/#Heavy"">heavy</a>",24,Ranged,2,3,8,-3,2
2098,Plasma pistol – standard,"<a href=""/wh40k10ed/the-rules/core-rules/#Pistol"">pistol</a>",12,Ranged,1,3,7,-2,1
2098,Plasma pistol – supercharge,"<a href=""/wh40k10ed/the-rules/core-rules/#Hazardous"">hazardous</a>, <a href=""/wh40k10ed/the-rules/core-rules/#Pistol"">pistol</a>",12,Ranged,1,3,8,-3,2
2098,Close combat weapon,,Melee,Melee,3,3,4,0,1
2099,Auto boltstorm gauntlets,"<a href=""/wh40k10ed/the-rules/core-rules/#Twin-linked"">twin-linked</a>",18,Ranged,3,3,4,0,1
2099,Flamestorm gauntlets,"<a href=""/wh40k10ed/the-rules/core-rules/#Ignores-Cover"">ignores cover</a>, <a href=""/wh40k10ed/the-rules/core-rules/#Torrent"">torrent</a>, <a href=""/wh40k10ed/the-rules/core-rules/#Twin-linked"">twin-linked</a>",12,Ranged,D6+1,N/A,4,0,1
2099,Fragstorm grenade launcher,"<a href=""/wh40k10ed/the-rules/core-rules/#Blast"">blast</a>",18,Ranged,D6,3,4,0,1
2099,Twin power fists,"<a href=""/wh40k10ed/the-rules/core-rules/#Twin-linked"">twin-linked</a>",Melee,Melee,3,3,8,-2,2
2100,Drakkis,"<a href=""/wh40k10ed/the-rules/core-rules/#Ignores-Cover"">ignores cover</a>, <a href=""/wh40k10ed/the-rules/core-rules/#Pistol"">pistol</a>, <a href=""/wh40k10ed/the-rules/core-rules/#Torrent"">torrent</a>",12,Ranged,D6+3,N/A,4,-1,1
2100,Malleus Noctum,,Melee,Melee,5,2,10,-2,3
2102,Heavy bolter,"<a href=""/wh40k10ed/the-rules/core-rules/#Sustained-Hits"">sustained hits 1</a>",36,Ranged,3,3,5,-1,2
2102,Multi-melta,"<a href=""/wh40k10ed/the-rules/core-rules/#Melta"">melta 2</a>",18,Ranged,2,3,9,-4,D6
2102,Typhoon missile launcher – frag,"<a href=""/wh40k10ed/the-rules/core-rules/#Blast"">blast</a>",48,Ranged,2D6,3,4,0,1
2102,Typhoon missile launcher – krak,,48,Ranged,2,3,9,-2,D6
2102,Close combat weapon,,Melee,Melee,3,3,4,0,1
2103,Bolt pistol,"<a href=""/wh40k10ed/the-rules/core-rules/#Pistol"">pistol</a>",12,Ranged,1,3,4,0,1
2103,Boltgun,,24,Ranged,2,3,4,0,1
2103,Combi-weapon,"<a href=""/wh40k10ed/the-rules/core-rules/#Anti"">ANTI-INFANTRY 4+</a>, <a href=""/wh40k10ed/the-rules/core-rules/#Devastating-Wounds"">DEVASTATING WOUNDS</a>, <a href=""/wh40k10ed/the-rules/core-rules/#Rapid-Fire"">RAPID FIRE 1</a>",24,Ranged,1,4,4,0,1
2103,Flamer,"<a href=""/wh40k10ed/the-rules/core-rules/#Ignores-Cover"">ignores cover</a>, <a href=""/wh40k10ed/the-rules/core-rules/#Torrent"">torrent</a>",12,Ranged,D6,N/A,4,0,1
2103,Grav-cannon,"<a href=""/wh40k10ed/the-rules/core-rules/#Anti"">ANTI-VEHICLE 2+</a>, <a href=""/wh40k10ed/the-rules/core-rules/#Heavy"">HEAVY</a>",24,Ranged,3,4,6,-1,3
2103,Grav-gun,"<a href=""/wh40k10ed/the-rules/core-rules/#Anti"">anti-vehicle 2+</a>",18,Ranged,2,3,5,-1,2
2103,Grav-pistol,"<a href=""/wh40k10ed/the-rules/core-rules/#Anti"">ANTI-VEHICLE 2+</a>",12,Ranged,1,3,4,-1,2
2103,Hand flamer,"<a href=""/wh40k10ed/the-rules/core-rules/#Ignores-Cover"">IGNORES COVER</a>, <a href=""/wh40k10ed/the-rules/core-rules/#Pistol"">PISTOL</a>, <a href=""/wh40k10ed/the-rules/core-rules/#Torrent"">TORRENT</a>",12,Ranged,D6,N/A,3,0,1
2103,Heavy bolter,"<a href=""/wh40k10ed/the-rules/core-rules/#Heavy"">HEAVY</a>, <a href=""/wh40k10ed/the-rules/core-rules/#Sustained-Hits"">SUSTAINED HITS 1</a>",36,Ranged,3,4,5,-1,2
2103,Heavy flamer,"<a href=""/wh40k10ed/the-rules/core-rules/#Ignores-Cover"">IGNORES COVER</a>, <a href=""/wh40k10ed/the-rules/core-rules/#Torrent"">TORRENT</a>",12,Ranged,D6,N/A,5,-1,1
2103,Inferno pistol,"<a href=""/wh40k10ed/the-rules/core-rules/#Melta"">MELTA 2</a>, <a href=""/wh40k10ed/the-rules/core-rules/#Pistol"">PISTOL</a>",6,Ranged,1,3,8,-4,D3
2103,Meltagun,"<a href=""/wh40k10ed/the-rules/core-rules/#Melta"">melta 2</a>",12,Ranged,1,3,9,-4,D6
2103,Lascannon,"<a href=""/wh40k10ed/the-rules/core-rules/#Heavy"">HEAVY</a>",48,Ranged,1,4,12,-3,D6+1
2103,Missile launcher – frag,"<a href=""/wh40k10ed/the-rules/core-rules/#Blast"">BLAST</a>, <a href=""/wh40k10ed/the-rules/core-rules/#Heavy"">HEAVY</a>",48,Ranged,D6,4,4,0,1
2103,Missile launcher – krak,"<a href=""/wh40k10ed/the-rules/core-rules/#Heavy"">HEAVY</a>",48,Ranged,1,4,9,-2,D6
2103,Multi-melta,"<a href=""/wh40k10ed/the-rules/core-rules/#Heavy"">HEAVY</a>, <a href=""/wh40k10ed/the-rules/core-rules/#Melta"">MELTA 2</a>",18,Ranged,2,4,9,-4,D6
2103,Plasma cannon – standard,"<a href=""/wh40k10ed/the-rules/core-rules/#Blast"">BLAST</a>, <a href=""/wh40k10ed/the-rules/core-rules/#Heavy"">HEAVY</a>",36,Ranged,D3,4,7,-2,1
2103,Plasma cannon – supercharge,"<a href=""/wh40k10ed/the-rules/core-rules/#Blast"">BLAST</a>, <a href=""/wh40k10ed/the-rules/core-rules/#Hazardous"">HAZARDOUS</a>, <a href=""/wh40k10ed/the-rules/core-rules/#Heavy"">HEAVY</a>",36,Ranged,D3,4,8,-3,2
2103,Plasma gun – standard,"<a href=""/wh40k10ed/the-rules/core-rules/#Rapid-Fire"">rapid fire 1</a>",24,Ranged,1,3,7,-2,1
2103,Plasma gun – supercharge,"<a href=""/wh40k10ed/the-rules/core-rules/#Hazardous"">hazardous</a>, <a href=""/wh40k10ed/the-rules/core-rules/#Rapid-Fire"">rapid fire 1</a>",24,Ranged,1,3,8,-3,2
2103,Plasma pistol – standard,"<a href=""/wh40k10ed/the-rules/core-rules/#Pistol"">PISTOL</a>",12,Ranged,1,3,7,-2,1
2103,Plasma pistol – supercharge,"<a href=""/wh40k10ed/the-rules/core-rules/#Hazardous"">HAZARDOUS</a>, <a href=""/wh40k10ed/the-rules/core-rules/#Rapid-Fire"">RAPID FIRE 1</a>",12,Ranged,1,3,8,-3,2
2103,Storm bolter,"<a href=""/wh40k10ed/the-rules/core-rules/#Rapid-Fire"">RAPID FIRE 2</a>",24,Ranged,2,3,4,0,1
2103,Astartes chainsword,,Melee,Melee,4,3,4,-1,1
2103,Close combat weapon,,Melee,Melee,3,3,4,0,1
2103,Champion’s blade,"<a href=""/wh40k10ed/the-rules/core-rules/#Precision"">precision</a>",Melee,Melee,4,3,5,-2,2
2103,Power fist,,Melee,Melee,2,3,8,-2,2
2103,Power weapon,,Melee,Melee,3,3,5,-2,1
2103,Thunder hammer,"<a href=""/wh40k10ed/the-rules/core-rules/#Devastating-Wounds"">devastating wounds</a>",Melee,Melee,2,4,8,-2,2
2103,Twin lightning claws,"<a href=""/wh40k10ed/the-rules/core-rules/#Twin-linked"">twin-linked</a>",Melee,Melee,4,3,4,-2,1
2105,Fist of Dorn,"<a href=""/wh40k10ed/the-rules/core-rules/#Devastating-Wounds"">devastating wounds</a>",Melee,Melee,5,2,10,-3,3
2108,Plasmic lance,,18,Ranged,3,4,7,-3,2
2108,Plasmic lance,,Melee,Melee,2,4,7,-3,2
2109,Enmitic annihilator,"<a href=""/wh40k10ed/the-rules/core-rules/#Rapid-Fire"">rapid fire 2</a>",18,Ranged,2,2,6,-1,1
2109,Flensing claw,,Melee,Melee,8,2,6,-1,1
2109,Hyperphase harvester,,Melee,Melee,4,2,10,-3,3
2110,Skorpekh hyperphase weapons,,Melee,Melee,4,3,7,-2,2
2111,Scouring eye,,6,Ranged,2,4,5,-1,1
2111,Scythed limbs,,Melee,Melee,4,4,5,-1,1
2112,Atomiser beam,,12,Ranged,3,4,6,-2,1
2112,Reanimator’s claws,,Melee,Melee,4,4,5,0,1
2114,Feeder mandibles,"<a href=""/wh40k10ed/the-rules/core-rules/#Lethal-Hits"">lethal hits</a>",Melee,Melee,6,5,2,0,1
2115,Doomsday blaster,"<a href=""/wh40k10ed/the-rules/core-rules/#Blast"">blast</a>, <a href=""/wh40k10ed/the-rules/core-rules/#Heavy"">heavy</a>",48,Ranged,D6+1,4,14,-3,3
2115,Twin gauss flayer,"<a href=""/wh40k10ed/the-rules/core-rules/#Lethal-Hits"">lethal hits</a>, <a href=""/wh40k10ed/the-rules/core-rules/#Rapid-Fire"">rapid fire 1</a>, <a href=""/wh40k10ed/the-rules/core-rules/#Twin-linked"">twin-linked</a>",24,Ranged,1,4,4,0,1
2115,Doomstalker limbs,,Melee,Melee,3,4,6,0,1
2116,Enmitic exterminator,"<a href=""/wh40k10ed/the-rules/core-rules/#Heavy"">heavy</a>, <a href=""/wh40k10ed/the-rules/core-rules/#Rapid-Fire"">rapid fire 6</a>, <a href=""/wh40k10ed/the-rules/core-rules/#Sustained-Hits"">sustained hits 1</a>",36,Ranged,6,3,6,-1,1
2116,Gauss destructor,"<a href=""/wh40k10ed/the-rules/core-rules/#Heavy"">heavy</a>, <a href=""/wh40k10ed/the-rules/core-rules/#Lethal-Hits"">lethal hits</a>",48,Ranged,1,3,14,-4,6
2116,Close combat weapon,,Melee,Melee,2,3,4,0,1
2173,Flamestorm cannon,"<a href=""/wh40k10ed/the-rules/core-rules/#Ignores-Cover"">ignores cover</a>, <a href=""/wh40k10ed/the-rules/core-rules/#Torrent"">torrent</a>",12,Ranged,D6+3,N/A,6,-2,2
2173,Hunter-killer missile,one shot,48,Ranged,1,2,14,-3,D6
2173,Multi-melta,"<a href=""/wh40k10ed/the-rules/core-rules/#Melta"">melta 2</a>",18,Ranged,2,3,9,-4,D6
2173,Storm bolter,"<a href=""/wh40k10ed/the-rules/core-rules/#Rapid-Fire"">rapid fire 2</a>",24,Ranged,2,3,4,0,1
2173,Twin assault cannon,"<a href=""/wh40k10ed/the-rules/core-rules/#Devastating-Wounds"">devastating wounds</a>, <a href=""/wh40k10ed/the-rules/core-rules/#Twin-linked"">twin-linked</a>",24,Ranged,6,3,6,0,1
2173,Armoured tracks,,Melee,Melee,6,4,8,0,1
2199,Gauntlets of Ultramar,"<a href=""/wh40k10ed/the-rules/core-rules/#Pistol"">pistol</a>, <a href=""/wh40k10ed/the-rules/core-rules/#Twin-linked"">twin-linked</a>",18,Ranged,4,2,4,-1,2
2199,Gauntlets of Ultramar,"<a href=""/wh40k10ed/the-rules/core-rules/#Twin-linked"">twin-linked</a>",Melee,Melee,6,2,8,-3,3
2199,Victrix power sword,,Melee,Melee,5,2,5,-2,2
2202,Bolt pistol,"<a href=""/wh40k10ed/the-rules/core-rules/#Pistol"">pistol</a>",12,Ranged,1,3,4,0,1
2202,Boltgun,,24,Ranged,2,3,4,0,1
2202,Combi-weapon,"<a href=""/wh40k10ed/the-rules/core-rules/#Anti"">ANTI-INFANTRY 4+</a>, <a href=""/wh40k10ed/the-rules/core-rules/#Devastating-Wounds"">DEVASTATING WOUNDS</a>, <a href=""/wh40k10ed/the-rules/core-rules/#Rapid-Fire"">RAPID FIRE 1</a>",24,Ranged,1,4,4,0,1
2202,Grav-cannon,"<a href=""/wh40k10ed/the-rules/core-rules/#Anti"">anti-vehicle 2+</a>, <a href=""/wh40k10ed/the-rules/core-rules/#Heavy"">heavy</a>",24,Ranged,3,4,6,-1,3
2202,Grav-pistol,"<a href=""/wh40k10ed/the-rules/core-rules/#Anti"">ANTI-VEHICLE 2+</a>, <a href=""/wh40k10ed/the-rules/core-rules/#Pistol"">PISTOL</a>",12,Ranged,1,3,4,-1,2
2202,Heavy bolter,"<a href=""/wh40k10ed/the-rules/core-rules/#Heavy"">heavy</a>, <a href=""/wh40k10ed/the-rules/core-rules/#Sustained-Hits"">sustained hits 1</a>",36,Ranged,3,4,5,-1,2
2202,Lascannon,"<a href=""/wh40k10ed/the-rules/core-rules/#Heavy"">heavy</a>",48,Ranged,1,4,12,-3,D6+1
2202,Missile launcher – frag,"<a href=""/wh40k10ed/the-rules/core-rules/#Blast"">blast</a>, <a href=""/wh40k10ed/the-rules/core-rules/#Heavy"">heavy</a>",48,Ranged,D6,4,4,0,1
2202,Missile launcher – krak,"<a href=""/wh40k10ed/the-rules/core-rules/#Heavy"">heavy</a>",48,Ranged,1,4,9,-2,D6
2202,Multi-melta,"<a href=""/wh40k10ed/the-rules/core-rules/#Heavy"">heavy</a>, <a href=""/wh40k10ed/the-rules/core-rules/#Melta"">melta 2</a>",18,Ranged,2,4,9,-4,D6
2202,Plasma cannon – standard,"<a href=""/wh40k10ed/the-rules/core-rules/#Blast"">BLAST</a>, <a href=""/wh40k10ed/the-rules/core-rules/#Heavy"">HEAVY</a>",36,Ranged,D3,4,7,-2,1
2202,Plasma cannon – supercharge,"<a href=""/wh40k10ed/the-rules/core-rules/#Blast"">BLAST</a>, <a href=""/wh40k10ed/the-rules/core-rules/#Hazardous"">HAZARDOUS</a>, <a href=""/wh40k10ed/the-rules/core-rules/#Heavy"">HEAVY</a>",36,Ranged,D3,4,8,-3,2
2202,Plasma pistol – standard,"<a href=""/wh40k10ed/the-rules/core-rules/#Pistol"">PISTOL</a>",12,Ranged,1,3,7,-2,1
2202,Plasma pistol – supercharge,"<a href=""/wh40k10ed/the-rules/core-rules/#Hazardous"">HAZARDOUS</a>, <a href=""/wh40k10ed/the-rules/core-rules/#Pistol"">PISTOL</a>",12,Ranged,1,3,8,-3,2
2202,Storm bolter,"<a href=""/wh40k10ed/the-rules/core-rules/#Rapid-Fire"">RAPID FIRE 2</a>",24,Ranged,2,3,4,0,1
2202,Astartes chainsword,,Melee,Melee,4,3,4,-1,1
2202,Close combat weapon,,Melee,Melee,2,3,4,0,1
2202,Power fist,,Melee,Melee,2,3,8,-2,2
2202,Power weapon,,Melee,Melee,3,3,5,-2,1
2202,Thunder hammer,"<a href=""/wh40k10ed/the-rules/core-rules/#Devastating-Wounds"">devastating wounds</a>",Melee,Melee,2,4,8,-2,2
2234,Bolt pistol,"<a href=""/wh40k10ed/the-rules/core-rules/#Pistol"">pistol</a>",12,Ranged,1,3,4,0,1
2234,Master-crafted power weapon,"<a href=""/wh40k10ed/the-rules/core-rules/#Precision"">precision</a>",Melee,Melee,5,2,5,-2,2
2252,Heavy bolter,"<a href=""/wh40k10ed/the-rules/core-rules/#Sustained-Hits"">sustained hits 1</a>",36,Ranged,3,3,5,-1,2
2252,Heavy flamer,"<a href=""/wh40k10ed/the-rules/core-rules/#Torrent"">torrent</a>, <a href=""/wh40k10ed/the-rules/core-rules/#Ignores-Cover"">ignores cover</a>",12,Ranged,D6,N/A,5,-1,1
2252,Laser destroyer,"<a href=""/wh40k10ed/the-rules/core-rules/#Heavy"">heavy</a>",36,Ranged,3,3,14,-4,D6+1
2252,Multi-melta,"<a href=""/wh40k10ed/the-rules/core-rules/#Melta"">melta 2</a>",18,Ranged,2,3,9,-4,D6
2252,Quad lascannon,,48,Ranged,4,3,12,-3,D6+1
2252,Storm bolter,"<a href=""/wh40k10ed/the-rules/core-rules/#Rapid-Fire"">rapid fire 2</a>",24,Ranged,2,3,4,0,1
2252,Twin heavy bolter,"<a href=""/wh40k10ed/the-rules/core-rules/#Sustained-Hits"">sustained hits 1</a>, <a href=""/wh40k10ed/the-rules/core-rules/#Twin-linked"">twin-linked</a>",36,Ranged,3,3,5,-1,2
2252,Twin heavy flamer,"<a href=""/wh40k10ed/the-rules/core-rules/#Ignores-Cover"">ignores cover</a>, <a href=""/wh40k10ed/the-rules/core-rules/#Torrent"">torrent</a>, <a href=""/wh40k10ed/the-rules/core-rules/#Twin-linked"">twin-linked</a>",12,Ranged,D6,N/A,5,-1,1
2252,Armoured tracks,,Melee,Melee,6,4,8,0,1
2255,Combi-weapon,"<a href=""/wh40k10ed/the-rules/core-rules/#Anti"">anti-infantry 4+</a>, <a href=""/wh40k10ed/the-rules/core-rules/#Devastating-Wounds"">devastating wounds</a>, <a href=""/wh40k10ed/the-rules/core-rules/#Rapid-Fire"">rapid fire 1</a>",24,Ranged,1,4,4,0,1
2255,Pyrecannon,"<a href=""/wh40k10ed/the-rules/core-rules/#Ignores-Cover"">IGNORES COVER</a>,<a href=""/wh40k10ed/the-rules/core-rules/#Torrent"">TORRENT</a>",12,Ranged,D6+1,N/A,6,-1,1
2255,Sternguard bolt pistol,"<a href=""/wh40k10ed/the-rules/core-rules/#Devastating-Wounds"">devastating wounds</a>, <a href=""/wh40k10ed/the-rules/core-rules/#Pistol"">pistol</a>",12,Ranged,1,3,4,0,1
2255,Sternguard bolt rifle,"<a href=""/wh40k10ed/the-rules/core-rules/#Assault"">assault</a>, <a href=""/wh40k10ed/the-rules/core-rules/#Devastating-Wounds"">devastating wounds</a>, <a href=""/wh40k10ed/the-rules/core-rules/#Heavy"">heavy</a>, <a href=""/wh40k10ed/the-rules/core-rules/#Rapid-Fire"">rapid fire 1</a>",24,Ranged,2,3,4,-1,1
2255,Sternguard heavy bolter,"<a href=""/wh40k10ed/the-rules/core-rules/#Devastating-Wounds"">devastating wounds</a>, <a href=""/wh40k10ed/the-rules/core-rules/#Heavy"">heavy</a>, <a href=""/wh40k10ed/the-rules/core-rules/#Sustained-Hits"">sustained hits 1</a>",36,Ranged,3,4,5,-1,2
2255,Astartes chainsword,,Melee,Melee,4,3,4,-1,1
2255,Close combat weapon,,Melee,Melee,4,3,4,0,1
2255,Power weapon,,Melee,Melee,5,2,5,-2,1
2255,Power fist,,Melee,Melee,3,3,8,-2,2
2258,Hunter-killer missile,one shot,48,Ranged,1,2,14,-3,D6
2258,Icarus stormcannon,"<a href=""/wh40k10ed/the-rules/core-rules/#Anti"">anti-fly 2+</a>",48,Ranged,6,3,7,-1,2
2258,Storm bolter,"<a href=""/wh40k10ed/the-rules/core-rules/#Rapid-Fire"">rapid fire 2</a>",24,Ranged,2,3,4,0,1
2258,Armoured tracks,,Melee,Melee,3,4,6,0,1
2266,Bolt pistol,"<a href=""/wh40k10ed/the-rules/core-rules/#Pistol"">pistol</a>",12,Ranged,1,3,4,0,1
2266,Smite – witchfire,"<a href=""/wh40k10ed/the-rules/core-rules/#Psychic-Weapons-and-Abilities"">psychic</a>",24,Ranged,D6,3,5,-1,D3
2266,Smite – focused witchfire,"<a href=""/wh40k10ed/the-rules/core-rules/#Devastating-Wounds"">devastating wounds</a>, <a href=""/wh40k10ed/the-rules/core-rules/#Hazardous"">hazardous</a>, <a href=""/wh40k10ed/the-rules/core-rules/#Psychic-Weapons-and-Abilities"">psychic</a>",24,Ranged,D6,3,6,-2,D3
2266,Force weapon,"<a href=""/wh40k10ed/the-rules/core-rules/#Psychic-Weapons-and-Abilities"">psychic</a>",Melee,Melee,4,3,6,-1,D3
2267,Deathstorm cannon array,"<a href=""/wh40k10ed/the-rules/core-rules/#Sustained-Hits"">sustained hits 2</a>",18,Ranged,12,4,6,0,1
2267,Deathstorm missile array,"<a href=""/wh40k10ed/the-rules/core-rules/#Blast"">blast</a>",18,Ranged,2D6,4,8,-2,2
2268,Conversion beam cannon,"conversion, <a href=""/wh40k10ed/the-rules/core-rules/#Sustained-Hits"">sustained hits d3</a>",24,Ranged,1,3,7,-1,3
2268,Heavy bolter,"<a href=""/wh40k10ed/the-rules/core-rules/#Sustained-Hits"">SUSTAINED HITS 1</a>",36,Ranged,3,3,5,-1,2
2268,Heavy flamer,"<a href=""/wh40k10ed/the-rules/core-rules/#Ignores-Cover"">IGNORES COVER</a>, <a href=""/wh40k10ed/the-rules/core-rules/#Torrent"">TORRENT</a>",12,Ranged,D6,N/A,5,-1,1
2268,Hunter-killer missile,one shot,48,Ranged,1,2,14,-3,D6
2268,Infernus cannon,"<a href=""/wh40k10ed/the-rules/core-rules/#Ignores-Cover"">ignores cover</a>, <a href=""/wh40k10ed/the-rules/core-rules/#Torrent"">torrent</a>",12,Ranged,2D6,N/A,6,-1,1
2268,Lascannon,,48,Ranged,1,3,12,-3,D6+1
2268,Magna-melta cannon,"<a href=""/wh40k10ed/the-rules/core-rules/#Melta"">melta 4</a>",18,Ranged,2,3,12,-4,D6
2268,Plasma destroyer – standard,"<a href=""/wh40k10ed/the-rules/core-rules/#Blast"">blast</a>",36,Ranged,D3,3,8,-2,2
2268,Plasma destroyer – supercharge,"<a href=""/wh40k10ed/the-rules/core-rules/#Blast"">blast</a>, <a href=""/wh40k10ed/the-rules/core-rules/#Hazardous"">hazardous</a>",36,Ranged,D3,3,9,-3,3
2268,Storm bolter,"<a href=""/wh40k10ed/the-rules/core-rules/#Rapid-Fire"">rapid fire 2</a>",24,Ranged,2,3,4,0,1
2268,Armoured tracks,,Melee,Melee,3,4,6,0,1
2269,Aiolos missile launcher,"<a href=""/wh40k10ed/the-rules/core-rules/#Blast"">blast</a>",48,Ranged,D6+3,3,5,0,1
2269,Anvilus autocannon battery,"<a href=""/wh40k10ed/the-rules/core-rules/#Twin-linked"">twin-linked</a>",48,Ranged,4,3,9,-1,3
2269,Arachnus heavy lascannon battery,,48,Ranged,2,3,12,-3,D6+1
2269,Boreas air defence missiles,"<a href=""/wh40k10ed/the-rules/core-rules/#Anti"">anti-fly 2+</a>",48,Ranged,1,3,12,-3,D6+1
2269,Hellfire plasma cannonade – standard,,36,Ranged,6,3,7,-2,2
2269,Hellfire plasma cannonade – supercharge,"<a href=""/wh40k10ed/the-rules/core-rules/#Hazardous"">hazardous</a>",36,Ranged,6,3,8,-3,3
2269,Twin heavy bolter,"<a href=""/wh40k10ed/the-rules/core-rules/#Sustained-Hits"">sustained hits 1</a>, <a href=""/wh40k10ed/the-rules/core-rules/#Twin-linked"">twin-linked</a>",36,Ranged,3,3,5,-1,2
2269,Twin heavy flamer,"<a href=""/wh40k10ed/the-rules/core-rules/#Ignores-Cover"">ignores cover</a>, <a href=""/wh40k10ed/the-rules/core-rules/#Torrent"">torrent</a>, <a href=""/wh40k10ed/the-rules/core-rules/#Twin-linked"">twin-linked</a>",12,Ranged,D6,N/A,5,-1,1
2269,Volkite falconet battery,"<a href=""/wh40k10ed/the-rules/core-rules/#Devastating-Wounds"">devastating wounds</a>",30,Ranged,6,3,9,0,2
2269,Armoured feet,,Melee,Melee,5,3,6,0,1
2270,Bolt pistol,"<a href=""/wh40k10ed/the-rules/core-rules/#Pistol"">pistol</a>",12,Ranged,1,3,4,0,1
2270,Castellan launcher,"<a href=""/wh40k10ed/the-rules/core-rules/#Blast"">blast</a>, <a href=""/wh40k10ed/the-rules/core-rules/#Indirect-Fire"">indirect fire</a>",36,Ranged,D3,3,4,0,1
2270,Superfrag rocket launcher,"<a href=""/wh40k10ed/the-rules/core-rules/#Blast"">blast</a>, <a href=""/wh40k10ed/the-rules/core-rules/#Heavy"">heavy</a>",48,Ranged,D6+1,4,5,0,1
2270,Superkrak rocket launcher,"<a href=""/wh40k10ed/the-rules/core-rules/#Heavy"">heavy</a>",48,Ranged,1,4,10,-2,D6+1
2270,Vengor launcher,"<a href=""/wh40k10ed/the-rules/core-rules/#Blast"">blast</a>, <a href=""/wh40k10ed/the-rules/core-rules/#Indirect-Fire"">indirect fire</a>",48,Ranged,D6,2,7,-1,2
2270,Close combat weapon,,Melee,Melee,3,3,4,0,1
2285,Astartes grenade launcher - frag,"<a href=""/wh40k10ed/the-rules/core-rules/#Blast"">blast</a>",24,Ranged,D3,3,4,0,1
2285,Astartes grenade launcher - krak,,24,Ranged,1,3,9,-1,D3
2285,Bolt pistol,"<a href=""/wh40k10ed/the-rules/core-rules/#Pistol"">pistol</a>",12,Ranged,1,3,4,0,1
2285,Bolt rifle,"<a href=""/wh40k10ed/the-rules/core-rules/#Assault"">assault</a>, <a href=""/wh40k10ed/the-rules/core-rules/#Heavy"">heavy</a>",24,Ranged,2,3,4,-1,1
2285,Hand flamer,"<a href=""/wh40k10ed/the-rules/core-rules/#Ignores-Cover"">ignores cover</a>, <a href=""/wh40k10ed/the-rules/core-rules/#Pistol"">pistol</a>, <a href=""/wh40k10ed/the-rules/core-rules/#Torrent"">torrent</a>",12,Ranged,D6,N/A,3,0,1
2285,Inferno pistol,"<a href=""/wh40k10ed/the-rules/core-rules/#Pistol"">pistol</a>, <a href=""/wh40k10ed/the-rules/core-rules/#Melta"">melta 2</a>",6,Ranged,1,3,8,-4,D3
2285,Plasma pistol – standard,"<a href=""/wh40k10ed/the-rules/core-rules/#Pistol"">pistol</a>",12,Ranged,1,3,7,-2,1
2285,Plasma pistol – supercharge,"<a href=""/wh40k10ed/the-rules/core-rules/#Hazardous"">hazardous</a>, <a href=""/wh40k10ed/the-rules/core-rules/#Pistol"">pistol</a>",12,Ranged,1,3,8,-3,2
2285,Astartes chainsword,,Melee,Melee,4,3,4,-1,1
2285,Close combat weapon,,Melee,Melee,3,3,4,0,1
2285,Eviscerator,"<a href=""/wh40k10ed/the-rules/core-rules/#Sustained-Hits"">sustained hits 1</a>",Melee,Melee,3,3,7,-2,2
2285,Power fist,,Melee,Melee,3,3,8,-2,2
2285,Power weapon,,Melee,Melee,4,3,5,-2,1
2285,Thunder hammer,"<a href=""/wh40k10ed/the-rules/core-rules/#Devastating-Wounds"">devastating wounds</a>",Melee,Melee,3,4,8,-2,2
2291,Bolt pistol,"<a href=""/wh40k10ed/the-rules/core-rules/#Pistol"">pistol</a>",12,Ranged,1,2,4,0,1
2291,Master-crafted plasma cannon,"<a href=""/wh40k10ed/the-rules/core-rules/#Blast"">blast</a>",36,Ranged,D3,2,8,-3,2
2291,Twin storm bolter,"<a href=""/wh40k10ed/the-rules/core-rules/#Rapid-Fire"">rapid fire 2</a>, <a href=""/wh40k10ed/the-rules/core-rules/#Twin-linked"">twin-linked</a>",24,Ranged,2,2,4,0,1
2291,The Raven Sword,"<a href=""/wh40k10ed/the-rules/core-rules/#Sustained-Hits"">sustained hits 2</a>",Melee,Melee,6,2,6,-3,2
2296,Bolt pistol,"<a href=""/wh40k10ed/the-rules/core-rules/#Pistol"">pistol</a>",12,Ranged,1,2,4,0,1
2296,Enmity’s Edge,"<a href=""/wh40k10ed/the-rules/core-rules/#Anti"">anti-psyker 2+</a>",Melee,Melee,6,2,6,-3,2
2302,Assault cannon,"<a href=""/wh40k10ed/the-rules/core-rules/#Devastating-Wounds"">devastating wounds</a>",24,Ranged,6,3,6,0,1
2302,Cyclone missile launcher – frag,"<a href=""/wh40k10ed/the-rules/core-rules/#Blast"">blast</a>",36,Ranged,2D6,3,4,0,1
2302,Cyclone missile launcher – krak,,36,Ranged,2,3,9,-2,D6
2302,Heavy flamer,"<a href=""/wh40k10ed/the-rules/core-rules/#Ignores-Cover"">ignores cover</a>, <a href=""/wh40k10ed/the-rules/core-rules/#Torrent"">torrent</a>",12,Ranged,D6,N/A,5,-1,1
2302,Plasma cannon – standard,"<a href=""/wh40k10ed/the-rules/core-rules/#Blast"">blast</a>",36,Ranged,D3,3,7,-2,1
2302,Plasma cannon – supercharge,"<a href=""/wh40k10ed/the-rules/core-rules/#Blast"">blast</a>, <a href=""/wh40k10ed/the-rules/core-rules/#Hazardous"">hazardous</a>",36,Ranged,D3,3,8,-3,2
2302,Storm bolter,"<a href=""/wh40k10ed/the-rules/core-rules/#Rapid-Fire"">rapid fire 2</a>",24,Ranged,2,3,4,0,1
2302,Chainfist,"<a href=""/wh40k10ed/the-rules/core-rules/#Anti"">anti-vehicle 3+</a>",Melee,Melee,3,4,8,-2,2
2302,Halberd of Caliban,"<a href=""/wh40k10ed/the-rules/core-rules/#Precision"">precision</a>",Melee,Melee,5,3,6,-2,2
2302,Power fist,,Melee,Melee,3,3,8,-2,2
2302,Power weapon,,Melee,Melee,4,3,5,-2,1
2302,Thunder hammer,"<a href=""/wh40k10ed/the-rules/core-rules/#Devastating-Wounds"">devastating wounds</a>",Melee,Melee,3,4,8,-2,2
2302,Twin lightning claws,"<a href=""/wh40k10ed/the-rules/core-rules/#Twin-linked"">twin-linked</a>",Melee,Melee,5,3,5,-2,1
2350,Relic gauss blaster,"<a href=""/wh40k10ed/the-rules/core-rules/#Lethal-Hits"">lethal hits</a>, <a href=""/wh40k10ed/the-rules/core-rules/#Rapid-Fire"">rapid fire 2</a>",24,Ranged,2,3,5,-1,2
2350,Close combat weapon,,Melee,Melee,4,3,5,0,1
2351,Staff of light,,18,Ranged,3,2,5,-2,1
2351,Lord’s blade,"<a href=""/wh40k10ed/the-rules/core-rules/#Devastating-Wounds"">devastating wounds</a>",Melee,Melee,4,2,8,-3,2
2351,Staff of light,,Melee,Melee,4,2,5,-2,1
2352,Staff of light,,18,Ranged,3,4,5,-2,1
2352,Staff of light,,Melee,Melee,2,4,5,-2,1
2353,Abyssal lance,,18,Ranged,1,4,6,-3,3
2353,Abyssal lance,,Melee,Melee,1,4,6,-3,3
2354,Aeonstave,"<a href=""/wh40k10ed/the-rules/core-rules/#Blast"">blast</a>",18,Ranged,D6,4,5,-1,1
2354,Aeonstave,,Melee,Melee,3,4,5,-1,1
2355,Enmitic disintegrator pistols,"<a href=""/wh40k10ed/the-rules/core-rules/#Pistol"">pistol</a>, <a href=""/wh40k10ed/the-rules/core-rules/#Ignores-Cover"">Ignores Cover</a>",18,Ranged,6,2,6,-2,1
2355,Close combat weapon,,Melee,Melee,4,3,5,0,1
2357,Spear of the Void Dragon,"<a href=""/wh40k10ed/the-rules/core-rules/#Anti"">anti-vehicle 2+</a>",12,Ranged,1,2,4,-3,D6+2
2357,Voltaic storm,"<a href=""/wh40k10ed/the-rules/core-rules/#Blast"">blast</a>, <a href=""/wh40k10ed/the-rules/core-rules/#Sustained-Hits"">sustained hits 2</a>",18,Ranged,D6+3,2,7,-1,2
2357,Spear of the Void Dragon – strike,"<a href=""/wh40k10ed/the-rules/core-rules/#Anti"">anti-vehicle 2+</a>",Melee,Melee,5,2,12,-3,D6+2
2357,Spear of the Void Dragon – sweep,,Melee,Melee,10,2,8,-1,2
2357,Canoptek tail blades,"<a href=""/wh40k10ed/the-rules/core-rules/#Extra-Attacks"">extra attacks</a>",Melee,Melee,6,2,6,-1,1
2358,Ophydian hyperphase weapons,,Melee,Melee,5,3,4,-2,2
2359,Gauss cannon,"<a href=""/wh40k10ed/the-rules/core-rules/#Lethal-Hits"">lethal hits</a>",24,Ranged,3,3,5,-2,2
2359,Close combat weapon,,Melee,Melee,2,3,4,0,1
2360,Annihilator beam,,24,Ranged,1,2,14,-4,6
2360,Sceptre of Eternal Glory,"<a href=""/wh40k10ed/the-rules/core-rules/#Devastating-Wounds"">devastating wounds</a>",24,Ranged,2,2,10,-3,3
2360,Staff of Stars,"<a href=""/wh40k10ed/the-rules/core-rules/#Indirect-Fire"">indirect fire</a>",24,Ranged,12,2,6,-1,1
2360,Armoured bulk,,Melee,Melee,1,4,4,0,1
2360,Weapons of the Final Triarch,"<a href=""/wh40k10ed/the-rules/core-rules/#Lethal-Hits"">lethal hits</a>",Melee,Melee,12,2,8,-3,2
2361,Transdimensional abductor,,18,Ranged,3,4,6,-2,3
2362,Gauss exterminator,"<a href=""/wh40k10ed/the-rules/core-rules/#Lethal-Hits"">lethal hits</a>",48,Ranged,1,4,14,-3,6
2362,Twin tesla destructor,"<a href=""/wh40k10ed/the-rules/core-rules/#Sustained-Hits"">sustained hits 2</a>, <a href=""/wh40k10ed/the-rules/core-rules/#Twin-linked"">twin-linked</a>",36,Ranged,6,3,8,0,2
2363,Destroyer pulse,"<a href=""/wh40k10ed/the-rules/core-rules/#Pistol"">pistol</a>",18,Ranged,1,4,8,-2,2
2363,Guardian salvo launchers,"<a href=""/wh40k10ed/the-rules/core-rules/#Blast"">blast</a>",24,Ranged,D6,4,5,-1,1
2363,Manipulator limbs,,Melee,Melee,4,4,5,0,1
2374,Flamer,"<a href=""/wh40k10ed/the-rules/core-rules/#Ignores-Cover"">ignores cover</a>, <a href=""/wh40k10ed/the-rules/core-rules/#Torrent"">torrent</a>",12,Ranged,D6,N/A,4,0,1
2374,Grenade launcher – frag,"<a href=""/wh40k10ed/the-rules/core-rules/#Blast"">blast</a>",24,Ranged,D3,3,4,0,1
2374,Grenade launcher – krak,,24,Ranged,1,3,9,-2,D3
2374,Heavy flamer,"<a href=""/wh40k10ed/the-rules/core-rules/#Ignores-Cover"">ignores cover</a>, <a href=""/wh40k10ed/the-rules/core-rules/#Torrent"">torrent</a>",12,Ranged,D6,N/A,5,-1,1
2374,Heavy stubber,"<a href=""/wh40k10ed/the-rules/core-rules/#Heavy"">heavy</a>, <a href=""/wh40k10ed/the-rules/core-rules/#Rapid-Fire"">rapid fire 3</a>",36,Ranged,3,4,4,0,1
2374,Hot-shot lasgun,"<a href=""/wh40k10ed/the-rules/core-rules/#Rapid-Fire"">rapid fire 1</a>",24,Ranged,1,3,3,-1,1
2374,Meltagun,"<a href=""/wh40k10ed/the-rules/core-rules/#Melta"">melta 2</a>",12,Ranged,1,3,9,-4,D6
2374,Plasma gun – standard,"<a href=""/wh40k10ed/the-rules/core-rules/#Rapid-Fire"">rapid fire 1</a>",24,Ranged,1,3,7,-2,1
2374,Plasma gun – supercharge,"<a href=""/wh40k10ed/the-rules/core-rules/#Hazardous"">hazardous</a>, <a href=""/wh40k10ed/the-rules/core-rules/#Rapid-Fire"">rapid fire 1</a>",24,Ranged,1,3,8,-3,2
2374,Sergeant’s pistol,"<a href=""/wh40k10ed/the-rules/core-rules/#Pistol"">pistol</a>",12,Ranged,1,3,3,-1,1
2374,Sniper rifle,"<a href=""/wh40k10ed/the-rules/core-rules/#Heavy"">heavy</a>, <a href=""/wh40k10ed/the-rules/core-rules/#Precision"">precision</a>",36,Ranged,1,3,4,-2,2
2374,Close combat weapon,,Melee,Melee,1,4,3,0,1
2374,Sergeant’s close combat weapon,,Melee,Melee,2,4,4,-2,1
2375,Quartermaster’s pistol,"<a href=""/wh40k10ed/the-rules/core-rules/#Pistol"">pistol</a>",12,Ranged,1,3,3,-1,1
2375,Medical scalpels,,Melee,Melee,1,5,3,0,1
2375,Quartermaster’s close combat weapon,,Melee,Melee,2,3,4,-2,1
2377,Lasgun,"<a href=""/wh40k10ed/the-rules/core-rules/#Rapid-Fire"">rapid fire 1</a>",24,Ranged,1,4,3,0,1
2377,Sniper rifle,"<a href=""/wh40k10ed/the-rules/core-rules/#Heavy"">heavy</a>, <a href=""/wh40k10ed/the-rules/core-rules/#Precision"">precision</a>",36,Ranged,1,3,4,-2,2
2377,Close combat weapon,,Melee,Melee,1,4,3,0,1
2378,Commissar’s pistol,"<a href=""/wh40k10ed/the-rules/core-rules/#Pistol"">pistol</a>",12,Ranged,1,3,3,-1,1
2378,Commissar’s close combat weapon,,Melee,Melee,3,3,4,-2,1
2378,Savage claws,"<a href=""/wh40k10ed/the-rules/core-rules/#Extra-Attacks"">extra attacks</a>",Melee,Melee,2,4,4,-1,1
2379,Autocannon,,48,Ranged,2,4,9,-1,3
2379,Heavy bolter,"<a href=""/wh40k10ed/the-rules/core-rules/#Sustained-Hits"">sustained hits 1</a>",36,Ranged,3,4,5,-1,2
2379,Heavy flamer,"<a href=""/wh40k10ed/the-rules/core-rules/#Ignores-Cover"">ignores cover</a>, <a href=""/wh40k10ed/the-rules/core-rules/#Torrent"">torrent</a>",12,Ranged,D6,N/A,5,-1,1
2379,Heavy stubber,"<a href=""/wh40k10ed/the-rules/core-rules/#Rapid-Fire"">rapid fire 3</a>",36,Ranged,3,4,4,0,1
2379,Hunter-killer missile,one shot,48,Ranged,1,4,14,-3,D6
2379,Storm bolter,"<a href=""/wh40k10ed/the-rules/core-rules/#Rapid-Fire"">rapid fire 2</a>",24,Ranged,2,4,4,0,1
2379,Armoured tracks,,Melee,Melee,3,4,6,0,1
2453,Boombits,"<a href=""/wh40k10ed/the-rules/core-rules/#Torrent"">torrent</a>",12,Ranged,D6,N/A,5,0,1
2453,Killkannon,,24,Ranged,D6+3,5,9,-2,2
2453,Dread killsaw,,Melee,Melee,4,3,14,-3,4
2453,Dread rippa klaw,,Melee,Melee,6,3,12,-2,3
2453,Stompy feet,,Melee,Melee,4,3,7,0,1
2460,Twin plague spewer,"<a href=""/wh40k10ed/the-rules/core-rules/#Anti"">anti-infantry 2+</a>, <a href=""/wh40k10ed/the-rules/core-rules/#Ignores-Cover"">ignores cover</a>, <a href=""/wh40k10ed/the-rules/core-rules/#Torrent"">torrent</a>, <a href=""/wh40k10ed/the-rules/core-rules/#Twin-linked"">twin-linked</a>",12,Ranged,D6,N/A,5,-1,1
2460,Power fist,"<a href=""/wh40k10ed/the-rules/core-rules/#Lethal-Hits"">lethal hits</a>",Melee,Melee,5,2,8,-2,2
2461,Combi-bolter,"<a href=""/wh40k10ed/the-rules/core-rules/#Lethal-Hits"">lethal hits</a>, <a href=""/wh40k10ed/the-rules/core-rules/#Rapid-Fire"">rapid fire 2</a>",24,Ranged,2,3,4,0,1
2461,Combi-weapon,"<a href=""/wh40k10ed/the-rules/core-rules/#Anti"">anti-infantry 4+</a>, <a href=""/wh40k10ed/the-rules/core-rules/#Devastating-Wounds"">devastating wounds</a>, <a href=""/wh40k10ed/the-rules/core-rules/#Rapid-Fire"">rapid fire 1</a>",24,Ranged,1,4,4,0,1
2461,Havoc launcher,"<a href=""/wh40k10ed/the-rules/core-rules/#Blast"">blast</a>",48,Ranged,D6,3,5,0,1
2461,Heavy bolter,"<a href=""/wh40k10ed/the-rules/core-rules/#Lethal-Hits"">lethal hits</a>, <a href=""/wh40k10ed/the-rules/core-rules/#Sustained-Hits"">sustained hits 1</a>",36,Ranged,3,3,5,-1,2
2461,Lascannon,,48,Ranged,1,3,12,-3,D6+1
2461,Predator autocannon,"<a href=""/wh40k10ed/the-rules/core-rules/#Lethal-Hits"">lethal hits</a>, <a href=""/wh40k10ed/the-rules/core-rules/#Rapid-Fire"">rapid fire 2</a>",48,Ranged,4,3,9,-1,3
2461,Armoured tracks,,Melee,Melee,3,4,6,0,1
2462,Miasmic gouts,"<a href=""/wh40k10ed/the-rules/core-rules/#Ignores-Cover"">ignores cover</a>, <a href=""/wh40k10ed/the-rules/core-rules/#Torrent"">torrent</a>",9,Ranged,2D6,N/A,3,0,1
2468,Storm bolter,"<a href=""/wh40k10ed/the-rules/core-rules/#Rapid-Fire"">rapid fire 2</a>",24,Ranged,2,2,4,0,1
2468,Chainfist,"<a href=""/wh40k10ed/the-rules/core-rules/#Anti"">anti-vehicle 3+</a>",Melee,Melee,4,3,8,-2,2
2468,Mace of absolution,,Melee,Melee,5,2,6,-1,3
2468,Master-crafted power weapon,,Melee,Melee,5,2,5,-2,2
2468,Power fist,,Melee,Melee,4,2,8,-2,2
2468,Thunder hammer,"<a href=""/wh40k10ed/the-rules/core-rules/#Devastating-Wounds"">devastating wounds</a>",Melee,Melee,4,3,8,-2,2
2468,Twin lightning claws,"<a href=""/wh40k10ed/the-rules/core-rules/#Twin-linked"">twin-linked</a>",Melee,Melee,6,2,5,-2,1
2471,Eyeburst,"<a href=""/wh40k10ed/the-rules/core-rules/#Pistol"">pistol</a>, <a href=""/wh40k10ed/the-rules/core-rules/#Torrent"">torrent</a>",12,Ranged,D6,N/A,6,-2,1
2471,Shardcarbine,"<a href=""/wh40k10ed/the-rules/core-rules/#Anti"">anti-infantry 3+</a>, <a href=""/wh40k10ed/the-rules/core-rules/#Assault"">assault</a>",18,Ranged,3,3,2,0,1
2471,Splinter pistol,"<a href=""/wh40k10ed/the-rules/core-rules/#Anti"">anti-infantry 3+</a>, <a href=""/wh40k10ed/the-rules/core-rules/#Assault"">assault</a>, <a href=""/wh40k10ed/the-rules/core-rules/#Pistol"">pistol</a>",12,Ranged,1,3,2,0,1
2471,Close combat weapon,,Melee,Melee,2,3,3,0,1
2471,Shaimeshi blade,"<a href=""/wh40k10ed/the-rules/core-rules/#Anti"">anti-infantry 2+</a>",Melee,Melee,4,3,4,-2,1
2471,Sslyth battle-blade,,Melee,Melee,3,3,5,-2,2
2471,Ur-ghul talons,"<a href=""/wh40k10ed/the-rules/core-rules/#Sustained-Hits"">sustained hits 1</a>",Melee,Melee,6,3,4,0,1
2472,Bolt pistol,"<a href=""/wh40k10ed/the-rules/core-rules/#Pistol"">pistol</a>",12,Ranged,1,2,4,0,1
2472,Plasma pistol – standard,"<a href=""/wh40k10ed/the-rules/core-rules/#Pistol"">pistol</a>",12,Ranged,1,2,7,-2,1
2472,Plasma pistol – supercharge,"<a href=""/wh40k10ed/the-rules/core-rules/#Hazardous"">hazardous</a>, <a href=""/wh40k10ed/the-rules/core-rules/#Pistol"">pistol</a>",12,Ranged,1,2,8,-3,2
2472,Palatine blade,,Melee,Melee,4,2,4,-2,2
2473,Artificer grav-gun,"<a href=""/wh40k10ed/the-rules/core-rules/#Anti"">anti-vehicle 2+</a>",18,Ranged,2,2,5,-1,2
2473,Hand of Defiance,,Melee,Melee,5,2,12,-2,2
2477,Mechanicus pistol,"<a href=""/wh40k10ed/the-rules/core-rules/#Devastating-Wounds"">devastating wounds</a>, <a href=""/wh40k10ed/the-rules/core-rules/#Pistol"">pistol</a>",12,Ranged,1,3,6,-1,1
2477,Servo-arc claw,"<a href=""/wh40k10ed/the-rules/core-rules/#Anti"">anti-vehicle 4+</a>, <a href=""/wh40k10ed/the-rules/core-rules/#Devastating-Wounds"">devastating wounds</a>",Melee,Melee,3,4,8,-2,2
2478,Mechanicus pistol,"<a href=""/wh40k10ed/the-rules/core-rules/#Devastating-Wounds"">devastating wounds</a>, <a href=""/wh40k10ed/the-rules/core-rules/#Pistol"">pistol</a>",12,Ranged,1,3,6,-1,1
2478,Control stave,,Melee,Melee,4,3,6,-1,1
2479,Fidelis,"<a href=""/wh40k10ed/the-rules/core-rules/#Sustained-Hits"">sustained hits 1</a>",36,Ranged,3,2,6,-1,2
2479,Paragon missile launcher – prioris,,36,Ranged,2,2,9,-2,D6
2479,Paragon missile launcher – sanctorum,"<a href=""/wh40k10ed/the-rules/core-rules/#Blast"">blast</a>",36,Ranged,2D6,2,4,0,1
2479,Lance of Illumination – strike,"<a href=""/wh40k10ed/the-rules/core-rules/#Devastating-Wounds"">devastating wounds</a>",Melee,Melee,5,2,8,-2,3
2479,Lance of Illumination – sweep,"<a href=""/wh40k10ed/the-rules/core-rules/#Devastating-Wounds"">devastating wounds</a>",Melee,Melee,10,2,5,-1,1
2480,Bolt pistol,"<a href=""/wh40k10ed/the-rules/core-rules/#Pistol"">pistol</a>",12,Ranged,1,3,4,0,1
2480,Blade of Vigil,,Melee,Melee,4,2,5,-2,2
2480,Scribe’s staff,,Melee,Melee,3,4,4,0,1
2481,Bolt pistol,"<a href=""/wh40k10ed/the-rules/core-rules/#Pistol"">pistol</a>",12,Ranged,1,3,4,0,1
2481,Inferno pistol,"<a href=""/wh40k10ed/the-rules/core-rules/#Melta"">melta 2</a>, <a href=""/wh40k10ed/the-rules/core-rules/#Pistol"">pistol</a>",6,Ranged,1,3,8,-4,D3
2481,Ministorum hand flamer,"<a href=""/wh40k10ed/the-rules/core-rules/#Ignores-Cover"">ignores cover</a>, <a href=""/wh40k10ed/the-rules/core-rules/#Pistol"">pistol</a>, <a href=""/wh40k10ed/the-rules/core-rules/#Torrent"">torrent</a>",12,Ranged,D6,N/A,4,0,1
2481,Plasma pistol – standard,"<a href=""/wh40k10ed/the-rules/core-rules/#Pistol"">pistol</a>",12,Ranged,1,3,7,-2,1
2481,Plasma pistol – supercharge,"<a href=""/wh40k10ed/the-rules/core-rules/#Hazardous"">hazardous</a>, <a href=""/wh40k10ed/the-rules/core-rules/#Pistol"">pistol</a>",12,Ranged,1,3,8,-3,2
2481,Anointed halberd,"<a href=""/wh40k10ed/the-rules/core-rules/#Sustained-Hits"">sustained hits 1</a>",Melee,Melee,3,3,5,-2,1
2481,Hallowed mace,"<a href=""/wh40k10ed/the-rules/core-rules/#Lethal-Hits"">lethal hits</a>",Melee,Melee,3,3,4,-1,2
2481,Spear of the faithful,,Melee,Melee,3,3,5,-2,2
2482,Bolt pistol,"<a href=""/wh40k10ed/the-rules/core-rules/#Pistol"">pistol</a>",12,Ranged,1,3,4,0,1
2482,Mace of the righteous,,Melee,Melee,4,3,5,-2,2
2483,Bolt pistol,"<a href=""/wh40k10ed/the-rules/core-rules/#Pistol"">pistol</a>",12,Ranged,1,3,4,0,1
2483,Heavy bolter,"<a href=""/wh40k10ed/the-rules/core-rules/#Sustained-Hits"">sustained hits 1</a>",36,Ranged,3,3,5,-1,2
2483,Ministorum heavy flamer,"<a href=""/wh40k10ed/the-rules/core-rules/#Ignores-Cover"">ignores cover</a>, <a href=""/wh40k10ed/the-rules/core-rules/#Torrent"">torrent</a>",12,Ranged,D6,N/A,6,-1,1
2483,Multi-melta,"<a href=""/wh40k10ed/the-rules/core-rules/#Melta"">melta 2</a>",18,Ranged,2,3,9,-4,D6
2483,Paragon grenade launchers,"<a href=""/wh40k10ed/the-rules/core-rules/#Twin-linked"">twin-linked</a>",24,Ranged,1,3,9,-2,D3
2483,Paragon storm bolters,"<a href=""/wh40k10ed/the-rules/core-rules/#Rapid-Fire"">rapid fire 2</a>, <a href=""/wh40k10ed/the-rules/core-rules/#Twin-linked"">twin-linked</a>",24,Ranged,2,3,4,0,1
2483,Paragon war blade,,Melee,Melee,4,3,8,-2,2
2483,Paragon war mace,,Melee,Melee,3,3,12,-1,3
2484,Castigator autocannons,"<a href=""/wh40k10ed/the-rules/core-rules/#Rapid-Fire"">rapid fire 4</a>, <a href=""/wh40k10ed/the-rules/core-rules/#Twin-linked"">twin-linked</a>",48,Ranged,4,3,9,-1,3
2484,Castigator battle cannon,"<a href=""/wh40k10ed/the-rules/core-rules/#Blast"">blast</a>, <a href=""/wh40k10ed/the-rules/core-rules/#Ignores-Cover"">ignores cover</a>",48,Ranged,D6+3,3,10,-1,3
2484,Heavy bolter,"<a href=""/wh40k10ed/the-rules/core-rules/#Sustained-Hits"">sustained hits 1</a>",36,Ranged,3,3,5,-1,2
2484,Hunter-killer missile,one shot,48,Ranged,1,2,14,-3,D6
2484,Storm bolter,"<a href=""/wh40k10ed/the-rules/core-rules/#Rapid-Fire"">rapid fire 2</a>",24,Ranged,2,3,4,0,1
2484,Armoured tracks,,Melee,Melee,3,4,6,0,1
2485,Bragg’s autocannon,"<a href=""/wh40k10ed/the-rules/core-rules/#Heavy"">heavy</a>",48,Ranged,4,5,9,-1,3
2485,Bolt pistol,"<a href=""/wh40k10ed/the-rules/core-rules/#Pistol"">pistol</a>",12,Ranged,1,2,4,0,1
2485,Corbec’s hot-shot lascarbine,"<a href=""/wh40k10ed/the-rules/core-rules/#Assault"">assault</a>",24,Ranged,3,3,3,-1,1
2485,Larkin’s long-las,"<a href=""/wh40k10ed/the-rules/core-rules/#Heavy"">heavy</a>, <a href=""/wh40k10ed/the-rules/core-rules/#Precision"">precision</a>",36,Ranged,1,2,5,-2,4
2485,Lascarbine,"<a href=""/wh40k10ed/the-rules/core-rules/#Assault"">assault</a>",24,Ranged,3,3,3,0,1
2485,Rawne’s lascarbine,"<a href=""/wh40k10ed/the-rules/core-rules/#Assault"">assault</a>, <a href=""/wh40k10ed/the-rules/core-rules/#Sustained-Hits"">sustained hits 1</a>",24,Ranged,3,3,3,0,1
2485,Gaunt’s chainsword,,Melee,Melee,5,2,3,-1,1
2485,Straight silver knife,,Melee,Melee,3,3,3,0,1
2485,Mkoll’s straight silver knife,"<a href=""/wh40k10ed/the-rules/core-rules/#Devastating-Wounds"">devastating wounds</a>, <a href=""/wh40k10ed/the-rules/core-rules/#Precision"">precision</a>",Melee,Melee,5,2,3,-1,1
2488,Slugga,"<a href=""/wh40k10ed/the-rules/core-rules/#Anti"">Anti-Monster 4+</a>, <a href=""/wh40k10ed/the-rules/core-rules/#Pistol"">pistol</a>",12,Ranged,1,5,4,-1,1
2488,Da Grabzappa,,Melee,Melee,5,2,7,-2,2
2489,Shoota,"<a href=""/wh40k10ed/the-rules/core-rules/#Rapid-Fire"">rapid fire 1</a>",18,Ranged,2,4,4,0,1
2489,Beast Snagga klaw,"<a href=""/wh40k10ed/the-rules/core-rules/#Anti"">anti-monster 4+</a>, <a href=""/wh40k10ed/the-rules/core-rules/#Anti"">anti-vehicle 4+</a>",Melee,Melee,4,3,10,-2,2
2489,Beastchoppa,"<a href=""/wh40k10ed/the-rules/core-rules/#Anti"">anti-monster 4+</a>, <a href=""/wh40k10ed/the-rules/core-rules/#Anti"">anti-vehicle 4+</a>",Melee,Melee,6,2,6,-1,2
2490,Slugga,"<a href=""/wh40k10ed/the-rules/core-rules/#Pistol"">pistol</a>",12,Ranged,1,5,4,0,1
2490,Thump gun,"<a href=""/wh40k10ed/the-rules/core-rules/#Blast"">blast</a>",18,Ranged,D3,5,6,0,2
2490,Beastchoppa,"<a href=""/wh40k10ed/the-rules/core-rules/#Anti"">anti-monster 4+</a>, <a href=""/wh40k10ed/the-rules/core-rules/#Anti"">anti-vehicle 4+</a>",Melee,Melee,6,2,6,-1,2
2490,Squigosaur’s jaws,"<a href=""/wh40k10ed/the-rules/core-rules/#Devastating-Wounds"">devastating wounds</a>, <a href=""/wh40k10ed/the-rules/core-rules/#Extra-Attacks"">extra attacks</a>",Melee,Melee,3,4,7,-2,3
2491,Beast Snagga klaw,"<a href=""/wh40k10ed/the-rules/core-rules/#Anti"">anti-monster 4+</a>, <a href=""/wh40k10ed/the-rules/core-rules/#Anti"">anti-vehicle 4+</a>",Melee,Melee,3,4,9,-2,2
2492,Eyez of Mork,"<a href=""/wh40k10ed/the-rules/core-rules/#Psychic-Weapons-and-Abilities"">psychic</a>",18,Ranged,D6,5,8,-3,2
2492,Close combat weapon,,Melee,Melee,3,3,5,0,1
2493,Thump gun,"<a href=""/wh40k10ed/the-rules/core-rules/#Blast"">blast</a>",18,Ranged,D3,5,6,0,2
2493,Big Chompa’s jaws,"<a href=""/wh40k10ed/the-rules/core-rules/#Devastating-Wounds"">devastating wounds</a>, <a href=""/wh40k10ed/the-rules/core-rules/#Extra-Attacks"">extra attacks</a>",Melee,Melee,3,3,7,-2,4
2493,Gutrippa,"<a href=""/wh40k10ed/the-rules/core-rules/#Anti"">anti-monster 4+</a>, <a href=""/wh40k10ed/the-rules/core-rules/#Anti"">anti-vehicle 4+</a>",Melee,Melee,6,2,7,-1,3
2494,Slugga,"<a href=""/wh40k10ed/the-rules/core-rules/#Pistol"">pistol</a>",12,Ranged,1,5,4,0,1
2494,Thump gun,"<a href=""/wh40k10ed/the-rules/core-rules/#Blast"">blast</a>",18,Ranged,D3,5,6,0,2
2494,Choppa,,Melee,Melee,3,3,5,-1,1
2494,Close combat weapon,,Melee,Melee,2,3,5,0,1
2494,Power snappa,,Melee,Melee,4,3,7,-1,2
2496,Saddlegit weapons,"<a href=""/wh40k10ed/the-rules/core-rules/#Assault"">assault</a>",9,Ranged,1,4,3,0,1
2496,Slugga,"<a href=""/wh40k10ed/the-rules/core-rules/#Pistol"">Pistol</a>",12,Ranged,1,5,4,0,1
2496,Stikka,"<a href=""/wh40k10ed/the-rules/core-rules/#Assault"">assault</a>, <a href=""/wh40k10ed/the-rules/core-rules/#Anti"">anti-monster 4+</a>, <a href=""/wh40k10ed/the-rules/core-rules/#Anti"">anti-vehicle 4+</a>",9,Ranged,1,5,5,-1,2
2496,Big Choppa,"<a href=""/wh40k10ed/the-rules/core-rules/#Anti"">anti-monster 4+</a>, <a href=""/wh40k10ed/the-rules/core-rules/#Anti"">anti-vehicle 4+</a>",Melee,Melee,4,3,6,-1,2
2496,Stikka,"<a href=""/wh40k10ed/the-rules/core-rules/#Anti"">anti-monster 4+</a>, <a href=""/wh40k10ed/the-rules/core-rules/#Anti"">anti-vehicle 4+</a>, <a href=""/wh40k10ed/the-rules/core-rules/#Lance"">lance</a>",Melee,Melee,3,3,5,-1,2
2496,Squig jaws,"<a href=""/wh40k10ed/the-rules/core-rules/#Extra-Attacks"">extra attacks</a>",Melee,Melee,3,4,6,-1,2
2497,’Eavy lobba,"<a href=""/wh40k10ed/the-rules/core-rules/#Blast"">blast</a>, <a href=""/wh40k10ed/the-rules/core-rules/#Indirect-Fire"">indirect fire</a>",48,Ranged,D6,5,6,0,2
2497,Stikka kannon,"<a href=""/wh40k10ed/the-rules/core-rules/#Anti"">anti-monster 2+</a>, <a href=""/wh40k10ed/the-rules/core-rules/#Anti"">anti-vehicle 2+</a>, snagged",12,Ranged,1,5,12,-2,3
2497,Wurrtower,"<a href=""/wh40k10ed/the-rules/core-rules/#Hazardous"">hazardous</a>, <a href=""/wh40k10ed/the-rules/core-rules/#Psychic-Weapons-and-Abilities"">psychic</a>, <a href=""/wh40k10ed/the-rules/core-rules/#Torrent"">torrent</a>",24,Ranged,D3,N/A,12,-3,D6
2497,Butcha boyz,"<a href=""/wh40k10ed/the-rules/core-rules/#Anti"">anti-monster 4+</a>, <a href=""/wh40k10ed/the-rules/core-rules/#Anti"">anti-vehicle 4+</a>, <a href=""/wh40k10ed/the-rules/core-rules/#Extra-Attacks"">extra attacks</a>",Melee,Melee,4,3,5,-1,1
2497,Savage horns and hooves,"<a href=""/wh40k10ed/the-rules/core-rules/#Extra-Attacks"">extra attacks</a>, <a href=""/wh40k10ed/the-rules/core-rules/#Lance"">lance</a>",Melee,Melee,4,4,8,-1,3
2497,Saw blades,,Melee,Melee,6,3,10,-1,2
2498,’Eavy lobba,"<a href=""/wh40k10ed/the-rules/core-rules/#Blast"">blast</a>, <a href=""/wh40k10ed/the-rules/core-rules/#Indirect-Fire"">indirect fire</a>",48,Ranged,D6,5,6,0,2
2498,Stikka kannon,"<a href=""/wh40k10ed/the-rules/core-rules/#Anti"">anti-monster 2+</a>, <a href=""/wh40k10ed/the-rules/core-rules/#Anti"">anti-vehicle 2+</a>, snagged",12,Ranged,1,5,12,-2,3
2498,Butcha boyz,"<a href=""/wh40k10ed/the-rules/core-rules/#Extra-Attacks"">extra attacks</a>, <a href=""/wh40k10ed/the-rules/core-rules/#Anti"">anti-monster 4+</a>, <a href=""/wh40k10ed/the-rules/core-rules/#Anti"">anti-vehicle 4+</a>",Melee,Melee,4,3,5,-1,1
2498,Savage horns and hooves,"<a href=""/wh40k10ed/the-rules/core-rules/#Extra-Attacks"">extra attacks</a>, <a href=""/wh40k10ed/the-rules/core-rules/#Lance"">lance</a>",Melee,Melee,4,4,8,-1,3
2498,Saw blades,,Melee,Melee,6,3,10,-2,2
2499,Big shoota,"<a href=""/wh40k10ed/the-rules/core-rules/#Rapid-Fire"">rapid fire 2</a>",36,Ranged,3,5,5,0,1
2499,Gaze of Gork – glare,"<a href=""/wh40k10ed/the-rules/core-rules/#Blast"">blast</a>, <a href=""/wh40k10ed/the-rules/core-rules/#Sustained-Hits"">sustained hits d3</a>",24,Ranged,D6,5,5,0,1
2499,Gaze of Gork – squint,"<a href=""/wh40k10ed/the-rules/core-rules/#Sustained-Hits"">sustained hits D3</a>",18,Ranged,1,5,12,-4,3
2500,Inferno bolt pistol,"<a href=""/wh40k10ed/the-rules/core-rules/#Pistol"">pistol</a>",12,Ranged,1,2,4,-1,1
2500,Fires of the Abyss – witchfire,"<a href=""/wh40k10ed/the-rules/core-rules/#Psychic-Weapons-and-Abilities"">psychic</a>, <a href=""/wh40k10ed/the-rules/core-rules/#Torrent"">torrent</a>",18,Ranged,D6,N/A,6,-2,1
2500,Fires of the Abyss – focused witchfire,"<a href=""/wh40k10ed/the-rules/core-rules/#Hazardous"">hazardous</a>, <a href=""/wh40k10ed/the-rules/core-rules/#Psychic-Weapons-and-Abilities"">psychic</a>, <a href=""/wh40k10ed/the-rules/core-rules/#Torrent"">torrent</a>",18,Ranged,2D6,N/A,6,-2,1
2500,Force weapon,"<a href=""/wh40k10ed/the-rules/core-rules/#Psychic-Weapons-and-Abilities"">psychic</a>",Melee,Melee,4,3,6,-1,D3
2501,Havoc launcher,"<a href=""/wh40k10ed/the-rules/core-rules/#Blast"">blast</a>",48,Ranged,D6,3,5,0,1
2501,Inferno combi-bolter,"<a href=""/wh40k10ed/the-rules/core-rules/#Rapid-Fire"">rapid fire 2</a>",24,Ranged,2,3,4,-2,1
2501,Inferno combi-weapon,"<a href=""/wh40k10ed/the-rules/core-rules/#Anti"">anti-infantry 4+</a>, <a href=""/wh40k10ed/the-rules/core-rules/#Devastating-Wounds"">devastating wounds</a>, <a href=""/wh40k10ed/the-rules/core-rules/#Rapid-Fire"">rapid fire 1</a>",24,Ranged,1,4,4,-2,1
2501,Inferno heavy bolter,"<a href=""/wh40k10ed/the-rules/core-rules/#Sustained-Hits"">sustained hits 1</a>",36,Ranged,3,3,5,-2,2
2501,Lascannon,,48,Ranged,1,3,12,-3,D6+1
2501,Predator twin lascannon,"<a href=""/wh40k10ed/the-rules/core-rules/#Twin-linked"">twin-linked</a>",48,Ranged,1,3,14,-3,D6+1
2501,Armoured tracks,,Melee,Melee,3,4,6,0,1
2507,Autopistol,"<a href=""/wh40k10ed/the-rules/core-rules/#Pistol"">pistol</a>",12,Ranged,1,3,3,0,1
2507,Autogun,"<a href=""/wh40k10ed/the-rules/core-rules/#Rapid-Fire"">rapid fire 1</a>",24,Ranged,1,3,3,0,1
2507,Bolt pistol,"<a href=""/wh40k10ed/the-rules/core-rules/#Pistol"">pistol</a>",12,Ranged,1,3,4,0,1
2507,Boltgun,"<a href=""/wh40k10ed/the-rules/core-rules/#Rapid-Fire"">rapid fire 1</a>",24,Ranged,1,3,4,0,1
2507,Ministorum flamer,"<a href=""/wh40k10ed/the-rules/core-rules/#Ignores-Cover"">ignores cover</a>, <a href=""/wh40k10ed/the-rules/core-rules/#Torrent"">torrent</a>",12,Ranged,D6,N/A,5,0,1
2507,Plasma pistol – standard,"<a href=""/wh40k10ed/the-rules/core-rules/#Pistol"">pistol</a>",12,Ranged,1,3,7,-2,1
2507,Plasma pistol – supercharge,"<a href=""/wh40k10ed/the-rules/core-rules/#Hazardous"">hazardous</a>, <a href=""/wh40k10ed/the-rules/core-rules/#Pistol"">pistol</a>",12,Ranged,1,3,8,-3,2
2507,Close combat weapon,,Melee,Melee,1,4,3,0,1
2507,Novitiate melee weapons,,Melee,Melee,2,4,4,0,1
2507,Power weapon,,Melee,Melee,2,4,4,-2,1
2509,Artificer shotgun,"<a href=""/wh40k10ed/the-rules/core-rules/#Assault"">assault</a>",12,Ranged,2,4,4,0,2
2509,Lasgun,"<a href=""/wh40k10ed/the-rules/core-rules/#Rapid-Fire"">rapid fire 1</a>",24,Ranged,1,4,3,0,1
2509,Laspistol,"<a href=""/wh40k10ed/the-rules/core-rules/#Pistol"">pistol</a>",12,Ranged,1,4,3,0,1
2509,Voidsman rotor cannon,"<a href=""/wh40k10ed/the-rules/core-rules/#Heavy"">heavy</a>, <a href=""/wh40k10ed/the-rules/core-rules/#Sustained-Hits"">sustained hits 1</a>",24,Ranged,6,5,6,0,1
2509,Close combat weapon,,Melee,Melee,1,4,3,0,1
2509,Vicious bite,,Melee,Melee,3,4,4,0,1
2518,Vaultswords – Behemor,"<a href=""/wh40k10ed/the-rules/core-rules/#Precision"">precision</a>",Melee,Melee,6,2,7,-2,2
2518,Vaultswords – Hurricanus,"<a href=""/wh40k10ed/the-rules/core-rules/#Sustained-Hits"">sustained hits 1</a>",Melee,Melee,9,2,5,-1,1
2518,Vaultswords – Victus,"<a href=""/wh40k10ed/the-rules/core-rules/#Devastating-Wounds"">devastating wounds</a>",Melee,Melee,5,2,6,-3,3
2519,Gnosis,"<a href=""/wh40k10ed/the-rules/core-rules/#Assault"">assault</a>",24,Ranged,3,2,4,-1,2
2519,Gnosis,,Melee,Melee,7,2,8,-3,2
2520,Master-crafted boltgun,"<a href=""/wh40k10ed/the-rules/core-rules/#Rapid-Fire"">rapid fire 1</a>",24,Ranged,1,2,4,0,2
2520,Witchseeker flamer,"<a href=""/wh40k10ed/the-rules/core-rules/#Ignores-Cover"">ignores cover</a>, <a href=""/wh40k10ed/the-rules/core-rules/#Torrent"">torrent</a>",12,Ranged,D6,N/A,4,0,1
2520,Close combat weapon,,Melee,Melee,3,2,3,0,1
2520,Executioner greatblade,"<a href=""/wh40k10ed/the-rules/core-rules/#Anti"">anti-psyker 5+</a>, <a href=""/wh40k10ed/the-rules/core-rules/#Devastating-Wounds"">devastating wounds</a>",Melee,Melee,3,2,5,-2,2
2521,Boltgun,"<a href=""/wh40k10ed/the-rules/core-rules/#Rapid-Fire"">rapid fire 1</a>",24,Ranged,1,3,4,0,1
2521,Close combat weapon,,Melee,Melee,2,3,3,0,1
2522,Executioner greatblade,"<a href=""/wh40k10ed/the-rules/core-rules/#Anti"">anti-psyker 5+</a>, <a href=""/wh40k10ed/the-rules/core-rules/#Devastating-Wounds"">devastating wounds</a>",Melee,Melee,2,3,5,-2,2
2523,Witchseeker flamer,"<a href=""/wh40k10ed/the-rules/core-rules/#Ignores-Cover"">ignores cover</a>, <a href=""/wh40k10ed/the-rules/core-rules/#Torrent"">torrent</a>",12,Ranged,D6,N/A,4,0,1
2523,Close combat weapon,,Melee,Melee,2,3,3,0,1
2524,Hunter-killer missile,one shot,48,Ranged,1,2,14,-3,D6
2524,Storm bolter,"<a href=""/wh40k10ed/the-rules/core-rules/#Rapid-Fire"">rapid fire 2</a>",24,Ranged,2,3,4,0,1
2524,Armoured tracks,,Melee,Melee,3,4,6,0,1
2525,Autopistol,"<a href=""/wh40k10ed/the-rules/core-rules/#Pistol"">pistol</a>",12,Ranged,1,3,3,0,1
2525,Demolition charges,"<a href=""/wh40k10ed/the-rules/core-rules/#Assault"">assault</a>, <a href=""/wh40k10ed/the-rules/core-rules/#Blast"">blast</a>, one shot",8,Ranged,D6,3,9,-2,2
2525,Remote explosives,"<a href=""/wh40k10ed/the-rules/core-rules/#Blast"">blast</a>, <a href=""/wh40k10ed/the-rules/core-rules/#Indirect-Fire"">indirect fire</a>",24,Ranged,D6+3,3,5,0,1
2525,Close combat weapon,,Melee,Melee,2,3,3,0,1
2528,Heavy venom cannon,"<a href=""/wh40k10ed/the-rules/core-rules/#Blast"">blast</a>",36,Ranged,D3,2,9,-2,3
2528,Stranglethorn cannon,"<a href=""/wh40k10ed/the-rules/core-rules/#Blast"">blast</a>",36,Ranged,D6+1,2,7,-1,2
2528,Monstrous bonesword and lash whip,"<a href=""/wh40k10ed/the-rules/core-rules/#Twin-linked"">twin-linked</a>",Melee,Melee,6,2,9,-2,3
2528,Monstrous scything talons,"<a href=""/wh40k10ed/the-rules/core-rules/#Extra-Attacks"">extra attacks</a>",Melee,Melee,4,2,7,-2,2
2528,Tyrant talons,,Melee,Melee,5,2,7,-2,2
2529,Barbed ovipositor,"<a href=""/wh40k10ed/the-rules/core-rules/#Anti"">anti-infantry 3+</a>, <a href=""/wh40k10ed/the-rules/core-rules/#Extra-Attacks"">extra attacks</a>",Melee,Melee,1,2,3,-2,3
2529,Clawed limbs,,Melee,Melee,6,2,5,-1,1
2530,Bolt pistol,"<a href=""/wh40k10ed/the-rules/core-rules/#Pistol"">pistol</a>",12,Ranged,1,2,4,0,1
2530,Master-crafted scoped bolt carbine,,24,Ranged,2,2,4,0,2
2530,Paired combat blades,"<a href=""/wh40k10ed/the-rules/core-rules/#Sustained-Hits"">sustained hits 1</a>",Melee,Melee,5,2,4,-1,1
2531,Blaster,"<a href=""/wh40k10ed/the-rules/core-rules/#Assault"">assault</a>",18,Ranged,1,3,8,-4,D6+1
2531,Neuro disruptor,"<a href=""/wh40k10ed/the-rules/core-rules/#Anti"">anti-infantry 2+</a>, <a href=""/wh40k10ed/the-rules/core-rules/#Assault"">assault</a>, <a href=""/wh40k10ed/the-rules/core-rules/#Pistol"">pistol</a>",12,Ranged,1,3,4,-2,1
2531,Shredder,"<a href=""/wh40k10ed/the-rules/core-rules/#Assault"">assault</a>, <a href=""/wh40k10ed/the-rules/core-rules/#Torrent"">torrent</a>",18,Ranged,D6,N/A,6,0,1
2531,Shuriken cannon,"<a href=""/wh40k10ed/the-rules/core-rules/#Lethal-Hits"">lethal hits</a>",24,Ranged,3,3,6,-1,2
2531,Shuriken pistol,"<a href=""/wh40k10ed/the-rules/core-rules/#Assault"">assault</a>, <a href=""/wh40k10ed/the-rules/core-rules/#Pistol"">pistol</a>",12,Ranged,1,3,4,-1,1
2531,Shuriken rifle,"<a href=""/wh40k10ed/the-rules/core-rules/#Assault"">assault</a>, <a href=""/wh40k10ed/the-rules/core-rules/#Rapid-Fire"">rapid fire 1</a>",24,Ranged,1,3,4,-1,1
2531,Wraithcannon,,18,Ranged,1,3,14,-4,D6+1
2531,Close combat weapon,,Melee,Melee,2,3,3,0,1
2531,Power sword,,Melee,Melee,2,3,4,-2,1
2532,Blaster,"<a href=""/wh40k10ed/the-rules/core-rules/#Assault"">assault</a>",18,Ranged,1,3,8,-4,D6+1
2532,Executioner,"<a href=""/wh40k10ed/the-rules/core-rules/#Anti"">anti-infantry 2+</a>, <a href=""/wh40k10ed/the-rules/core-rules/#Psychic-Weapons-and-Abilities"">psychic</a>",18,Ranged,3,3,6,-2,D3
2532,Fusion pistol,"<a href=""/wh40k10ed/the-rules/core-rules/#Assault"">assault</a>, <a href=""/wh40k10ed/the-rules/core-rules/#Melta"">melta 2</a>, <a href=""/wh40k10ed/the-rules/core-rules/#Pistol"">pistol</a>",6,Ranged,1,3,8,-4,D6
2532,Long rifle,"<a href=""/wh40k10ed/the-rules/core-rules/#Heavy"">heavy</a>, <a href=""/wh40k10ed/the-rules/core-rules/#Precision"">precision</a>",36,Ranged,1,3,4,-1,2
2532,Neuro disruptor,"<a href=""/wh40k10ed/the-rules/core-rules/#Anti"">anti-infantry 2+</a>, <a href=""/wh40k10ed/the-rules/core-rules/#Assault"">assault</a>, <a href=""/wh40k10ed/the-rules/core-rules/#Pistol"">pistol</a>",12,Ranged,1,3,4,-2,1
2532,Shredder,"<a href=""/wh40k10ed/the-rules/core-rules/#Assault"">assault</a>, <a href=""/wh40k10ed/the-rules/core-rules/#Torrent"">torrent</a>",18,Ranged,D6,N/A,6,0,1
2532,Shuriken cannon,"<a href=""/wh40k10ed/the-rules/core-rules/#Lethal-Hits"">lethal hits</a>",24,Ranged,3,3,6,-1,2
2532,Shuriken pistol,"<a href=""/wh40k10ed/the-rules/core-rules/#Assault"">assault</a>, <a href=""/wh40k10ed/the-rules/core-rules/#Pistol"">pistol</a>",12,Ranged,1,3,4,-1,1
2532,Shuriken rifle,"<a href=""/wh40k10ed/the-rules/core-rules/#Assault"">assault</a>, <a href=""/wh40k10ed/the-rules/core-rules/#Rapid-Fire"">rapid fire 1</a>",24,Ranged,1,3,4,-1,1
2532,Wraithcannon,,18,Ranged,1,3,14,-4,D6+1
2532,Close combat weapon,,Melee,Melee,3,3,3,0,1
2532,Paired Hekatarii blades,"<a href=""/wh40k10ed/the-rules/core-rules/#Twin-linked"">twin-linked</a>",Melee,Melee,4,2,3,-2,1
2532,Power sword,,Melee,Melee,3,3,4,-2,1
2532,Witch staff,"<a href=""/wh40k10ed/the-rules/core-rules/#Anti"">anti-infantry 2+</a>, <a href=""/wh40k10ed/the-rules/core-rules/#Psychic-Weapons-and-Abilities"">psychic</a>",Melee,Melee,2,2,3,0,D3
2533,Long rifle,"<a href=""/wh40k10ed/the-rules/core-rules/#Precision"">precision</a>",36,Ranged,1,2,4,-1,2
2533,Scatter laser,"<a href=""/wh40k10ed/the-rules/core-rules/#Sustained-Hits"">sustained hits 1</a>",36,Ranged,6,3,5,0,1
2533,Shuriken pistol,"<a href=""/wh40k10ed/the-rules/core-rules/#Assault"">assault</a>, <a href=""/wh40k10ed/the-rules/core-rules/#Pistol"">pistol</a>",12,Ranged,1,2,4,-1,1
2533,Close combat weapon,,Melee,Melee,1,3,3,0,1
2534,Fusion pistol,"<a href=""/wh40k10ed/the-rules/core-rules/#Assault"">assault</a>, <a href=""/wh40k10ed/the-rules/core-rules/#Melta"">melta 2</a>, <a href=""/wh40k10ed/the-rules/core-rules/#Pistol"">pistol</a>",6,Ranged,1,2,8,-4,D6
2534,Neuro disruptor,"<a href=""/wh40k10ed/the-rules/core-rules/#Anti"">anti-infantry 2+</a>, <a href=""/wh40k10ed/the-rules/core-rules/#Assault"">assault</a>, <a href=""/wh40k10ed/the-rules/core-rules/#Pistol"">pistol</a>",12,Ranged,1,2,4,-2,1
2534,Shuriken pistol,"<a href=""/wh40k10ed/the-rules/core-rules/#Assault"">assault</a>, <a href=""/wh40k10ed/the-rules/core-rules/#Pistol"">pistol</a>",12,Ranged,1,2,4,-1,1
2534,Harlequin’s special weapon,"<a href=""/wh40k10ed/the-rules/core-rules/#Devastating-Wounds"">devastating wounds</a>",Melee,Melee,6,2,4,-1,2
2534,Troupe Master’s blade,"<a href=""/wh40k10ed/the-rules/core-rules/#Devastating-Wounds"">devastating wounds</a>",Melee,Melee,5,2,5,-2,2
2535,Neuro disruptor,"<a href=""/wh40k10ed/the-rules/core-rules/#Anti"">anti-infantry 2+</a>, <a href=""/wh40k10ed/the-rules/core-rules/#Assault"">assault</a>, <a href=""/wh40k10ed/the-rules/core-rules/#Pistol"">pistol</a>",12,Ranged,1,2,4,-2,1
2535,Shuriken pistol,"<a href=""/wh40k10ed/the-rules/core-rules/#Assault"">assault</a>, <a href=""/wh40k10ed/the-rules/core-rules/#Pistol"">pistol</a>",12,Ranged,1,2,4,-1,1
2535,Miststave,"<a href=""/wh40k10ed/the-rules/core-rules/#Psychic-Weapons-and-Abilities"">psychic</a>",Melee,Melee,4,2,5,-1,D3
2536,Fusion pistol,"<a href=""/wh40k10ed/the-rules/core-rules/#Assault"">assault</a>, <a href=""/wh40k10ed/the-rules/core-rules/#Melta"">melta 2</a>, <a href=""/wh40k10ed/the-rules/core-rules/#Pistol"">pistol</a>",6,Ranged,1,3,8,-4,D6
2536,Neuro disruptor,"<a href=""/wh40k10ed/the-rules/core-rules/#Anti"">anti-infantry 2+</a>, <a href=""/wh40k10ed/the-rules/core-rules/#Assault"">assault</a>, <a href=""/wh40k10ed/the-rules/core-rules/#Pistol"">pistol</a>",12,Ranged,1,3,4,-2,1
2536,Shuriken pistol,"<a href=""/wh40k10ed/the-rules/core-rules/#Assault"">assault</a>, <a href=""/wh40k10ed/the-rules/core-rules/#Pistol"">pistol</a>",12,Ranged,1,3,4,-1,1
2536,Harlequin’s blade,"<a href=""/wh40k10ed/the-rules/core-rules/#Devastating-Wounds"">devastating wounds</a>",Melee,Melee,5,3,3,-1,1
2536,Harlequin’s special weapon,"<a href=""/wh40k10ed/the-rules/core-rules/#Devastating-Wounds"">devastating wounds</a>",Melee,Melee,4,3,4,-1,1
2536,Power sword,"<a href=""/wh40k10ed/the-rules/core-rules/#Devastating-Wounds"">devastating wounds</a>",Melee,Melee,5,3,4,-2,1
2537,Shrieker cannon,,24,Ranged,3,2,6,-2,2
2537,Jester’s blade,,Melee,Melee,4,2,4,0,1
2538,Solitaire weapons,"<a href=""/wh40k10ed/the-rules/core-rules/#Precision"">precision</a>",Melee,Melee,9,2,6,-2,2
2539,Shuriken cannon,"<a href=""/wh40k10ed/the-rules/core-rules/#Lethal-Hits"">lethal hits</a>",24,Ranged,3,3,6,-1,2
2539,Skyweaver haywire cannon,"<a href=""/wh40k10ed/the-rules/core-rules/#Anti"">anti-vehicle 4+</a>, <a href=""/wh40k10ed/the-rules/core-rules/#Devastating-Wounds"">devastating wounds</a>",24,Ranged,2,3,3,-1,3
2539,Star bolas,,12,Ranged,D3,3,7,-2,2
2539,Close combat weapon,,Melee,Melee,4,3,3,0,1
2539,Zephyrglaive,,Melee,Melee,4,3,6,-2,2
2540,Prismatic cannon – dispersed pulse,"<a href=""/wh40k10ed/the-rules/core-rules/#Blast"">blast</a>",24,Ranged,2D6,3,4,0,1
2540,Prismatic cannon – focused lances,,24,Ranged,2,3,12,-3,4
2540,Shuriken cannon,"<a href=""/wh40k10ed/the-rules/core-rules/#Lethal-Hits"">lethal hits</a>",24,Ranged,3,3,6,-1,2
2540,Voidweaver haywire cannon,"<a href=""/wh40k10ed/the-rules/core-rules/#Anti"">anti-vehicle 4+</a>, <a href=""/wh40k10ed/the-rules/core-rules/#Devastating-Wounds"">devastating wounds</a>",24,Ranged,3,3,4,-1,3
2540,Close combat weapon,,Melee,Melee,4,3,3,0,1
2541,Shuriken cannon,"<a href=""/wh40k10ed/the-rules/core-rules/#Lethal-Hits"">lethal hits</a>",24,Ranged,3,3,6,-1,2
2541,Close combat weapon,,Melee,Melee,4,3,3,0,1
2542,Storm of Whispers,"<a href=""/wh40k10ed/the-rules/core-rules/#Anti"">anti-infantry 2+</a>, <a href=""/wh40k10ed/the-rules/core-rules/#Devastating-Wounds"">devastating wounds</a>, <a href=""/wh40k10ed/the-rules/core-rules/#Psychic-Weapons-and-Abilities"">psychic</a>",12,Ranged,D6+3,2,2,-2,1
2542,Kha-vir,"<a href=""/wh40k10ed/the-rules/core-rules/#Devastating-Wounds"">devastating wounds</a>",Melee,Melee,5,2,4,-3,2
2543,Asu-var – quicksilver stance,"<a href=""/wh40k10ed/the-rules/core-rules/#Sustained-Hits"">sustained hits 2</a>",Melee,Melee,8,2,4,-1,1
2543,Asu-var – duellist stance,"<a href=""/wh40k10ed/the-rules/core-rules/#Devastating-Wounds"">devastating wounds</a>, <a href=""/wh40k10ed/the-rules/core-rules/#Precision"">precision</a>",Melee,Melee,6,2,5,-2,2
2543,Asu-var – mythic stance,"<a href=""/wh40k10ed/the-rules/core-rules/#Anti"">anti-epic hero 2+</a>, <a href=""/wh40k10ed/the-rules/core-rules/#Precision"">precision</a>",Melee,Melee,4,2,3,-4,3
2544,Swirling soul energy,"<a href=""/wh40k10ed/the-rules/core-rules/#Ignores-Cover"">ignores cover</a>, <a href=""/wh40k10ed/the-rules/core-rules/#Psychic-Weapons-and-Abilities"">psychic</a>, <a href=""/wh40k10ed/the-rules/core-rules/#Torrent"">torrent</a>",12,Ranged,D6+3,N/A,7,-1,D3
2544,Vilith-zhar – strike,,Melee,Melee,5,2,12,-4,D6+1
2544,Vilith-zhar – sweep,,Melee,Melee,10,2,6,-4,1
2562,Daemonbreath meltagun,"<a href=""/wh40k10ed/the-rules/core-rules/#Melta"">melta 2</a>",12,Ranged,1,3,9,-4,D6
2562,Diabolus heavy stubber,"<a href=""/wh40k10ed/the-rules/core-rules/#Rapid-Fire"">rapid fire 3</a>",36,Ranged,3,3,5,0,1
2562,War Dog autocannon,,48,Ranged,4,3,9,-1,3
2562,Armoured feet,,Melee,Melee,4,3,6,0,1
2563,Avenger chaincannon,,24,Ranged,12,3,6,-1,1
2563,Daemonbreath spear,"<a href=""/wh40k10ed/the-rules/core-rules/#Melta"">melta 4</a>",18,Ranged,2,3,12,-4,D6
2563,Diabolus heavy stubber,"<a href=""/wh40k10ed/the-rules/core-rules/#Rapid-Fire"">rapid fire 3</a>",36,Ranged,3,3,5,0,1
2563,Havoc multi-launcher,"<a href=""/wh40k10ed/the-rules/core-rules/#Blast"">blast</a>, <a href=""/wh40k10ed/the-rules/core-rules/#Indirect-Fire"">indirect fire</a>",48,Ranged,D6,3,5,0,1
2563,Reaper chaintalon – strike,,Melee,Melee,4,3,10,-3,3
2563,Reaper chaintalon – sweep,,Melee,Melee,8,3,8,-2,1
2563,Slaughterclaw,,Melee,Melee,4,3,12,-3,D6+2
2564,Diabolus heavy stubber,"<a href=""/wh40k10ed/the-rules/core-rules/#Rapid-Fire"">rapid fire 3</a>",36,Ranged,3,3,5,0,1
2564,Havoc multi-launcher,"<a href=""/wh40k10ed/the-rules/core-rules/#Blast"">blast</a>, <a href=""/wh40k10ed/the-rules/core-rules/#Indirect-Fire"">indirect fire</a>",48,Ranged,D6,3,5,0,1
2564,Reaper chaintalon,"<a href=""/wh40k10ed/the-rules/core-rules/#Sustained-Hits"">sustained hits 1</a>",Melee,Melee,12,3,8,-2,1
2564,Slaughterclaw,"<a href=""/wh40k10ed/the-rules/core-rules/#Sustained-Hits"">sustained hits 1</a>",Melee,Melee,6,3,12,-3,D6+2
2565,Avenger chaincannon,,24,Ranged,12,3,6,-1,1
2565,Daemonbreath spear,"<a href=""/wh40k10ed/the-rules/core-rules/#Melta"">melta 4</a>",18,Ranged,2,3,12,-4,D6
2565,Diabolus heavy stubber,"<a href=""/wh40k10ed/the-rules/core-rules/#Rapid-Fire"">rapid fire 3</a>",36,Ranged,3,3,5,0,1
2565,Havoc multi-launcher,"<a href=""/wh40k10ed/the-rules/core-rules/#Blast"">blast</a>, <a href=""/wh40k10ed/the-rules/core-rules/#Indirect-Fire"">indirect fire</a>",48,Ranged,D6,3,5,0,1
2565,Armoured feet,,Melee,Melee,4,3,6,0,1
2566,Daemonbreath meltagun,"<a href=""/wh40k10ed/the-rules/core-rules/#Melta"">melta 2</a>",12,Ranged,1,3,9,-4,D6
2566,Daemonbreath spear,"<a href=""/wh40k10ed/the-rules/core-rules/#Melta"">melta 4</a>",18,Ranged,2,3,12,-4,D6
2566,Diabolus heavy stubber,"<a href=""/wh40k10ed/the-rules/core-rules/#Rapid-Fire"">rapid fire 3</a>",36,Ranged,3,3,5,0,1
2566,Reaper chaintalon – strike,,Melee,Melee,4,3,10,-3,3
2566,Reaper chaintalon – sweep,,Melee,Melee,8,3,8,-2,1
2567,Diabolus heavy stubber,"<a href=""/wh40k10ed/the-rules/core-rules/#Rapid-Fire"">rapid fire 3</a>",36,Ranged,3,3,5,0,1
2567,Volkite combustor,"<a href=""/wh40k10ed/the-rules/core-rules/#Devastating-Wounds"">devastating wounds</a>",30,Ranged,12,3,12,0,3
2567,Balemace,"<a href=""/wh40k10ed/the-rules/core-rules/#Extra-Attacks"">extra attacks</a>",Melee,Melee,3,3,8,-1,2
2567,Electroscourge,"<a href=""/wh40k10ed/the-rules/core-rules/#Sustained-Hits"">sustained hits 1</a>",Melee,Melee,9,3,10,-2,3
2568,Bellicatus missile array – frag,"<a href=""/wh40k10ed/the-rules/core-rules/#Blast"">blast</a>",48,Ranged,D6,3,4,0,1
2568,Bellicatus missile array – Icarus,"<a href=""/wh40k10ed/the-rules/core-rules/#Anti"">anti-fly 2+</a>",48,Ranged,D3,3,8,-1,2
2568,Bellicatus missile array – krak,,48,Ranged,1,3,8,-2,D6
2568,Fragstorm grenade launcher,"<a href=""/wh40k10ed/the-rules/core-rules/#Blast"">blast</a>",18,Ranged,D6,3,4,0,1
2568,Ironhail heavy stubber,"<a href=""/wh40k10ed/the-rules/core-rules/#Rapid-Fire"">rapid fire 3</a>",36,Ranged,3,3,4,0,1
2568,Ironhail skytalon array,"<a href=""/wh40k10ed/the-rules/core-rules/#Anti"">anti-fly 4+</a>, <a href=""/wh40k10ed/the-rules/core-rules/#Sustained-Hits"">sustained hits 1</a>",36,Ranged,8,3,4,0,1
2568,Storm bolter,"<a href=""/wh40k10ed/the-rules/core-rules/#Rapid-Fire"">rapid fire 2</a>",24,Ranged,2,3,4,0,1
2568,Armoured hull,,Melee,Melee,3,4,6,0,1
2569,Autopistol,"<a href=""/wh40k10ed/the-rules/core-rules/#Pistol"">pistol</a>",12,Ranged,1,4,3,0,1
2569,Warp Curse – witchfire,"<a href=""/wh40k10ed/the-rules/core-rules/#Psychic-Weapons-and-Abilities"">psychic</a>",18,Ranged,3,3,4,-1,2
2569,Warp Curse – focused witchfire,"<a href=""/wh40k10ed/the-rules/core-rules/#Hazardous"">hazardous</a>, <a href=""/wh40k10ed/the-rules/core-rules/#Psychic-Weapons-and-Abilities"">psychic</a>, <a href=""/wh40k10ed/the-rules/core-rules/#Sustained-Hits"">sustained hits 2</a>",18,Ranged,3,3,5,-1,2
2569,Close combat weapon,,Melee,Melee,1,4,3,0,1
2569,Commune blade,,Melee,Melee,2,4,4,-2,1
2569,Commune stave,"<a href=""/wh40k10ed/the-rules/core-rules/#Devastating-Wounds"">devastating wounds</a>",Melee,Melee,2,4,3,0,D3
2570,Balefire tome,"<a href=""/wh40k10ed/the-rules/core-rules/#Psychic-Weapons-and-Abilities"">psychic</a>",18,Ranged,2,3,5,-1,1
2570,Bolt pistol,"<a href=""/wh40k10ed/the-rules/core-rules/#Pistol"">pistol</a>",12,Ranged,1,3,4,0,1
2570,Boltgun,,24,Ranged,2,3,4,0,1
2570,Flamer,"<a href=""/wh40k10ed/the-rules/core-rules/#Ignores-Cover"">ignores cover</a>, <a href=""/wh40k10ed/the-rules/core-rules/#Torrent"">torrent</a>",12,Ranged,D6,N/A,4,0,1
2570,Havoc autocannon,,48,Ranged,2,4,9,-1,3
2570,Heavy bolter,"<a href=""/wh40k10ed/the-rules/core-rules/#Heavy"">HEAVY</a>, <a href=""/wh40k10ed/the-rules/core-rules/#Sustained-Hits"">SUSTAINED HITS 1</a>",36,Ranged,3,4,5,-1,2
2570,Meltagun,"<a href=""/wh40k10ed/the-rules/core-rules/#Melta"">melta 2</a>",12,Ranged,1,3,9,-4,D6
2570,Lascannon,"<a href=""/wh40k10ed/the-rules/core-rules/#Heavy"">HEAVY</a>",48,Ranged,1,4,12,-3,D6+1
2570,Missile launcher – frag,"<a href=""/wh40k10ed/the-rules/core-rules/#Blast"">BLAST</a>, <a href=""/wh40k10ed/the-rules/core-rules/#Heavy"">HEAVY</a>",48,Ranged,D6,4,4,0,1
2570,Missile launcher – krak,"<a href=""/wh40k10ed/the-rules/core-rules/#Heavy"">HEAVY</a>",48,Ranged,1,4,9,-2,D6
2570,Plasma gun – standard,"<a href=""/wh40k10ed/the-rules/core-rules/#Rapid-Fire"">RAPID FIRE 1</a>",24,Ranged,1,3,7,-2,1
2570,Plasma gun – supercharge,"<a href=""/wh40k10ed/the-rules/core-rules/#Hazardous"">HAZARDOUS</a>, <a href=""/wh40k10ed/the-rules/core-rules/#Rapid-Fire"">RAPID FIRE 1</a>",24,Ranged,1,3,8,-3,2
2570,Plasma pistol – standard,"<a href=""/wh40k10ed/the-rules/core-rules/#Pistol"">pistol</a>",12,Ranged,1,3,7,-2,1
2570,Plasma pistol – supercharge,"<a href=""/wh40k10ed/the-rules/core-rules/#Hazardous"">hazardous</a>, <a href=""/wh40k10ed/the-rules/core-rules/#Pistol"">pistol</a>",12,Ranged,1,3,8,-3,2
2570,Reaper chaincannon,"<a href=""/wh40k10ed/the-rules/core-rules/#Heavy"">heavy</a>",24,Ranged,8,4,5,0,1
2570,Accursed weapon,,Melee,Melee,4,3,5,-2,1
2570,Astartes chainsword,,Melee,Melee,4,3,4,-1,1
2570,Close combat weapon,,Melee,Melee,3,3,4,0,1
2570,Heavy melee weapon,,Melee,Melee,3,3,8,-2,2
2571,Blasphemous appendages,,Melee,Melee,2,4,4,0,1
2571,Hideous mutations,,Melee,Melee,D6+2,4,5,-1,2
2572,Combi-bolter,"<a href=""/wh40k10ed/the-rules/core-rules/#Rapid-Fire"">rapid fire 2</a>",24,Ranged,2,3,4,0,1
2572,Combi-weapon,"<a href=""/wh40k10ed/the-rules/core-rules/#Anti"">anti-infantry 4+</a>, <a href=""/wh40k10ed/the-rules/core-rules/#Devastating-Wounds"">devastating wounds</a>, <a href=""/wh40k10ed/the-rules/core-rules/#Rapid-Fire"">rapid fire 1</a>",24,Ranged,1,4,4,0,1
2572,Havoc launcher,"<a href=""/wh40k10ed/the-rules/core-rules/#Blast"">blast</a>",48,Ranged,D6,3,5,0,1
2572,Heavy bolter,"<a href=""/wh40k10ed/the-rules/core-rules/#Sustained-Hits"">sustained hits 1</a>",36,Ranged,3,3,5,-1,2
2572,Lascannon,,48,Ranged,1,3,12,-3,D6+1
2572,Predator twin lascannon,"<a href=""/wh40k10ed/the-rules/core-rules/#Twin-linked"">twin-linked</a>",48,Ranged,1,3,14,-3,D6+1
2572,Armoured tracks,,Melee,Melee,3,4,6,0,1
2582,Bloodflail,"<a href=""/wh40k10ed/the-rules/core-rules/#Devastating-Wounds"">devastating wounds</a>",12,Ranged,1,2,16,-3,D6+1
2582,Hellfire breath,"<a href=""/wh40k10ed/the-rules/core-rules/#Ignores-Cover"">ignores cover</a>, <a href=""/wh40k10ed/the-rules/core-rules/#Torrent"">torrent</a>",12,Ranged,D6,N/A,5,-1,1
2582,Lash of Khorne,,12,Ranged,6,2,8,-1,2
2582,Axe of Khorne – strike,,Melee,Melee,8,2,14,-4,D3+1
2582,Axe of Khorne – sweep,,Melee,Melee,16,2,8,-2,1
2582,Great axe of Khorne – strike,,Melee,Melee,7,2,16,-4,D6+2
2582,Great axe of Khorne – sweep,,Melee,Melee,14,2,10,-2,2
2583,Coruscating Blue Flames,"<a href=""/wh40k10ed/the-rules/core-rules/#Pistol"">pistol</a>, <a href=""/wh40k10ed/the-rules/core-rules/#Psychic-Weapons-and-Abilities"">psychic</a>",18,Ranged,2,4,3,-1,1
2583,Coruscating Yellow Flames,"<a href=""/wh40k10ed/the-rules/core-rules/#Pistol"">pistol</a>, <a href=""/wh40k10ed/the-rules/core-rules/#Psychic-Weapons-and-Abilities"">psychic</a>",18,Ranged,2,5,2,-1,1
2583,Blue claws,,Melee,Melee,1,5,3,0,1
2583,Yellow claws,,Melee,Melee,2,5,2,0,1
2584,Coruscating Pink Flames,"<a href=""/wh40k10ed/the-rules/core-rules/#Pistol"">pistol</a>, <a href=""/wh40k10ed/the-rules/core-rules/#Psychic-Weapons-and-Abilities"">psychic</a>",18,Ranged,2,3,4,-1,1
2584,Coruscating Blue Flames,"<a href=""/wh40k10ed/the-rules/core-rules/#Pistol"">pistol</a>, <a href=""/wh40k10ed/the-rules/core-rules/#Psychic-Weapons-and-Abilities"">psychic</a>",18,Ranged,2,4,3,-1,1
2584,Coruscating Yellow Flames,"<a href=""/wh40k10ed/the-rules/core-rules/#Pistol"">pistol</a>, <a href=""/wh40k10ed/the-rules/core-rules/#Psychic-Weapons-and-Abilities"">psychic</a>",18,Ranged,2,5,2,-1,1
2584,Pink claws,,Melee,Melee,1,4,3,0,1
2584,Blue claws,,Melee,Melee,1,5,3,0,1
2584,Yellow claws,,Melee,Melee,2,5,2,0,1
2587,Autopistol,"<a href=""/wh40k10ed/the-rules/core-rules/#Pistol"">pistol</a>",12,Ranged,1,4,3,0,1
2587,Bolt pistol,"<a href=""/wh40k10ed/the-rules/core-rules/#Pistol"">pistol</a>",12,Ranged,1,4,4,0,1
2587,Demolition charge,"<a href=""/wh40k10ed/the-rules/core-rules/#Assault"">assault</a>, <a href=""/wh40k10ed/the-rules/core-rules/#Blast"">blast</a>, <a href=""/wh40k10ed/the-rules/core-rules/#Hazardous"">hazardous</a>, one shot",6,Ranged,D6,5,9,-2,2
2587,Meltagun,"<a href=""/wh40k10ed/the-rules/core-rules/#Melta"">melta 2</a>",12,Ranged,1,4,9,-4,D6
2587,Navis heavy shotgun,"<a href=""/wh40k10ed/the-rules/core-rules/#Assault"">assault</a>",12,Ranged,4,4,4,0,1
2587,Navis las-volley,,18,Ranged,4,4,6,0,1
2587,Navis shotgun,"<a href=""/wh40k10ed/the-rules/core-rules/#Assault"">assault</a>",12,Ranged,2,4,4,0,1
2587,Plasma gun – standard,"<a href=""/wh40k10ed/the-rules/core-rules/#Rapid-Fire"">rapid fire 1</a>",24,Ranged,1,4,7,-1,1
2587,Plasma gun – supercharge,"<a href=""/wh40k10ed/the-rules/core-rules/#Hazardous"">hazardous</a>, <a href=""/wh40k10ed/the-rules/core-rules/#Rapid-Fire"">rapid fire 1</a>",24,Ranged,1,4,8,-2,2
2587,Chainfist,"<a href=""/wh40k10ed/the-rules/core-rules/#Anti"">anti-vehicle 3+</a>",Melee,Melee,1,5,6,-2,2
2587,Chainsword,,Melee,Melee,3,4,3,0,1
2587,Close combat weapon,,Melee,Melee,1,4,3,0,1
2587,Power weapon,,Melee,Melee,2,4,4,-2,1
2588,Dvorgite skinner,"<a href=""/wh40k10ed/the-rules/core-rules/#Ignores-Cover"">ignores cover</a>, <a href=""/wh40k10ed/the-rules/core-rules/#Torrent"">torrent</a>",12,Ranged,D6,N/A,4,-1,1
2588,Farstalker firearm,"<a href=""/wh40k10ed/the-rules/core-rules/#Rapid-Fire"">rapid fire 1</a>",24,Ranged,1,4,4,0,1
2588,Kroot pistol,"<a href=""/wh40k10ed/the-rules/core-rules/#Pistol"">pistol</a>",12,Ranged,1,4,4,0,1
2588,Londaxi tribalest,"<a href=""/wh40k10ed/the-rules/core-rules/#Anti"">anti-vehicle 4+</a>, <a href=""/wh40k10ed/the-rules/core-rules/#Devastating-Wounds"">devastating wounds</a>, <a href=""/wh40k10ed/the-rules/core-rules/#Heavy"">heavy</a>",18,Ranged,3,5,7,-1,1
2588,T’au-tech rifle,"<a href=""/wh40k10ed/the-rules/core-rules/#Rapid-Fire"">rapid fire 1</a>",30,Ranged,1,4,5,0,1
2588,Close combat weapon,,Melee,Melee,2,3,4,0,1
2588,Ripping fangs,,Melee,Melee,3,3,3,0,1
2588,Ritual blade,,Melee,Melee,3,3,5,0,1
2589,Bolt pistol,"<a href=""/wh40k10ed/the-rules/core-rules/#Pistol"">pistol</a>",12,Ranged,1,3,4,0,1
2589,Ogryn weapons,,Melee,Melee,5,3,7,-1,2
2589,Power fist,,Melee,Melee,3,3,6,-2,2
2590,Boltgun,"<a href=""/wh40k10ed/the-rules/core-rules/#Rapid-Fire"">rapid fire 1</a>",24,Ranged,1,4,4,0,1
2590,Corrupted pistol,"<a href=""/wh40k10ed/the-rules/core-rules/#Pistol"">pistol</a>",12,Ranged,1,4,4,-1,1
2590,Cultist grenade launcher – frag,"<a href=""/wh40k10ed/the-rules/core-rules/#Blast"">blast</a>",24,Ranged,D3,4,4,0,1
2590,Cultist grenade launcher – krak,,24,Ranged,1,4,9,-2,D3
2590,Cultist sniper rifle,"<a href=""/wh40k10ed/the-rules/core-rules/#Heavy"">heavy</a>, <a href=""/wh40k10ed/the-rules/core-rules/#Precision"">precision</a>",36,Ranged,1,4,4,-2,2
2590,Flamer,"<a href=""/wh40k10ed/the-rules/core-rules/#Ignores-Cover"">ignores cover</a>, <a href=""/wh40k10ed/the-rules/core-rules/#Torrent"">torrent</a>",12,Ranged,D6,N/A,4,0,1
2590,Lasgun,"<a href=""/wh40k10ed/the-rules/core-rules/#Rapid-Fire"">rapid fire 1</a>",24,Ranged,1,4,3,0,1
2590,Meltagun,"<a href=""/wh40k10ed/the-rules/core-rules/#Melta"">melta 2</a>",12,Ranged,1,4,9,-4,D6
2590,Plasma gun – standard,"<a href=""/wh40k10ed/the-rules/core-rules/#Rapid-Fire"">rapid fire 1</a>",24,Ranged,1,4,7,-2,1
2590,Plasma gun – supercharge,"<a href=""/wh40k10ed/the-rules/core-rules/#Hazardous"">hazardous</a>, <a href=""/wh40k10ed/the-rules/core-rules/#Rapid-Fire"">rapid fire 1</a>",24,Ranged,1,4,8,-3,2
2590,Chainsword,,Melee,Melee,3,4,3,0,1
2590,Close combat weapon,,Melee,Melee,1,4,3,0,1
2590,Power weapon,,Melee,Melee,2,4,4,-2,1
2591,Diseased claws and fangs,"<a href=""/wh40k10ed/the-rules/core-rules/#Lethal-Hits"">lethal hits</a>",Melee,Melee,2,4,2,0,1
2592,Belly-flamer,"<a href=""/wh40k10ed/the-rules/core-rules/#Ignores-Cover"">ignores cover</a>, <a href=""/wh40k10ed/the-rules/core-rules/#Torrent"">torrent</a>",12,Ranged,D6,N/A,5,0,1
2592,Brutal weapons,,Melee,Melee,2,4,4,0,1
2592,Hideous mutations,,Melee,Melee,4,4,6,-1,2
2593,Volkanite disintegrator,"<a href=""/wh40k10ed/the-rules/core-rules/#Devastating-Wounds"">devastating wounds</a>",24,Ranged,3,2,5,0,1
2593,Blade of the Ancestors,"<a href=""/wh40k10ed/the-rules/core-rules/#Devastating-Wounds"">devastating wounds</a>",Melee,Melee,5,2,6,-3,2
2594,Autoch-pattern combi-bolter,,24,Ranged,4,2,4,0,1
2594,Volkanite disintegrator,"<a href=""/wh40k10ed/the-rules/core-rules/#Devastating-Wounds"">devastating wounds</a>",24,Ranged,3,2,5,0,1
2594,Forgewrought plasma axe,,Melee,Melee,4,2,5,-2,2
2594,Mass gauntlet,,Melee,Melee,3,3,8,-3,3
2595,Autoch-pattern combi-bolter,,24,Ranged,4,2,4,0,1
2595,Darkstar axe,,Melee,Melee,6,2,6,-3,2
2595,Mass hammer,,Melee,Melee,3,3,12,-3,D6+1
2596,Ancestral Wrath – witchfire,"<a href=""/wh40k10ed/the-rules/core-rules/#Psychic-Weapons-and-Abilities"">psychic</a>",24,Ranged,3,3,6,-2,D3
2596,Ancestral Wrath – focused witchfire,"<a href=""/wh40k10ed/the-rules/core-rules/#Hazardous"">hazardous</a>, <a href=""/wh40k10ed/the-rules/core-rules/#Psychic-Weapons-and-Abilities"">psychic</a>",24,Ranged,6,3,6,-2,D3
2596,Autoch-pattern bolter,,24,Ranged,2,4,4,0,1
2596,Ancestral ward stave,"<a href=""/wh40k10ed/the-rules/core-rules/#Psychic-Weapons-and-Abilities"">psychic</a>",Melee,Melee,2,3,7,-1,D3
2596,Close combat weapon,,Melee,Melee,1,4,3,0,1
2597,Autoch-pattern bolt pistol,,12,Ranged,1,3,4,0,1
2597,Graviton rifle,"<a href=""/wh40k10ed/the-rules/core-rules/#Anti"">anti-monster 3+</a>, <a href=""/wh40k10ed/the-rules/core-rules/#Anti"">anti-vehicle 3+</a>",18,Ranged,3,3,5,-1,3
2597,Las-beam cutter,,6,Ranged,1,4,6,-3,1
2597,Close combat weapon,,Melee,Melee,1,4,3,0,1
2597,Graviton hammer,"<a href=""/wh40k10ed/the-rules/core-rules/#Anti"">anti-monster 3+</a>, <a href=""/wh40k10ed/the-rules/core-rules/#Anti"">anti-vehicle 3+</a>",Melee,Melee,3,4,9,-1,3
2597,Manipulator arms,,Melee,Melee,3,4,3,0,1
2597,Plasma torch,,Melee,Melee,1,4,6,-3,2
2598,Autoch-pattern bolt pistol,"<a href=""/wh40k10ed/the-rules/core-rules/#Pistol"">pistol</a>",12,Ranged,1,4,4,0,1
2598,Autoch-pattern bolter,,24,Ranged,2,4,4,0,1
2598,EtaCarn plasma beamer,"<a href=""/wh40k10ed/the-rules/core-rules/#Sustained-Hits"">sustained hits d3</a>",18,Ranged,1,4,8,-3,2
2598,HYLas auto rifle,"<a href=""/wh40k10ed/the-rules/core-rules/#Assault"">assault</a>, <a href=""/wh40k10ed/the-rules/core-rules/#Rapid-Fire"">rapid fire 3</a>",24,Ranged,3,4,6,-1,1
2598,HYLas rotary cannon,"<a href=""/wh40k10ed/the-rules/core-rules/#Heavy"">heavy</a>, <a href=""/wh40k10ed/the-rules/core-rules/#Sustained-Hits"">sustained hits 1</a>",24,Ranged,6,5,6,-1,1
2598,Ion blaster,,18,Ranged,1,4,5,-2,1
2598,L7 missile launcher – blast,"<a href=""/wh40k10ed/the-rules/core-rules/#Blast"">blast</a>",24,Ranged,D6,4,4,0,1
2598,L7 missile launcher – focused,,24,Ranged,1,4,9,-2,D6
2598,Magna-rail rifle,"<a href=""/wh40k10ed/the-rules/core-rules/#Devastating-Wounds"">devastating wounds</a>, <a href=""/wh40k10ed/the-rules/core-rules/#Heavy"">heavy</a>",18,Ranged,1,5,12,-3,D3+3
2598,Theyn’s pistol,"<a href=""/wh40k10ed/the-rules/core-rules/#Pistol"">pistol</a>",12,Ranged,1,4,8,-2,1
2598,Close combat weapon,,Melee,Melee,1,4,4,0,1
2598,Plasma knife,,Melee,Melee,2,4,4,-2,1
2598,Theyn’s melee weapon,,Melee,Melee,2,4,5,-2,2
2599,EtaCarn plasma gun,"<a href=""/wh40k10ed/the-rules/core-rules/#Rapid-Fire"">rapid fire 1</a>",24,Ranged,1,3,7,-3,2
2599,Exoarmour grenade launcher,"<a href=""/wh40k10ed/the-rules/core-rules/#Blast"">blast</a>",24,Ranged,D3,3,3,0,1
2599,Volkanite disintegrator,"<a href=""/wh40k10ed/the-rules/core-rules/#Devastating-Wounds"">devastating wounds</a>",24,Ranged,3,3,5,0,1
2599,Concussion gauntlet,,Melee,Melee,2,3,8,-2,2
2599,Graviton hammer,"<a href=""/wh40k10ed/the-rules/core-rules/#Anti"">anti-monster 3+</a>, <a href=""/wh40k10ed/the-rules/core-rules/#Anti"">anti-vehicle 3+</a>",Melee,Melee,3,4,9,-1,3
2599,Plasma blade gauntlet,,Melee,Melee,3,3,6,-2,1
2600,Mole grenade launcher,"<a href=""/wh40k10ed/the-rules/core-rules/#Blast"">blast</a>, <a href=""/wh40k10ed/the-rules/core-rules/#Indirect-Fire"">indirect fire</a>",18,Ranged,D6,5,5,-1,1
2600,Concussion maul,"<a href=""/wh40k10ed/the-rules/core-rules/#Anti"">anti-monster 3+</a>, <a href=""/wh40k10ed/the-rules/core-rules/#Anti"">anti-vehicle 3+</a>",Melee,Melee,3,4,5,-2,3
2600,Heavy plasma axe,,Melee,Melee,3,4,7,-2,3
2600,Twin concussion gauntlet,"<a href=""/wh40k10ed/the-rules/core-rules/#Twin-linked"">twin-linked</a>",Melee,Melee,4,4,9,-2,2
2601,Bolt revolver,"<a href=""/wh40k10ed/the-rules/core-rules/#Pistol"">pistol</a>",12,Ranged,1,4,5,0,1
2601,Bolt shotgun,"<a href=""/wh40k10ed/the-rules/core-rules/#Assault"">assault</a>",18,Ranged,2,4,5,0,1
2601,HYLas rotary cannon,"<a href=""/wh40k10ed/the-rules/core-rules/#Sustained-Hits"">sustained hits 1</a>",24,Ranged,6,4,6,-1,1
2601,Ion beamer,"<a href=""/wh40k10ed/the-rules/core-rules/#Blast"">blast</a>",18,Ranged,D3+1,4,8,-2,1
2601,Magna-coil autocannon,,24,Ranged,3,4,7,-1,2
2601,Plasma knife,,Melee,Melee,2,4,4,-2,1
2602,HYLas beam cannon,,24,Ranged,2,4,12,-3,D6+1
2602,L7 missile launcher – blast,"<a href=""/wh40k10ed/the-rules/core-rules/#Blast"">blast</a>",36,Ranged,D6,4,4,0,1
2602,L7 missile launcher – focused,,36,Ranged,1,4,9,-2,D6
2602,MATR autocannon,"<a href=""/wh40k10ed/the-rules/core-rules/#Assault"">assault</a>, <a href=""/wh40k10ed/the-rules/core-rules/#Sustained-Hits"">sustained hits 1</a>",24,Ranged,6,4,7,-1,2
2602,Sagitaur missile launcher,,36,Ranged,2,4,10,-3,3
2602,Twin bolt cannon,"<a href=""/wh40k10ed/the-rules/core-rules/#Sustained-Hits"">sustained hits 2</a>, <a href=""/wh40k10ed/the-rules/core-rules/#Twin-linked"">twin-linked</a>",36,Ranged,3,4,6,-1,2
2602,Armoured wheels,,Melee,Melee,3,4,6,0,1
2603,Bolt cannon,"<a href=""/wh40k10ed/the-rules/core-rules/#Sustained-Hits"">sustained hits 2</a>",36,Ranged,3,4,6,-1,2
2603,Graviton blast cannon,"<a href=""/wh40k10ed/the-rules/core-rules/#Anti"">anti-monster 3+</a>, <a href=""/wh40k10ed/the-rules/core-rules/#Anti"">anti-vehicle 3+</a>",24,Ranged,3,4,5,-2,3
2603,SP conversion beamer,"conversion, <a href=""/wh40k10ed/the-rules/core-rules/#Lethal-Hits"">lethal hits</a>",24,Ranged,2,4,7,-2,3
2603,Close combat weapon,,Melee,Melee,2,4,4,0,1
2604,Cyclic ion cannon,"<a href=""/wh40k10ed/the-rules/core-rules/#Blast"">blast</a>",24,Ranged,D6+2,4,7,-2,2
2604,Heavy magna-rail cannon,"<a href=""/wh40k10ed/the-rules/core-rules/#Devastating-Wounds"">devastating wounds</a>, <a href=""/wh40k10ed/the-rules/core-rules/#Heavy"">heavy</a>",30,Ranged,2,4,18,-4,D6+4
2604,Hekaton warhead,"<a href=""/wh40k10ed/the-rules/core-rules/#Blast"">blast</a>, one shot",36,Ranged,D6+3,4,7,-2,2
2604,MATR autocannon,"<a href=""/wh40k10ed/the-rules/core-rules/#Assault"">assault</a>, <a href=""/wh40k10ed/the-rules/core-rules/#Sustained-Hits"">sustained hits 1</a>",24,Ranged,6,4,7,-1,2
2604,SP heavy conversion beamer,"conversion, <a href=""/wh40k10ed/the-rules/core-rules/#Lethal-Hits"">lethal hits</a>",24,Ranged,4,4,10,-2,4
2604,Twin bolt cannon,"<a href=""/wh40k10ed/the-rules/core-rules/#Sustained-Hits"">SUSTAINED HITS 2</a>, <a href=""/wh40k10ed/the-rules/core-rules/#Twin-linked"">TWIN-LINKED</a>",36,Ranged,3,4,6,-1,2
2604,Twin ion beamer,"<a href=""/wh40k10ed/the-rules/core-rules/#Blast"">blast</a>, <a href=""/wh40k10ed/the-rules/core-rules/#Twin-linked"">twin-linked</a>",18,Ranged,D3+1,4,8,-2,1
2604,Armoured wheels,,Melee,Melee,6,4,8,0,1
2605,Sol’s Righteous Gaze,"<a href=""/wh40k10ed/the-rules/core-rules/#Pistol"">pistol</a>",12,Ranged,2,2,8,-2,2
2605,Conquest,,Melee,Melee,6,2,6,-2,2
2605,Konstantin’s hooves,"<a href=""/wh40k10ed/the-rules/core-rules/#Extra-Attacks"">extra attacks</a>",Melee,Melee,2,4,4,0,1
2606,Duty and Vengeance,"<a href=""/wh40k10ed/the-rules/core-rules/#Pistol"">pistol</a>",12,Ranged,4,3,5,-2,1
2606,Power weapon,,Melee,Melee,4,3,4,-2,1
2607,Boltgun,"<a href=""/wh40k10ed/the-rules/core-rules/#Rapid-Fire"">rapid fire 1</a>",24,Ranged,1,3,4,0,1
2607,Bolt pistol,"<a href=""/wh40k10ed/the-rules/core-rules/#Pistol"">pistol</a>",12,Ranged,1,3,4,0,1
2607,Laspistol,"<a href=""/wh40k10ed/the-rules/core-rules/#Pistol"">pistol</a>",12,Ranged,1,3,3,0,1
2607,Plasma pistol – standard,"<a href=""/wh40k10ed/the-rules/core-rules/#Pistol"">pistol</a>",12,Ranged,1,3,7,-2,1
2607,Plasma pistol – supercharge,"<a href=""/wh40k10ed/the-rules/core-rules/#Hazardous"">hazardous</a>, <a href=""/wh40k10ed/the-rules/core-rules/#Pistol"">pistol</a>",12,Ranged,1,3,8,-3,2
2607,Chainsword,,Melee,Melee,5,3,3,0,1
2607,Close combat weapon,,Melee,Melee,3,4,3,0,1
2607,Power fist,,Melee,Melee,3,3,6,-2,2
2607,Power weapon,,Melee,Melee,4,3,4,-2,1
2609,Bolt pistol,"<a href=""/wh40k10ed/the-rules/core-rules/#Pistol"">pistol</a>",12,Ranged,1,4,4,0,1
2609,Flamer,"<a href=""/wh40k10ed/the-rules/core-rules/#Ignores-Cover"">ignores cover</a>, <a href=""/wh40k10ed/the-rules/core-rules/#Torrent"">torrent</a>",12,Ranged,D6,N/A,4,0,1
2609,Grenade launcher – frag,"<a href=""/wh40k10ed/the-rules/core-rules/#Blast"">blast</a>",24,Ranged,D3,4,4,0,1
2609,Grenade launcher – krak,,24,Ranged,1,4,9,-2,D3
2609,Lasgun,"<a href=""/wh40k10ed/the-rules/core-rules/#Rapid-Fire"">rapid fire 1</a>",24,Ranged,1,4,3,0,1
2609,Laspistol,"<a href=""/wh40k10ed/the-rules/core-rules/#Pistol"">pistol</a>",12,Ranged,1,4,3,0,1
2609,Meltagun,"<a href=""/wh40k10ed/the-rules/core-rules/#Melta"">melta 2</a>",12,Ranged,1,4,9,-4,D6
2609,Plasma gun – standard,"<a href=""/wh40k10ed/the-rules/core-rules/#Rapid-Fire"">rapid fire 1</a>",24,Ranged,1,4,7,-2,1
2609,Plasma gun – supercharge,"<a href=""/wh40k10ed/the-rules/core-rules/#Hazardous"">hazardous</a>, <a href=""/wh40k10ed/the-rules/core-rules/#Rapid-Fire"">rapid fire 1</a>",24,Ranged,1,4,8,-3,2
2609,Plasma pistol – standard,"<a href=""/wh40k10ed/the-rules/core-rules/#Pistol"">pistol</a>",12,Ranged,1,4,7,-2,1
2609,Plasma pistol – supercharge,"<a href=""/wh40k10ed/the-rules/core-rules/#Hazardous"">hazardous</a>, <a href=""/wh40k10ed/the-rules/core-rules/#Pistol"">pistol</a>",12,Ranged,1,4,8,-3,2
2609,Chainsword,,Melee,Melee,4,4,3,0,1
2609,Close combat weapon,,Melee,Melee,2,4,3,0,1
2609,Power fist,,Melee,Melee,3,4,6,-2,2
2609,Power weapon,,Melee,Melee,3,4,4,-2,1
2610,Laspistol,"<a href=""/wh40k10ed/the-rules/core-rules/#Pistol"">pistol</a>",12,Ranged,1,4,3,0,1
2610,Close combat weapon,,Melee,Melee,1,4,3,0,1
2610,Astropath’s stave,"<a href=""/wh40k10ed/the-rules/core-rules/#Psychic-Weapons-and-Abilities"">psychic</a>",Melee,Melee,1,4,6,-1,D3
2612,Bolt pistol,"<a href=""/wh40k10ed/the-rules/core-rules/#Pistol"">pistol</a>",12,Ranged,1,4,4,0,1
2612,Flamer,"<a href=""/wh40k10ed/the-rules/core-rules/#Ignores-Cover"">ignores cover</a>, <a href=""/wh40k10ed/the-rules/core-rules/#Torrent"">torrent</a>",12,Ranged,D6,N/A,4,0,1
2612,Grenade launcher – frag,"<a href=""/wh40k10ed/the-rules/core-rules/#Blast"">blast</a>",24,Ranged,D3,4,4,0,1
2612,Grenade launcher – krak,,24,Ranged,1,4,9,-2,D3
2612,Lasgun,"<a href=""/wh40k10ed/the-rules/core-rules/#Rapid-Fire"">rapid fire 1</a>",24,Ranged,1,4,3,0,1
2612,Laspistol,"<a href=""/wh40k10ed/the-rules/core-rules/#Pistol"">pistol</a>",12,Ranged,1,4,3,0,1
2612,Meltagun,"<a href=""/wh40k10ed/the-rules/core-rules/#Melta"">melta 2</a>",12,Ranged,1,4,9,-4,D6
2612,Plasma gun – standard,"<a href=""/wh40k10ed/the-rules/core-rules/#Rapid-Fire"">rapid fire 1</a>",24,Ranged,1,4,7,-2,1
2612,Plasma gun – supercharge,"<a href=""/wh40k10ed/the-rules/core-rules/#Hazardous"">hazardous</a>, <a href=""/wh40k10ed/the-rules/core-rules/#Rapid-Fire"">rapid fire 1</a>",24,Ranged,1,4,8,-3,2
2612,Sergeant's autogun,,24,Ranged,2,4,3,0,1
2612,Chainsword,,Melee,Melee,3,4,3,0,1
2612,Close combat weapon,,Melee,Melee,1,4,3,0,1
2613,Bolt pistol,"<a href=""/wh40k10ed/the-rules/core-rules/#Pistol"">PISTOL</a>",12,Ranged,1,4,4,0,1
2613,Boltgun,"<a href=""/wh40k10ed/the-rules/core-rules/#Rapid-Fire"">rapid fire 1</a>",24,Ranged,1,4,4,0,1
2613,Flamer,"<a href=""/wh40k10ed/the-rules/core-rules/#Ignores-Cover"">ignores cover</a>, <a href=""/wh40k10ed/the-rules/core-rules/#Torrent"">torrent</a>",12,Ranged,D6,N/A,4,0,1
2613,Grenade launcher – frag,"<a href=""/wh40k10ed/the-rules/core-rules/#Blast"">blast</a>",24,Ranged,D3,4,4,0,1
2613,Grenade launcher – krak,,24,Ranged,1,4,9,-2,D3
2613,Lasgun,"<a href=""/wh40k10ed/the-rules/core-rules/#Rapid-Fire"">rapid fire 1</a>",24,Ranged,1,4,3,0,1
2613,Laspistol,"<a href=""/wh40k10ed/the-rules/core-rules/#Pistol"">pistol</a>",12,Ranged,1,4,3,0,1
2613,Long-las,"<a href=""/wh40k10ed/the-rules/core-rules/#Heavy"">heavy</a>, <a href=""/wh40k10ed/the-rules/core-rules/#Precision"">precision</a>",36,Ranged,1,4,4,-2,2
2613,Meltagun,"<a href=""/wh40k10ed/the-rules/core-rules/#Melta"">melta 2</a>",12,Ranged,1,4,9,-4,D6
2613,Plasma gun – standard,"<a href=""/wh40k10ed/the-rules/core-rules/#Rapid-Fire"">rapid fire 1</a>",24,Ranged,1,4,7,-2,1
2613,Plasma gun – supercharge,"<a href=""/wh40k10ed/the-rules/core-rules/#Hazardous"">hazardous</a>, <a href=""/wh40k10ed/the-rules/core-rules/#Rapid-Fire"">rapid fire 1</a>",24,Ranged,1,4,8,-3,2
2613,Plasma pistol – standard,"<a href=""/wh40k10ed/the-rules/core-rules/#Pistol"">pistol</a>",12,Ranged,1,4,7,-2,1
2613,Plasma pistol – supercharge,"<a href=""/wh40k10ed/the-rules/core-rules/#Hazardous"">hazardous</a>, <a href=""/wh40k10ed/the-rules/core-rules/#Pistol"">pistol</a>",12,Ranged,1,4,8,-3,2
2613,Chainsword,,Melee,Melee,3,4,3,0,1
2613,Close combat weapon,,Melee,Melee,1,4,3,0,1
2613,Power weapon,,Melee,Melee,2,4,4,-2,1
2614,Flamer,"<a href=""/wh40k10ed/the-rules/core-rules/#Ignores-Cover"">ignores cover</a>, <a href=""/wh40k10ed/the-rules/core-rules/#Torrent"">torrent</a>",12,Ranged,D6,N/A,4,0,1
2614,Lasgun,"<a href=""/wh40k10ed/the-rules/core-rules/#Rapid-Fire"">rapid fire 1</a>",24,Ranged,1,4,3,0,1
2614,Laspistol,"<a href=""/wh40k10ed/the-rules/core-rules/#Pistol"">pistol</a>",12,Ranged,1,4,3,0,1
2614,Close combat weapon,,Melee,Melee,1,4,3,0,1
2615,Bolt pistol,"<a href=""/wh40k10ed/the-rules/core-rules/#Pistol"">PISTOL</a>",12,Ranged,1,4,4,0,1
2615,Flamer,"<a href=""/wh40k10ed/the-rules/core-rules/#Ignores-Cover"">ignores cover</a>, <a href=""/wh40k10ed/the-rules/core-rules/#Torrent"">torrent</a>",12,Ranged,D6,N/A,4,0,1
2615,Grenade launcher – frag,"<a href=""/wh40k10ed/the-rules/core-rules/#Blast"">blast</a>",24,Ranged,D3,3,4,0,1
2615,Grenade launcher – krak,,24,Ranged,1,3,9,-2,D3
2615,Hot-shot lasgun,"<a href=""/wh40k10ed/the-rules/core-rules/#Rapid-Fire"">rapid fire 1</a>",24,Ranged,1,3,3,-1,1
2615,Hot-shot laspistol,"<a href=""/wh40k10ed/the-rules/core-rules/#Pistol"">pistol</a>",12,Ranged,1,3,3,-1,1
2615,Hot-shot marksman rifle,"<a href=""/wh40k10ed/the-rules/core-rules/#Heavy"">heavy</a>, <a href=""/wh40k10ed/the-rules/core-rules/#Precision"">precision</a>",36,Ranged,1,3,4,-2,3
2615,Hot-shot volley gun,"<a href=""/wh40k10ed/the-rules/core-rules/#Rapid-Fire"">rapid fire 2</a>",30,Ranged,2,3,4,-1,1
2615,Meltagun,"<a href=""/wh40k10ed/the-rules/core-rules/#Melta"">melta 2</a>",12,Ranged,1,3,9,-4,D6
2615,Plasma gun – standard,"<a href=""/wh40k10ed/the-rules/core-rules/#Rapid-Fire"">rapid fire 1</a>",24,Ranged,1,3,7,-2,1
2615,Plasma gun – supercharge,"<a href=""/wh40k10ed/the-rules/core-rules/#Hazardous"">hazardous</a>, <a href=""/wh40k10ed/the-rules/core-rules/#Rapid-Fire"">rapid fire 1</a>",24,Ranged,1,3,8,-3,2
2615,Plasma pistol – standard,"<a href=""/wh40k10ed/the-rules/core-rules/#Pistol"">pistol</a>",12,Ranged,1,4,7,-2,1
2615,Plasma pistol – supercharge,"<a href=""/wh40k10ed/the-rules/core-rules/#Hazardous"">hazardous</a>, <a href=""/wh40k10ed/the-rules/core-rules/#Pistol"">pistol</a>",12,Ranged,1,4,8,-3,2
2615,Chainsword,,Melee,Melee,4,4,3,0,1
2615,Close combat weapon,,Melee,Melee,2,4,3,0,1
2615,Power weapon,,Melee,Melee,3,4,4,-2,1
2616,Lasgun,"<a href=""/wh40k10ed/the-rules/core-rules/#Rapid-Fire"">rapid fire 1</a>",24,Ranged,1,4,3,0,1
2616,Laspistol,"<a href=""/wh40k10ed/the-rules/core-rules/#Pistol"">pistol</a>",12,Ranged,1,4,3,0,1
2616,Goad lance,"<a href=""/wh40k10ed/the-rules/core-rules/#Lance"">lance</a>",Melee,Melee,2,3,6,-2,2
2616,Hunting lance – frag tip,"<a href=""/wh40k10ed/the-rules/core-rules/#Lance"">lance</a>",Melee,Melee,D6,3,4,0,1
2616,Hunting lance – melta tip,"<a href=""/wh40k10ed/the-rules/core-rules/#Lance"">lance</a>",Melee,Melee,1,3,9,-4,D6
2616,Power sabre,,Melee,Melee,4,3,4,-2,1
2616,Steed’s hooves,"<a href=""/wh40k10ed/the-rules/core-rules/#Extra-Attacks"">extra attacks</a>",Melee,Melee,2,4,4,0,1
2617,Castigator gatling cannon,,24,Ranged,12,4,5,0,1
2617,Coaxial autocannon,,48,Ranged,2,4,9,-1,3
2617,Heavy bolter,"<a href=""/wh40k10ed/the-rules/core-rules/#Sustained-Hits"">sustained hits 1</a>",36,Ranged,3,4,5,-1,2
2617,Heavy stubber,"<a href=""/wh40k10ed/the-rules/core-rules/#Rapid-Fire"">rapid fire 3</a>",36,Ranged,3,4,4,0,1
2617,Meltagun,"<a href=""/wh40k10ed/the-rules/core-rules/#Melta"">melta 2</a>",12,Ranged,1,4,9,-4,D6
2617,Multi-melta,"<a href=""/wh40k10ed/the-rules/core-rules/#Melta"">melta 2</a>",18,Ranged,2,4,9,-4,D6
2617,Oppressor cannon,"<a href=""/wh40k10ed/the-rules/core-rules/#Blast"">blast</a>",72,Ranged,D6+3,4,12,-2,3
2617,Pulveriser cannon,"<a href=""/wh40k10ed/the-rules/core-rules/#Blast"">blast</a>",24,Ranged,D6,4,9,-3,3
2617,Twin battle cannon,"<a href=""/wh40k10ed/the-rules/core-rules/#Blast"">blast</a>, <a href=""/wh40k10ed/the-rules/core-rules/#Twin-linked"">twin-linked</a>",48,Ranged,D6+3,4,10,-1,3
2617,Armoured tracks,,Melee,Melee,6,4,7,0,1
2621,Samni’arius and Spinegrinder – strike,"<a href=""/wh40k10ed/the-rules/core-rules/#Devastating-Wounds"">devastating wounds</a>",Melee,Melee,8,2,14,-3,D6+2
2621,Samni’arius and Spinegrinder – sweep,"<a href=""/wh40k10ed/the-rules/core-rules/#Devastating-Wounds"">devastating wounds</a>",Melee,Melee,16,2,7,-2,2
2622,Plasma pistol – standard,"<a href=""/wh40k10ed/the-rules/core-rules/#Pistol"">pistol</a>",12,Ranged,1,3,7,-2,1
2622,Plasma pistol – supercharge,"<a href=""/wh40k10ed/the-rules/core-rules/#Hazardous"">hazardous</a>, <a href=""/wh40k10ed/the-rules/core-rules/#Pistol"">pistol</a>",12,Ranged,1,3,8,-3,2
2622,Gorechild,,Melee,Melee,8,2,7,-2,3
2623,Bolt pistol,"<a href=""/wh40k10ed/the-rules/core-rules/#Pistol"">pistol</a>",12,Ranged,1,3,4,0,1
2623,Coward’s Bane,"<a href=""/wh40k10ed/the-rules/core-rules/#Devastating-Wounds"">devastating wounds</a>",Melee,Melee,7,2,6,-2,2
2623,Bladed horn,"<a href=""/wh40k10ed/the-rules/core-rules/#Extra-Attacks"">extra attacks</a>, <a href=""/wh40k10ed/the-rules/core-rules/#Lance"">lance</a>",Melee,Melee,4,3,6,-1,2
2624,Infernal cannon,"<a href=""/wh40k10ed/the-rules/core-rules/#Rapid-Fire"">rapid fire 1</a>",24,Ranged,3,3,5,-1,2
2624,Hellforged weapons – strike,,Melee,Melee,8,2,8,-2,3
2624,Hellforged weapons – sweep,,Melee,Melee,16,2,6,-1,1
2625,Plasma pistol – standard,"<a href=""/wh40k10ed/the-rules/core-rules/#Pistol"">pistol</a>",12,Ranged,1,3,7,-2,1
2625,Plasma pistol – supercharge,"<a href=""/wh40k10ed/the-rules/core-rules/#Hazardous"">hazardous</a>, <a href=""/wh40k10ed/the-rules/core-rules/#Pistol"">pistol</a>",12,Ranged,1,3,8,-3,2
2625,Exalted chainblade,,Melee,Melee,7,2,6,-1,2
2625,Bladed horn,"<a href=""/wh40k10ed/the-rules/core-rules/#Extra-Attacks"">extra attacks</a>, <a href=""/wh40k10ed/the-rules/core-rules/#Lance"">lance</a>",Melee,Melee,4,3,6,-1,2
2626,Bolt pistol,"<a href=""/wh40k10ed/the-rules/core-rules/#Pistol"">pistol</a>",12,Ranged,1,3,4,0,1
2626,Axe of dismemberment,"<a href=""/wh40k10ed/the-rules/core-rules/#Devastating-Wounds"">devastating wounds</a>, <a href=""/wh40k10ed/the-rules/core-rules/#Precision"">precision</a>",Melee,Melee,5,2,7,-2,2
2627,Bolt pistol,"<a href=""/wh40k10ed/the-rules/core-rules/#Pistol"">pistol</a>",12,Ranged,1,4,4,0,1
2627,Plasma pistol – standard,"<a href=""/wh40k10ed/the-rules/core-rules/#Pistol"">pistol</a>",12,Ranged,1,4,7,-2,1
2627,Plasma pistol – supercharge,"<a href=""/wh40k10ed/the-rules/core-rules/#Hazardous"">hazardous</a>, <a href=""/wh40k10ed/the-rules/core-rules/#Pistol"">pistol</a>",12,Ranged,1,4,8,-3,2
2627,Chainblade,,Melee,Melee,4,3,4,-1,1
2627,Khornate eviscerator,,Melee,Melee,3,3,8,-2,2
2628,Autopistol,"<a href=""/wh40k10ed/the-rules/core-rules/#Pistol"">pistol</a>",12,Ranged,1,4,3,0,1
2628,Chainblades,,Melee,Melee,3,4,3,0,1
2628,Paired manglers,,Melee,Melee,4,4,4,0,1
2628,Mauler chainblade,,Melee,Melee,3,5,4,-1,2
2628,Skullsmasher and mangler,,Melee,Melee,2,4,4,-1,2
2629,Combi-bolter,"<a href=""/wh40k10ed/the-rules/core-rules/#Rapid-Fire"">rapid fire 4</a>",24,Ranged,2,4,4,0,1
2629,Combi-weapon,"<a href=""/wh40k10ed/the-rules/core-rules/#Anti"">anti-infantry 4+</a>, <a href=""/wh40k10ed/the-rules/core-rules/#Devastating-Wounds"">devastating wounds</a>, <a href=""/wh40k10ed/the-rules/core-rules/#Rapid-Fire"">rapid fire 1</a>",24,Ranged,1,4,4,0,1
2629,Heavy flamer,"<a href=""/wh40k10ed/the-rules/core-rules/#Ignores-Cover"">ignores cover</a>, <a href=""/wh40k10ed/the-rules/core-rules/#Torrent"">torrent</a>",12,Ranged,D6,N/A,5,-1,1
2629,Reaper autocannon,"<a href=""/wh40k10ed/the-rules/core-rules/#Devastating-Wounds"">devastating wounds</a>, <a href=""/wh40k10ed/the-rules/core-rules/#Rapid-Fire"">rapid fire 2</a>, <a href=""/wh40k10ed/the-rules/core-rules/#Sustained-Hits"">sustained hits 1</a>",36,Ranged,4,4,7,-1,1
2629,Accursed weapon,,Melee,Melee,4,3,5,-2,1
2629,Chainfist,"<a href=""/wh40k10ed/the-rules/core-rules/#Anti"">anti-vehicle 3+</a>",Melee,Melee,3,4,8,-3,2
2629,Paired accursed weapons,"<a href=""/wh40k10ed/the-rules/core-rules/#Twin-linked"">twin-linked</a>",Melee,Melee,5,3,5,-2,1
2629,Power fist,,Melee,Melee,3,3,8,-2,2
2630,Chainblades,,Melee,Melee,5,3,8,-2,2
2631,Chainblades,"<a href=""/wh40k10ed/the-rules/core-rules/#Anti"">anti-monster 3+</a>, <a href=""/wh40k10ed/the-rules/core-rules/#Anti"">anti-vehicle 3+</a>",Melee,Melee,4,3,8,-3,2
2632,Combi-bolter,"<a href=""/wh40k10ed/the-rules/core-rules/#Rapid-Fire"">rapid fire 4</a>",24,Ranged,2,4,4,0,1
2632,Heavy flamer,"<a href=""/wh40k10ed/the-rules/core-rules/#Ignores-Cover"">ignores cover</a>, <a href=""/wh40k10ed/the-rules/core-rules/#Torrent"">torrent</a>",12,Ranged,D6,N/A,5,-1,1
2632,Plasma cannon,"<a href=""/wh40k10ed/the-rules/core-rules/#Blast"">blast</a>, <a href=""/wh40k10ed/the-rules/core-rules/#Hazardous"">hazardous</a>, <a href=""/wh40k10ed/the-rules/core-rules/#Rapid-Fire"">rapid fire D3</a>",36,Ranged,D3,4,8,-3,3
2632,Missile launcher – frag,"<a href=""/wh40k10ed/the-rules/core-rules/#Blast"">blast</a>, <a href=""/wh40k10ed/the-rules/core-rules/#Rapid-Fire"">rapid fire 3</a>",48,Ranged,D6,4,4,0,1
2632,Missile launcher – krak,"<a href=""/wh40k10ed/the-rules/core-rules/#Rapid-Fire"">rapid fire 1</a>",48,Ranged,1,4,9,-2,D6
2632,Multi-melta,"<a href=""/wh40k10ed/the-rules/core-rules/#Melta"">melta 2</a>, <a href=""/wh40k10ed/the-rules/core-rules/#Rapid-Fire"">rapid fire 1</a>",18,Ranged,2,4,9,-4,D6
2632,Twin autocannon,"<a href=""/wh40k10ed/the-rules/core-rules/#Rapid-Fire"">rapid fire 2</a>, <a href=""/wh40k10ed/the-rules/core-rules/#Twin-linked"">twin-linked</a>",48,Ranged,2,4,9,-1,3
2632,Twin heavy bolter,"<a href=""/wh40k10ed/the-rules/core-rules/#Rapid-Fire"">rapid fire 2</a>, <a href=""/wh40k10ed/the-rules/core-rules/#Sustained-Hits"">sustained hits 1</a>, <a href=""/wh40k10ed/the-rules/core-rules/#Twin-linked"">twin-linked</a>",36,Ranged,3,4,5,-1,2
2632,Twin lascannon,"<a href=""/wh40k10ed/the-rules/core-rules/#Rapid-Fire"">rapid fire 1</a>, <a href=""/wh40k10ed/the-rules/core-rules/#Twin-linked"">twin-linked</a>",48,Ranged,1,4,12,-3,D6+1
2632,Close combat weapon,,Melee,Melee,6,3,6,0,1
2632,Helbrute fist,,Melee,Melee,6,3,12,-2,3
2632,Helbrute hammer,,Melee,Melee,6,4,14,-3,D6+1
2632,Power scourge,,Melee,Melee,10,3,7,-1,2
2633,Hideous mutations,,Melee,Melee,D6+4,4,5,-1,2
2634,Combi-bolter,"<a href=""/wh40k10ed/the-rules/core-rules/#Rapid-Fire"">rapid fire 4</a>",24,Ranged,2,4,4,0,1
2634,Combi-weapon,"<a href=""/wh40k10ed/the-rules/core-rules/#Anti"">anti-infantry 4+</a>, <a href=""/wh40k10ed/the-rules/core-rules/#Devastating-Wounds"">devastating wounds</a>, <a href=""/wh40k10ed/the-rules/core-rules/#Rapid-Fire"">rapid fire 1</a>",24,Ranged,1,4,4,0,1
2634,Havoc launcher,"<a href=""/wh40k10ed/the-rules/core-rules/#Blast"">blast</a>",48,Ranged,D6,4,5,0,1
2634,Soulshatter lascannon,"<a href=""/wh40k10ed/the-rules/core-rules/#Rapid-Fire"">rapid fire 2</a>",48,Ranged,2,4,12,-3,D6+1
2634,Twin heavy bolter,"<a href=""/wh40k10ed/the-rules/core-rules/#Rapid-Fire"">rapid fire 2</a>, <a href=""/wh40k10ed/the-rules/core-rules/#Sustained-Hits"">sustained hits 1</a>, <a href=""/wh40k10ed/the-rules/core-rules/#Twin-linked"">twin-linked</a>",36,Ranged,3,4,5,-1,2
2634,Armoured tracks,,Melee,Melee,9,3,8,0,1
2635,Combi-bolter,"<a href=""/wh40k10ed/the-rules/core-rules/#Rapid-Fire"">rapid fire 4</a>",24,Ranged,2,4,4,0,1
2635,Combi-weapon,"<a href=""/wh40k10ed/the-rules/core-rules/#Anti"">anti-infantry 4+</a>, <a href=""/wh40k10ed/the-rules/core-rules/#Devastating-Wounds"">devastating wounds</a>, <a href=""/wh40k10ed/the-rules/core-rules/#Rapid-Fire"">rapid fire 1</a>",24,Ranged,1,4,4,0,1
2635,Defiler cannon,"<a href=""/wh40k10ed/the-rules/core-rules/#Blast"">blast</a>, <a href=""/wh40k10ed/the-rules/core-rules/#Rapid-Fire"">rapid fire 3</a>",48,Ranged,D6+3,4,10,-1,3
2635,Havoc launcher,"<a href=""/wh40k10ed/the-rules/core-rules/#Blast"">blast</a>",48,Ranged,D6,4,5,0,1
2635,Reaper autocannon,"<a href=""/wh40k10ed/the-rules/core-rules/#Devastating-Wounds"">devastating wounds</a>, <a href=""/wh40k10ed/the-rules/core-rules/#Rapid-Fire"">rapid fire 4</a>, <a href=""/wh40k10ed/the-rules/core-rules/#Sustained-Hits"">sustained hits 1</a>",36,Ranged,4,4,7,-1,1
2635,Twin heavy bolter,"<a href=""/wh40k10ed/the-rules/core-rules/#Rapid-Fire"">rapid fire 2</a>, <a href=""/wh40k10ed/the-rules/core-rules/#Sustained-Hits"">sustained hits 1</a>, <a href=""/wh40k10ed/the-rules/core-rules/#Twin-linked"">twin-linked</a>",36,Ranged,3,4,5,-1,2
2635,Twin heavy flamer,"<a href=""/wh40k10ed/the-rules/core-rules/#Ignores-Cover"">ignores cover</a>, <a href=""/wh40k10ed/the-rules/core-rules/#Torrent"">torrent</a>, <a href=""/wh40k10ed/the-rules/core-rules/#Twin-linked"">twin-linked</a>",12,Ranged,D6,N/A,5,-1,1
2635,Twin lascannon,"<a href=""/wh40k10ed/the-rules/core-rules/#Rapid-Fire"">rapid fire 1</a>, <a href=""/wh40k10ed/the-rules/core-rules/#Twin-linked"">twin-linked</a>",48,Ranged,1,4,12,-3,D6+1
2635,Defiler claws,,Melee,Melee,6,3,16,-3,D6+1
2635,Defiler scourge,"<a href=""/wh40k10ed/the-rules/core-rules/#Extra-Attacks"">extra attacks</a>",Melee,Melee,3,3,12,-1,2
2636,Combi-bolter,"<a href=""/wh40k10ed/the-rules/core-rules/#Rapid-Fire"">rapid fire 4</a>",24,Ranged,2,4,4,0,1
2636,Combi-weapon,"<a href=""/wh40k10ed/the-rules/core-rules/#Anti"">anti-infantry 4+</a>, <a href=""/wh40k10ed/the-rules/core-rules/#Devastating-Wounds"">devastating wounds</a>, <a href=""/wh40k10ed/the-rules/core-rules/#Rapid-Fire"">rapid fire 1</a>",24,Ranged,1,4,4,0,1
2636,Havoc launcher,"<a href=""/wh40k10ed/the-rules/core-rules/#Blast"">blast</a>",48,Ranged,D6,4,5,0,1
2636,Heavy bolter,"<a href=""/wh40k10ed/the-rules/core-rules/#Rapid-Fire"">rapid fire 2</a>, <a href=""/wh40k10ed/the-rules/core-rules/#Sustained-Hits"">sustained hits 1</a>",36,Ranged,3,4,5,-1,2
2636,Lascannon,,48,Ranged,1,4,12,-3,D6+1
2636,Predator autocannon,"<a href=""/wh40k10ed/the-rules/core-rules/#Rapid-Fire"">rapid fire 6</a>",48,Ranged,4,4,9,-1,3
2636,Armoured tracks,,Melee,Melee,6,3,6,0,1
2637,Combi-bolter,"<a href=""/wh40k10ed/the-rules/core-rules/#Rapid-Fire"">rapid fire 4</a>",24,Ranged,2,4,4,0,1
2637,Combi-weapon,"<a href=""/wh40k10ed/the-rules/core-rules/#Anti"">anti-infantry 4+</a>, <a href=""/wh40k10ed/the-rules/core-rules/#Devastating-Wounds"">devastating wounds</a>, <a href=""/wh40k10ed/the-rules/core-rules/#Rapid-Fire"">rapid fire 1</a>",24,Ranged,1,4,4,0,1
2637,Havoc launcher,"<a href=""/wh40k10ed/the-rules/core-rules/#Blast"">blast</a>",48,Ranged,D6,4,5,0,1
2637,Heavy bolter,"<a href=""/wh40k10ed/the-rules/core-rules/#Rapid-Fire"">rapid fire 2</a>, <a href=""/wh40k10ed/the-rules/core-rules/#Sustained-Hits"">sustained hits 1</a>",36,Ranged,3,4,5,-1,2
2637,Lascannon,,48,Ranged,1,4,12,-3,D6+1
2637,Predator twin lascannon,"<a href=""/wh40k10ed/the-rules/core-rules/#Rapid-Fire"">rapid fire 2</a>, <a href=""/wh40k10ed/the-rules/core-rules/#Twin-linked"">twin-linked</a>",48,Ranged,1,4,14,-3,D6+1
2637,Armoured tracks,,Melee,Melee,6,3,6,0,1
2638,Ectoplasma cannon,"<a href=""/wh40k10ed/the-rules/core-rules/#Blast"">blast</a>, <a href=""/wh40k10ed/the-rules/core-rules/#Rapid-Fire"">rapid fire 1</a>",36,Ranged,D3,4,10,-3,3
2638,Hades autocannon,"<a href=""/wh40k10ed/the-rules/core-rules/#Rapid-Fire"">rapid fire 4</a>",36,Ranged,6,4,8,-1,2
2638,Forgefiend claws,,Melee,Melee,6,3,6,0,1
2638,Forgefiend jaws,,Melee,Melee,8,3,7,-1,2
2639,Magma cutter,"<a href=""/wh40k10ed/the-rules/core-rules/#Melta"">melta 2</a>, <a href=""/wh40k10ed/the-rules/core-rules/#Rapid-Fire"">rapid fire 1</a>",6,Ranged,2,4,9,-4,D6
2639,Lasher tendrils,"<a href=""/wh40k10ed/the-rules/core-rules/#Extra-Attacks"">extra attacks</a>",Melee,Melee,6,3,7,-1,1
2639,Maulerfiend fists,,Melee,Melee,8,3,14,-2,D6+1
2640,Combi-bolter,"<a href=""/wh40k10ed/the-rules/core-rules/#Rapid-Fire"">rapid fire 4</a>",24,Ranged,2,4,4,0,1
2640,Combi-weapon,"<a href=""/wh40k10ed/the-rules/core-rules/#Anti"">anti-infantry 4+</a>, <a href=""/wh40k10ed/the-rules/core-rules/#Devastating-Wounds"">devastating wounds</a>, <a href=""/wh40k10ed/the-rules/core-rules/#Rapid-Fire"">rapid fire 1</a>",24,Ranged,1,4,4,0,1
2640,Havoc launcher,"<a href=""/wh40k10ed/the-rules/core-rules/#Blast"">blast</a>",48,Ranged,D6,4,5,0,1
2640,Armoured tracks,,Melee,Melee,6,3,6,0,1
2641,Baleflamer,"<a href=""/wh40k10ed/the-rules/core-rules/#Ignores-Cover"">ignores cover</a>, <a href=""/wh40k10ed/the-rules/core-rules/#Torrent"">torrent</a>",12,Ranged,D6+3,N/A,6,-1,2
2641,Hades autocannon,"<a href=""/wh40k10ed/the-rules/core-rules/#Rapid-Fire"">rapid fire 4</a>",36,Ranged,6,4,8,-1,2
2641,Heldrake claws,"<a href=""/wh40k10ed/the-rules/core-rules/#Anti"">anti-fly 2+</a>, <a href=""/wh40k10ed/the-rules/core-rules/#Devastating-Wounds"">devastating wounds</a>",Melee,Melee,6,3,7,-1,2
2642,Daemongore cannon,"<a href=""/wh40k10ed/the-rules/core-rules/#Blast"">blast</a>, <a href=""/wh40k10ed/the-rules/core-rules/#Rapid-Fire"">rapid fire 3</a>",18,Ranged,D6,4,14,-4,D6+2
2642,Gorestorm cannon,"<a href=""/wh40k10ed/the-rules/core-rules/#Blast"">blast</a>, <a href=""/wh40k10ed/the-rules/core-rules/#Rapid-Fire"">rapid fire 3</a>",24,Ranged,D6+3,4,10,-2,3
2642,Hades gatling cannon,"<a href=""/wh40k10ed/the-rules/core-rules/#Rapid-Fire"">rapid fire 6</a>, <a href=""/wh40k10ed/the-rules/core-rules/#Sustained-Hits"">sustained hits 1</a>",48,Ranged,12,4,8,-2,2
2642,Ichor cannon,"<a href=""/wh40k10ed/the-rules/core-rules/#Blast"">blast</a>, <a href=""/wh40k10ed/the-rules/core-rules/#Rapid-Fire"">rapid fire 4</a>",48,Ranged,2D6,4,7,-2,2
2642,Skullhurler,"<a href=""/wh40k10ed/the-rules/core-rules/#Rapid-Fire"">rapid fire 3</a>",60,Ranged,2D6,4,14,-3,3
2642,Great cleaver of Khorne – strike,,Melee,Melee,6,3,16,-4,8
2642,Great cleaver of Khorne – sweep,,Melee,Melee,18,3,8,-2,2
2677,Storm bolter,"<a href=""/wh40k10ed/the-rules/core-rules/#Rapid-Fire"">rapid fire 2</a>",24,Ranged,2,3,4,0,1
2677,Chainfist,"<a href=""/wh40k10ed/the-rules/core-rules/#Anti"">anti-vehicle 3+</a>",Melee,Melee,4,3,8,-2,2
2677,Close combat weapon,,Melee,Melee,5,2,4,0,1
2677,Power fist,,Melee,Melee,4,2,8,-2,2
2677,Power weapon,,Melee,Melee,5,2,5,-2,1
2677,Thunder hammer,"<a href=""/wh40k10ed/the-rules/core-rules/#Devastating-Wounds"">devastating wounds</a>",Melee,Melee,4,3,8,-2,2
2677,Twin lightning claws,"<a href=""/wh40k10ed/the-rules/core-rules/#Twin-linked"">twin-linked</a>",Melee,Melee,6,2,5,-2,1
2678,Infernus,"<a href=""/wh40k10ed/the-rules/core-rules/#Anti"">anti-infantry 4+</a>, <a href=""/wh40k10ed/the-rules/core-rules/#Devastating-Wounds"">devastating wounds</a>, <a href=""/wh40k10ed/the-rules/core-rules/#Ignores-Cover"">ignores cover</a>, <a href=""/wh40k10ed/the-rules/core-rules/#Torrent"">torrent</a>",12,Ranged,D6,N/A,4,-1,1
2678,Artificer crozius,,Melee,Melee,5,2,6,-1,2
2679,Vashtorr’s claw,"<a href=""/wh40k10ed/the-rules/core-rules/#Anti"">anti-vehicle 4+</a>, <a href=""/wh40k10ed/the-rules/core-rules/#Torrent"">torrent</a>",12,Ranged,D6,N/A,5,-2,1
2679,Vashtorr’s hammer – strike,"<a href=""/wh40k10ed/the-rules/core-rules/#Anti"">anti-vehicle 4+</a>, <a href=""/wh40k10ed/the-rules/core-rules/#Devastating-Wounds"">devastating wounds</a>",Melee,Melee,6,2,14,-3,3
2679,Vashtorr’s hammer – sweep,"<a href=""/wh40k10ed/the-rules/core-rules/#Anti"">anti-vehicle 4+</a>, <a href=""/wh40k10ed/the-rules/core-rules/#Devastating-Wounds"">devastating wounds</a>",Melee,Melee,12,2,8,-1,2
2682,Arma Luminis – bolt,"<a href=""/wh40k10ed/the-rules/core-rules/#Pistol"">pistol</a>",12,Ranged,4,2,4,-1,2
2682,Arma Luminis – plasma,"<a href=""/wh40k10ed/the-rules/core-rules/#Pistol"">pistol</a>",12,Ranged,2,2,8,-3,2
2682,Fealty – strike,"<a href=""/wh40k10ed/the-rules/core-rules/#Lethal-Hits"">lethal hits</a>",Melee,Melee,8,2,12,-4,4
2682,Fealty – sweep,"<a href=""/wh40k10ed/the-rules/core-rules/#Sustained-Hits"">sustained hits 1</a>",Melee,Melee,16,2,6,-3,2
2683,Arbites combat shotgun,"<a href=""/wh40k10ed/the-rules/core-rules/#Assault"">assault</a>",18,Ranged,2,4,4,0,1
2683,Arbites grenade launcher – frag,"<a href=""/wh40k10ed/the-rules/core-rules/#Blast"">blast</a>",24,Ranged,D3,4,4,0,1
2683,Arbites grenade launcher – krak,,24,Ranged,1,4,9,-2,D3
2683,Arbites shotpistol,"<a href=""/wh40k10ed/the-rules/core-rules/#Pistol"">pistol</a>",12,Ranged,1,4,4,0,1
2683,Executioner shotgun,"<a href=""/wh40k10ed/the-rules/core-rules/#Ignores-Cover"">ignores cover</a>, <a href=""/wh40k10ed/the-rules/core-rules/#Precision"">precision</a>",24,Ranged,1,4,5,-1,1
2683,Heavy stubber,"<a href=""/wh40k10ed/the-rules/core-rules/#Rapid-Fire"">rapid fire 3</a>",36,Ranged,3,4,4,0,1
2683,Webber,"<a href=""/wh40k10ed/the-rules/core-rules/#Assault"">assault</a>, <a href=""/wh40k10ed/the-rules/core-rules/#Devastating-Wounds"">devastating wounds</a>, <a href=""/wh40k10ed/the-rules/core-rules/#Torrent"">torrent</a>",12,Ranged,D6,N/A,2,0,1
2683,Close combat weapon,,Melee,Melee,2,4,3,0,1
2683,Mechanical bite,,Melee,Melee,3,4,4,0,1
2684,Arbites shotpistol,"<a href=""/wh40k10ed/the-rules/core-rules/#Pistol"">pistol</a>",12,Ranged,1,4,4,0,1
2684,Mechanical bite,,Melee,Melee,3,4,4,0,1
2684,Shock maul,,Melee,Melee,2,4,4,-1,1
2685,Arbites combat shotgun,"<a href=""/wh40k10ed/the-rules/core-rules/#Assault"">assault</a>",18,Ranged,2,4,4,0,1
2685,Arbites grenade launcher – krak,,24,Ranged,1,4,9,-2,D3
2685,Arbites grenade launcher – frag,"<a href=""/wh40k10ed/the-rules/core-rules/#Blast"">blast</a>",24,Ranged,D3,4,4,0,1
2685,Arbites shotpistol,"<a href=""/wh40k10ed/the-rules/core-rules/#Pistol"">pistol</a>",12,Ranged,1,4,4,0,1
2685,Executioner shotgun,"<a href=""/wh40k10ed/the-rules/core-rules/#Ignores-Cover"">ignores cover</a>, <a href=""/wh40k10ed/the-rules/core-rules/#Precision"">precision</a>",24,Ranged,1,4,5,-1,1
2685,Heavy stubber,"<a href=""/wh40k10ed/the-rules/core-rules/#Rapid-Fire"">rapid fire 3</a>",36,Ranged,3,4,4,0,1
2685,Webber,"<a href=""/wh40k10ed/the-rules/core-rules/#Assault"">assault</a>, <a href=""/wh40k10ed/the-rules/core-rules/#Devastating-Wounds"">devastating wounds</a>, <a href=""/wh40k10ed/the-rules/core-rules/#Torrent"">torrent</a>",12,Ranged,D6,N/A,2,0,1
2685,Close combat weapon,,Melee,Melee,2,4,3,0,1
2685,Excruciator maul,,Melee,Melee,2,3,4,-1,2
2685,Mechanical bite,,Melee,Melee,3,4,4,0,1
2686,Barblauncher,"<a href=""/wh40k10ed/the-rules/core-rules/#Blast"">blast</a>, <a href=""/wh40k10ed/the-rules/core-rules/#Heavy"">heavy</a>",24,Ranged,D6,4,5,0,1
2686,Chitinous claws and teeth,,Melee,Melee,1,4,4,0,1
2687,Chitinous claws and teeth,,Melee,Melee,1,4,3,0,1
2688,Psychic scream,"<a href=""/wh40k10ed/the-rules/core-rules/#Ignores-Cover"">ignores cover</a>, <a href=""/wh40k10ed/the-rules/core-rules/#Psychic-Weapons-and-Abilities"">psychic</a>, <a href=""/wh40k10ed/the-rules/core-rules/#Torrent"">torrent</a>",18,Ranged,2D6,N/A,5,-1,2
2688,Neurotyrant claws and lashes,,Melee,Melee,6,3,5,0,1
2689,Psychoclastic torrent,"<a href=""/wh40k10ed/the-rules/core-rules/#Ignores-Cover"">ignores cover</a>, <a href=""/wh40k10ed/the-rules/core-rules/#Torrent"">torrent</a>",12,Ranged,D6,N/A,6,-1,1
2689,Talons and betentacled maw,"<a href=""/wh40k10ed/the-rules/core-rules/#Anti"">anti-psyker 4+</a>, <a href=""/wh40k10ed/the-rules/core-rules/#Devastating-Wounds"">devastating wounds</a>",Melee,Melee,6,3,6,-2,2
2690,Bio-plasmic scream,"<a href=""/wh40k10ed/the-rules/core-rules/#Assault"">assault</a>, <a href=""/wh40k10ed/the-rules/core-rules/#Blast"">blast</a>",18,Ranged,D6+3,4,8,-2,1
2690,Screamer-killer talons,,Melee,Melee,10,3,10,-2,3
2691,Tyranid Warrior claws and talons,"<a href=""/wh40k10ed/the-rules/core-rules/#Twin-linked"">twin-linked</a>",Melee,Melee,6,3,5,-2,1
2692,Barbed strangler,"<a href=""/wh40k10ed/the-rules/core-rules/#Blast"">blast</a>",36,Ranged,D6+1,4,6,-1,1
2692,Deathspitter,,24,Ranged,3,4,5,-1,1
2692,Devourer,,18,Ranged,5,4,4,0,1
2692,Spinefists,"<a href=""/wh40k10ed/the-rules/core-rules/#Assault"">assault</a>, <a href=""/wh40k10ed/the-rules/core-rules/#Pistol"">pistol</a>, <a href=""/wh40k10ed/the-rules/core-rules/#Twin-linked"">twin-linked</a>",12,Ranged,2,4,4,0,1
2692,Venom cannon,"<a href=""/wh40k10ed/the-rules/core-rules/#Blast"">blast</a>",36,Ranged,D3,4,9,-2,2
2692,Tyranid Warrior claws and talons,,Melee,Melee,5,3,5,-1,1
2693,Leaper’s talons,,Melee,Melee,6,3,5,-1,1
2694,Prime talons,,Melee,Melee,6,2,6,-1,2
2700,Astraeus las-ripper,,36,Ranged,2,3,12,-3,D6+1
2700,Ironhail heavy stubber,"<a href=""/wh40k10ed/the-rules/core-rules/#Rapid-Fire"">rapid fire 3</a>",36,Ranged,3,3,4,0,1
2700,Plasma eradicator – standard,"<a href=""/wh40k10ed/the-rules/core-rules/#Blast"">blast</a>",36,Ranged,D6,3,7,-2,2
2700,Plasma eradicator – supercharge,"<a href=""/wh40k10ed/the-rules/core-rules/#Blast"">blast</a>, <a href=""/wh40k10ed/the-rules/core-rules/#Hazardous"">hazardous</a>",36,Ranged,D6,3,8,-3,3
2700,Storm bolter,"<a href=""/wh40k10ed/the-rules/core-rules/#Rapid-Fire"">rapid fire 2</a>",24,Ranged,2,3,4,0,1
2700,Twin heavy bolter,"<a href=""/wh40k10ed/the-rules/core-rules/#Sustained-Hits"">sustained hits 1</a>, <a href=""/wh40k10ed/the-rules/core-rules/#Twin-linked"">twin-linked</a>",36,Ranged,3,3,5,-1,2
2700,Twin lascannon,"<a href=""/wh40k10ed/the-rules/core-rules/#Twin-linked"">twin-linked</a>",48,Ranged,1,3,12,-3,D6+1
2700,Twin macro-accelerator cannon,"<a href=""/wh40k10ed/the-rules/core-rules/#Sustained-Hits"">sustained hits 1</a>, <a href=""/wh40k10ed/the-rules/core-rules/#Twin-linked"">twin-linked</a>",72,Ranged,12,3,9,-1,3
2700,Armoured hull,,Melee,Melee,6,4,8,0,1
2701,Bolt pistol,"<a href=""/wh40k10ed/the-rules/core-rules/#Pistol"">pistol</a>",12,Ranged,1,2,4,0,1
2701,Instigator bolt carbine,"<a href=""/wh40k10ed/the-rules/core-rules/#Precision"">precision</a>",24,Ranged,1,2,4,-2,2
2701,Combat knife,,Melee,Melee,6,2,4,-1,1
2702,Bolt pistol,"<a href=""/wh40k10ed/the-rules/core-rules/#Pistol"">pistol</a>",12,Ranged,1,2,4,0,1
2702,Combi-weapon,"<a href=""/wh40k10ed/the-rules/core-rules/#Anti"">ANTI-INFANTRY 4+</a>, <a href=""/wh40k10ed/the-rules/core-rules/#Devastating-Wounds"">DEVASTATING WOUNDS</a>, <a href=""/wh40k10ed/the-rules/core-rules/#Rapid-Fire"">RAPID FIRE 1</a>",24,Ranged,1,3,4,0,1
2702,Grav-pistol,"<a href=""/wh40k10ed/the-rules/core-rules/#Anti"">anti-vehicle 2+</a>, <a href=""/wh40k10ed/the-rules/core-rules/#Pistol"">pistol</a>",12,Ranged,1,2,4,-1,2
2702,Hand flamer,"<a href=""/wh40k10ed/the-rules/core-rules/#Ignores-Cover"">ignores cover</a>, <a href=""/wh40k10ed/the-rules/core-rules/#Pistol"">pistol</a>, <a href=""/wh40k10ed/the-rules/core-rules/#Torrent"">torrent</a>",12,Ranged,D6,N/A,3,0,1
2702,Inferno pistol,"<a href=""/wh40k10ed/the-rules/core-rules/#Melta"">melta 2</a>, <a href=""/wh40k10ed/the-rules/core-rules/#Pistol"">pistol</a>",6,Ranged,1,2,8,-4,D3
2702,Master-crafted boltgun,,24,Ranged,2,2,4,0,2
2702,Plasma pistol – standard,"<a href=""/wh40k10ed/the-rules/core-rules/#Pistol"">pistol</a>",12,Ranged,1,2,7,-2,1
2702,Plasma pistol – supercharge,"<a href=""/wh40k10ed/the-rules/core-rules/#Hazardous"">hazardous</a>, <a href=""/wh40k10ed/the-rules/core-rules/#Pistol"">pistol</a>",12,Ranged,1,2,8,-3,2
2702,Twin boltgun,"<a href=""/wh40k10ed/the-rules/core-rules/#Twin-linked"">twin-linked</a>",24,Ranged,2,2,4,0,1
2702,Storm bolter,"<a href=""/wh40k10ed/the-rules/core-rules/#Rapid-Fire"">RAPID FIRE 2</a>",24,Ranged,2,2,4,0,1
2702,Astartes chainsword,,Melee,Melee,7,2,4,-1,1
2702,Close combat weapon,,Melee,Melee,6,2,4,0,1
2702,Power fist,,Melee,Melee,5,2,8,-2,2
2702,Relic weapon,,Melee,Melee,6,2,5,-2,2
2702,Thunder hammer,"<a href=""/wh40k10ed/the-rules/core-rules/#Devastating-Wounds"">devastating wounds</a>",Melee,Melee,5,3,8,-2,2
2702,Twin lightning claws,"<a href=""/wh40k10ed/the-rules/core-rules/#Twin-linked"">twin-linked</a>",Melee,Melee,7,2,5,-2,1
2703,Centurion bolters,"<a href=""/wh40k10ed/the-rules/core-rules/#Rapid-Fire"">rapid fire 3</a>, <a href=""/wh40k10ed/the-rules/core-rules/#Twin-linked"">twin-linked</a>",24,Ranged,3,3,4,0,1
2703,Twin flamer,"<a href=""/wh40k10ed/the-rules/core-rules/#Ignores-Cover"">ignores cover</a>, <a href=""/wh40k10ed/the-rules/core-rules/#Torrent"">torrent</a>, <a href=""/wh40k10ed/the-rules/core-rules/#Twin-linked"">twin-linked</a>",12,Ranged,D6,N/A,4,0,1
2703,Twin meltagun,"<a href=""/wh40k10ed/the-rules/core-rules/#Melta"">melta 2</a>, <a href=""/wh40k10ed/the-rules/core-rules/#Twin-linked"">twin-linked</a>",12,Ranged,1,3,9,-4,D6
2703,Siege drills,"<a href=""/wh40k10ed/the-rules/core-rules/#Twin-linked"">twin-linked</a>",Melee,Melee,3,3,10,-2,3
2704,Demolisher cannon,"<a href=""/wh40k10ed/the-rules/core-rules/#Blast"">blast</a>",24,Ranged,D6+3,3,14,-3,D6
2704,Fellblade accelerator cannon – AP shells,,72,Ranged,2,3,14,-3,6
2704,Fellblade accelerator cannon – HE shells,"<a href=""/wh40k10ed/the-rules/core-rules/#Blast"">blast</a>",72,Ranged,2D6,3,8,-1,2
2704,Heavy bolter,"<a href=""/wh40k10ed/the-rules/core-rules/#Sustained-Hits"">sustained hits 1</a>",36,Ranged,3,3,5,-1,2
2704,Heavy flamer,"<a href=""/wh40k10ed/the-rules/core-rules/#Ignores-Cover"">ignores cover</a>, <a href=""/wh40k10ed/the-rules/core-rules/#Torrent"">torrent</a>",12,Ranged,D6,N/A,5,-1,1
2704,Laser destroyer,"<a href=""/wh40k10ed/the-rules/core-rules/#Heavy"">heavy</a>",36,Ranged,3,3,14,-4,D6+1
2704,Multi-melta,"<a href=""/wh40k10ed/the-rules/core-rules/#Melta"">melta 2</a>",18,Ranged,2,3,9,-4,D6
2704,Quad lascannon,,48,Ranged,4,3,12,-3,D6+1
2704,Storm bolter,"<a href=""/wh40k10ed/the-rules/core-rules/#Rapid-Fire"">rapid fire 2</a>",24,Ranged,2,3,4,0,1
2704,Twin heavy bolter,"<a href=""/wh40k10ed/the-rules/core-rules/#Sustained-Hits"">sustained hits 1</a>, <a href=""/wh40k10ed/the-rules/core-rules/#Twin-linked"">twin-linked</a>",36,Ranged,3,3,5,-1,2
2704,Twin heavy flamer,"<a href=""/wh40k10ed/the-rules/core-rules/#Ignores-Cover"">ignores cover</a>, <a href=""/wh40k10ed/the-rules/core-rules/#Torrent"">torrent</a>, <a href=""/wh40k10ed/the-rules/core-rules/#Twin-linked"">twin-linked</a>",12,Ranged,D6,N/A,5,-1,1
2704,Armoured tracks,,Melee,Melee,6,4,8,0,1
2705,Fragstorm grenade launcher,"<a href=""/wh40k10ed/the-rules/core-rules/#Blast"">blast</a>",18,Ranged,D6,3,4,0,1
2705,Icarus rocket pod,"<a href=""/wh40k10ed/the-rules/core-rules/#Anti"">anti-fly 2+</a>",24,Ranged,D3,3,8,-1,2
2705,Ironhail heavy stubber,"<a href=""/wh40k10ed/the-rules/core-rules/#Rapid-Fire"">rapid fire 3</a>",36,Ranged,3,3,4,0,1
2705,Lancer laser destroyer,"<a href=""/wh40k10ed/the-rules/core-rules/#Heavy"">heavy</a>",72,Ranged,2,3,14,-4,D6+3
2705,Storm bolter,"<a href=""/wh40k10ed/the-rules/core-rules/#Rapid-Fire"">rapid fire 2</a>",24,Ranged,2,3,4,0,1
2705,Armoured hull,,Melee,Melee,3,4,6,0,1
2706,Heavy flamer,"<a href=""/wh40k10ed/the-rules/core-rules/#Ignores-Cover"">ignores cover</a>, <a href=""/wh40k10ed/the-rules/core-rules/#Torrent"">torrent</a>",12,Ranged,D6,N/A,5,-1,1
2706,Hunter-killer missile,one shot,48,Ranged,1,2,14,-3,D6
2706,Hurricane bolter,"<a href=""/wh40k10ed/the-rules/core-rules/#Rapid-Fire"">rapid fire 6</a>, <a href=""/wh40k10ed/the-rules/core-rules/#Twin-linked"">twin-linked</a>",24,Ranged,6,3,4,0,1
2706,Meltagun,"<a href=""/wh40k10ed/the-rules/core-rules/#Melta"">melta 2</a>",12,Ranged,1,3,9,-4,D6
2706,Storm bolter,"<a href=""/wh40k10ed/the-rules/core-rules/#Rapid-Fire"">rapid fire 2</a>",24,Ranged,2,3,4,0,1
2706,Dreadnought chainfist,"<a href=""/wh40k10ed/the-rules/core-rules/#Anti"">anti-vehicle 3+</a>",Melee,Melee,4,3,12,-2,3
2706,Dreadnought combat weapon,,Melee,Melee,5,3,12,-2,3
2706,Seismic hammer,,Melee,Melee,3,3,14,-3,D6+2
2707,Absolvor bolt pistol,"<a href=""/wh40k10ed/the-rules/core-rules/#Pistol"">pistol</a>",18,Ranged,1,3,5,-1,2
2707,Executioner relic blade,"<a href=""/wh40k10ed/the-rules/core-rules/#Devastating-Wounds"">devastating wounds</a>, <a href=""/wh40k10ed/the-rules/core-rules/#Precision"">precision</a>",Melee,Melee,5,2,7,-2,2
2708,Blackout,"<a href=""/wh40k10ed/the-rules/core-rules/#Pistol"">pistol</a>, <a href=""/wh40k10ed/the-rules/core-rules/#Precision"">precision</a>",18,Ranged,2,2,5,-1,2
2708,The Raven’s Talons,"<a href=""/wh40k10ed/the-rules/core-rules/#Precision"">precision</a>, <a href=""/wh40k10ed/the-rules/core-rules/#Twin-linked"">twin-linked</a>",Melee,Melee,7,2,5,-2,2
2709,Bolt pistol,"<a href=""/wh40k10ed/the-rules/core-rules/#Pistol"">pistol</a>",12,Ranged,1,2,4,0,1
2709,Moonfang,"<a href=""/wh40k10ed/the-rules/core-rules/#Devastating-Wounds"">devastating wounds</a>, <a href=""/wh40k10ed/the-rules/core-rules/#Precision"">precision</a>",Melee,Melee,6,2,5,-2,2
2710,Godhammer lascannons,,48,Ranged,2,3,12,-3,D6+1
2710,Helios launcher,"<a href=""/wh40k10ed/the-rules/core-rules/#Anti"">anti-fly 3+</a>",48,Ranged,3,3,9,-1,3
2710,Hunter-killer missile,one shot,48,Ranged,1,2,14,-3,D6
2710,Storm bolter,"<a href=""/wh40k10ed/the-rules/core-rules/#Rapid-Fire"">rapid fire 2</a>",24,Ranged,2,3,4,0,1
2710,Armoured tracks,,Melee,Melee,6,4,8,0,1
2711,Heavy bolter,"<a href=""/wh40k10ed/the-rules/core-rules/#Sustained-Hits"">sustained hits 1</a>",36,Ranged,3,3,5,-1,2
2711,Multi-melta,"<a href=""/wh40k10ed/the-rules/core-rules/#Melta"">melta 2</a>",18,Ranged,2,3,9,-4,D6
2711,Close combat weapon,,Melee,Melee,3,3,4,0,1
2712,Bolt pistol,"<a href=""/wh40k10ed/the-rules/core-rules/#Pistol"">PISTOL</a>",12,Ranged,1,3,4,0,1
2712,Heavy bolt pistol,"<a href=""/wh40k10ed/the-rules/core-rules/#Pistol"">pistol</a>",18,Ranged,1,3,4,-1,1
2712,Multi-melta,"<a href=""/wh40k10ed/the-rules/core-rules/#Melta"">melta 2</a>",18,Ranged,2,3,9,-4,D6
2712,Onslaught gatling cannon,"<a href=""/wh40k10ed/the-rules/core-rules/#Devastating-Wounds"">devastating wounds</a>",24,Ranged,8,3,5,0,1
2712,Twin bolt rifle,"<a href=""/wh40k10ed/the-rules/core-rules/#Twin-linked"">twin-linked</a>",24,Ranged,2,3,4,-1,1
2712,Astartes chainsword,,Melee,Melee,4,3,4,-1,1
2712,Close combat weapon,,Melee,Melee,5,3,4,0,1
2713,Dorn’s Arrow,"<a href=""/wh40k10ed/the-rules/core-rules/#Rapid-Fire"">rapid fire 2</a>, <a href=""/wh40k10ed/the-rules/core-rules/#Sustained-Hits"">sustained hits 1</a>",24,Ranged,2,2,5,-1,2
2713,Fist of Retribution,,Melee,Melee,5,2,8,-3,3
2714,Predator twin lascannon,"<a href=""/wh40k10ed/the-rules/core-rules/#Twin-linked"">twin-linked</a>",48,Ranged,1,3,14,-3,D6+1
2714,Heavy bolter,"<a href=""/wh40k10ed/the-rules/core-rules/#Sustained-Hits"">sustained hits 1</a>",36,Ranged,3,3,5,-1,2
2714,Hunter-killer missile,one shot,48,Ranged,1,2,14,-3,D6
2714,Lascannon,,48,Ranged,1,3,12,-3,D6+1
2714,Storm bolter,"<a href=""/wh40k10ed/the-rules/core-rules/#Rapid-Fire"">rapid fire 2</a>",24,Ranged,2,3,4,0,1
2714,Armoured tracks,,Melee,Melee,3,4,6,0,1
2715,Heavy bolter,"<a href=""/wh40k10ed/the-rules/core-rules/#Sustained-Hits"">sustained hits 1</a>",36,Ranged,3,3,5,-1,2
2715,Hunter-killer missile,one shot,48,Ranged,1,2,14,-3,D6
2715,Lascannon,,48,Ranged,1,3,12,-3,D6+1
2715,Predator autocannon,"<a href=""/wh40k10ed/the-rules/core-rules/#Rapid-Fire"">rapid fire 2</a>",48,Ranged,4,3,9,-1,3
2715,Storm bolter,"<a href=""/wh40k10ed/the-rules/core-rules/#Rapid-Fire"">rapid fire 2</a>",24,Ranged,2,3,4,0,1
2715,Armoured tracks,,Melee,Melee,3,4,6,0,1
2717,Heavy flamer,"<a href=""/wh40k10ed/the-rules/core-rules/#Ignores-Cover"">ignores cover</a>, <a href=""/wh40k10ed/the-rules/core-rules/#Torrent"">torrent</a>",12,Ranged,D6,N/A,5,-1,1
2717,Heavy onslaught gatling cannon,"<a href=""/wh40k10ed/the-rules/core-rules/#Devastating-Wounds"">devastating wounds</a>",24,Ranged,12,3,6,0,1
2717,Icarus rocket pod,"<a href=""/wh40k10ed/the-rules/core-rules/#Anti"">anti-fly 2+</a>",24,Ranged,D3,3,8,-1,2
2717,Macro plasma incinerator – standard,"<a href=""/wh40k10ed/the-rules/core-rules/#Blast"">blast</a>",36,Ranged,D6+1,3,8,-3,2
2717,Macro plasma incinerator – supercharge,"<a href=""/wh40k10ed/the-rules/core-rules/#Blast"">blast</a>, <a href=""/wh40k10ed/the-rules/core-rules/#Hazardous"">hazardous</a>",36,Ranged,D6+1,3,9,-4,3
2717,Onslaught gatling cannon,"<a href=""/wh40k10ed/the-rules/core-rules/#Devastating-Wounds"">devastating wounds</a>",24,Ranged,8,3,5,0,1
2717,Twin fragstorm grenade launcher,"<a href=""/wh40k10ed/the-rules/core-rules/#Blast"">blast</a>, <a href=""/wh40k10ed/the-rules/core-rules/#Twin-linked"">twin-linked</a>",18,Ranged,D6,3,4,0,1
2717,Twin storm bolter,"<a href=""/wh40k10ed/the-rules/core-rules/#Rapid-Fire"">rapid fire 2</a>, <a href=""/wh40k10ed/the-rules/core-rules/#Twin-linked"">twin-linked</a>",24,Ranged,2,3,4,0,1
2717,Redemptor fist,,Melee,Melee,5,3,12,-2,3
2718,Bolt carbine,"<a href=""/wh40k10ed/the-rules/core-rules/#Precision"">precision</a>",24,Ranged,2,3,4,0,1
2718,Special issue bolt pistol,"<a href=""/wh40k10ed/the-rules/core-rules/#Pistol"">pistol</a>, <a href=""/wh40k10ed/the-rules/core-rules/#Precision"">precision</a>",12,Ranged,1,3,4,-1,1
2718,Close combat weapon,,Melee,Melee,3,3,4,0,1
2718,Combat knife,"<a href=""/wh40k10ed/the-rules/core-rules/#Precision"">precision</a>",Melee,Melee,4,3,4,-1,1
2719,Combi-bolter,"<a href=""/wh40k10ed/the-rules/core-rules/#Rapid-Fire"">rapid fire 2</a>",24,Ranged,2,3,4,0,1
2719,Conversion beam cannon,"conversion, <a href=""/wh40k10ed/the-rules/core-rules/#Sustained-Hits"">sustained hits d3</a>",24,Ranged,1,3,7,-1,3
2719,Cyclone missile launcher – frag,"<a href=""/wh40k10ed/the-rules/core-rules/#Blast"">BLAST</a>",36,Ranged,2D6,3,4,0,1
2719,Cyclone missile launcher – krak,,36,Ranged,2,3,9,-2,D6
2719,Graviton blaster,"<a href=""/wh40k10ed/the-rules/core-rules/#Anti"">anti-vehicle 2+</a>",18,Ranged,2,3,5,-1,1
2719,Twin autocannon,"<a href=""/wh40k10ed/the-rules/core-rules/#Twin-linked"">TWIN-LINKED</a>",48,Ranged,2,3,9,-1,3
2719,Twin heavy bolter,"<a href=""/wh40k10ed/the-rules/core-rules/#Twin-linked"">TWIN-LINKED</a>, <a href=""/wh40k10ed/the-rules/core-rules/#Sustained-Hits"">SUSTAINED HITS 1</a>",36,Ranged,3,3,5,-1,2
2719,Twin lascannon,"<a href=""/wh40k10ed/the-rules/core-rules/#Twin-linked"">TWIN-LINKED</a>",48,Ranged,1,3,12,-3,D6+1
2719,Heavy flamer,"<a href=""/wh40k10ed/the-rules/core-rules/#Ignores-Cover"">IGNORES COVER</a>, <a href=""/wh40k10ed/the-rules/core-rules/#Torrent"">TORRENT</a>",12,Ranged,D6,N/A,5,-1,1
2719,Heavy plasma cannon – standard,"<a href=""/wh40k10ed/the-rules/core-rules/#Blast"">blast</a>",36,Ranged,D3,3,7,-2,2
2719,Heavy plasma cannon – supercharge,"<a href=""/wh40k10ed/the-rules/core-rules/#Blast"">blast</a>, <a href=""/wh40k10ed/the-rules/core-rules/#Hazardous"">hazardous</a>",36,Ranged,D3,3,8,-3,3
2719,Kheres-pattern assault cannon,"<a href=""/wh40k10ed/the-rules/core-rules/#Devastating-Wounds"">devastating wounds</a>",24,Ranged,6,3,7,-1,1
2719,Multi-melta,"<a href=""/wh40k10ed/the-rules/core-rules/#Melta"">MELTA 2</a>",18,Ranged,2,3,9,-4,D6
2719,Plasma blaster – standard,,18,Ranged,2,3,7,-2,1
2719,Plasma blaster – supercharge,"<a href=""/wh40k10ed/the-rules/core-rules/#Hazardous"">HAZARDOUS</a>",18,Ranged,2,3,8,-3,2
2719,Twin volkite culverin,"<a href=""/wh40k10ed/the-rules/core-rules/#Devastating-Wounds"">devastating wounds</a>, <a href=""/wh40k10ed/the-rules/core-rules/#Twin-linked"">twin-linked</a>",36,Ranged,4,3,6,0,2
2719,Armoured feet,,Melee,Melee,5,3,6,0,1
2719,Dreadnought chainfist,"<a href=""/wh40k10ed/the-rules/core-rules/#Anti"">anti-vehicle 3+</a>",Melee,Melee,4,3,12,-2,3
2719,Dreadnought combat weapon,,Melee,Melee,5,3,12,-2,3
2720,Hunter-killer missile,one shot,48,Ranged,1,2,14,-3,D6
2720,Multi-melta,"<a href=""/wh40k10ed/the-rules/core-rules/#Melta"">melta 2</a>",18,Ranged,2,3,9,-4,D6
2720,Storm bolter,"<a href=""/wh40k10ed/the-rules/core-rules/#Rapid-Fire"">rapid fire 2</a>",24,Ranged,2,3,4,0,1
2720,Twin assault cannon,"<a href=""/wh40k10ed/the-rules/core-rules/#Devastating-Wounds"">devastating wounds</a>, <a href=""/wh40k10ed/the-rules/core-rules/#Twin-linked"">twin-linked</a>",24,Ranged,6,3,6,0,1
2720,Twin heavy bolter,"<a href=""/wh40k10ed/the-rules/core-rules/#Sustained-Hits"">sustained hits 1</a>, <a href=""/wh40k10ed/the-rules/core-rules/#Twin-linked"">twin-linked</a>",36,Ranged,3,3,5,-1,2
2720,Twin lascannon,"<a href=""/wh40k10ed/the-rules/core-rules/#Twin-linked"">twin-linked</a>",48,Ranged,1,3,12,-3,D6+1
2720,Armoured tracks,,Melee,Melee,3,4,6,0,1
2721,Heavy onslaught gatling cannon,"<a href=""/wh40k10ed/the-rules/core-rules/#Devastating-Wounds"">devastating wounds</a>",24,Ranged,12,3,6,0,1
2721,Hunter-slayer missile,"<a href=""/wh40k10ed/the-rules/core-rules/#Indirect-Fire"">indirect fire</a>, one shot",48,Ranged,1,2,14,-3,D6
2721,Las-talon,,36,Ranged,2,3,10,-3,D6+1
2721,Repulsor defensive array,,24,Ranged,18,3,4,0,1
2721,Twin heavy bolter,"<a href=""/wh40k10ed/the-rules/core-rules/#Sustained-Hits"">sustained hits 1</a>, <a href=""/wh40k10ed/the-rules/core-rules/#Twin-linked"">twin-linked</a>",36,Ranged,3,3,5,-1,2
2721,Twin lascannon,"<a href=""/wh40k10ed/the-rules/core-rules/#Twin-linked"">twin-linked</a>",48,Ranged,1,3,12,-3,D6+1
2721,Armoured hull,,Melee,Melee,6,4,8,0,1
2722,Heavy laser destroyer,"<a href=""/wh40k10ed/the-rules/core-rules/#Heavy"">heavy</a>",72,Ranged,2,3,16,-4,D6+4
2722,Heavy onslaught gatling cannon,"<a href=""/wh40k10ed/the-rules/core-rules/#Devastating-Wounds"">devastating wounds</a>",24,Ranged,12,3,6,0,1
2722,Icarus rocket pod,"<a href=""/wh40k10ed/the-rules/core-rules/#Anti"">anti-fly 2+</a>",24,Ranged,D3,3,8,-1,2
2722,Ironhail heavy stubber,"<a href=""/wh40k10ed/the-rules/core-rules/#Rapid-Fire"">rapid fire 3</a>",36,Ranged,3,3,4,0,1
2722,Macro plasma incinerator – standard,"<a href=""/wh40k10ed/the-rules/core-rules/#Blast"">blast</a>",36,Ranged,D6+1,3,8,-3,2
2722,Macro plasma incinerator – supercharge,"<a href=""/wh40k10ed/the-rules/core-rules/#Blast"">blast</a>, <a href=""/wh40k10ed/the-rules/core-rules/#Hazardous"">hazardous</a>",36,Ranged,D6+1,3,9,-4,3
2722,Repulsor Executioner defensive array,,24,Ranged,10,3,4,0,1
2722,Twin heavy bolter,"<a href=""/wh40k10ed/the-rules/core-rules/#Sustained-Hits"">sustained hits 1</a>, <a href=""/wh40k10ed/the-rules/core-rules/#Twin-linked"">twin-linked</a>",36,Ranged,3,3,5,-1,2
2722,Twin Icarus ironhail heavy stubber,"<a href=""/wh40k10ed/the-rules/core-rules/#Anti"">anti-fly 4+</a>, <a href=""/wh40k10ed/the-rules/core-rules/#Rapid-Fire"">rapid fire 3</a>, <a href=""/wh40k10ed/the-rules/core-rules/#Twin-linked"">twin-linked</a>",36,Ranged,3,3,4,0,1
2722,Armoured hull,,Melee,Melee,6,4,8,0,1
2723,Hunter-killer missile,one shot,48,Ranged,1,2,14,-3,D6
2723,Storm bolter,"<a href=""/wh40k10ed/the-rules/core-rules/#Rapid-Fire"">rapid fire 2</a>",24,Ranged,2,3,4,0,1
2723,Armoured tracks,,Melee,Melee,3,4,6,0,1
2724,Hellstrike missile battery,"<a href=""/wh40k10ed/the-rules/core-rules/#Anti"">anti-fly 4+</a>",72,Ranged,4,3,8,-2,3
2724,Twin heavy bolter,"<a href=""/wh40k10ed/the-rules/core-rules/#Sustained-Hits"">sustained hits 1</a>, <a href=""/wh40k10ed/the-rules/core-rules/#Twin-linked"">twin-linked</a>",36,Ranged,3,3,5,-1,2
2724,Armoured hull,,Melee,Melee,8,4,8,0,1
2725,Bolt pistol,"<a href=""/wh40k10ed/the-rules/core-rules/#Anti"">anti-tyranids 4+</a>, <a href=""/wh40k10ed/the-rules/core-rules/#Pistol"">pistol</a>",12,Ranged,1,3,4,0,1
2725,Boltgun,"<a href=""/wh40k10ed/the-rules/core-rules/#Anti"">anti-tyranids 4+</a>",24,Ranged,2,3,4,0,1
2725,Close combat weapon,"<a href=""/wh40k10ed/the-rules/core-rules/#Anti"">anti-tyranids 4+</a>",Melee,Melee,3,3,4,0,1
2726,Bolt pistol,"<a href=""/wh40k10ed/the-rules/core-rules/#Pistol"">pistol</a>",12,Ranged,1,2,4,0,1
2726,Gauntlet of the Forge,"<a href=""/wh40k10ed/the-rules/core-rules/#Ignores-Cover"">ignores cover</a>, <a href=""/wh40k10ed/the-rules/core-rules/#Pistol"">pistol</a>, <a href=""/wh40k10ed/the-rules/core-rules/#Torrent"">torrent</a>",12,Ranged,D6+3,N/A,6,-1,1
2726,Spear of Vulkan,"<a href=""/wh40k10ed/the-rules/core-rules/#Devastating-Wounds"">devastating wounds</a>",Melee,Melee,6,2,6,-2,2
2727,Hunter-killer missile,one shot,48,Ranged,1,2,14,-3,D6
2727,Storm bolter,"<a href=""/wh40k10ed/the-rules/core-rules/#Rapid-Fire"">rapid fire 2</a>",24,Ranged,2,3,4,0,1
2727,Whirlwind vengeance launcher,"<a href=""/wh40k10ed/the-rules/core-rules/#Blast"">blast</a>, <a href=""/wh40k10ed/the-rules/core-rules/#Indirect-Fire"">indirect fire</a>",72,Ranged,D6+3,3,8,-2,2
2727,Armoured tracks,,Melee,Melee,3,4,6,0,1
2728,Hunter-killer missile,one shot,48,Ranged,1,2,14,-3,D6
2728,Scorpius multi-launcher,"<a href=""/wh40k10ed/the-rules/core-rules/#Blast"">blast</a>, <a href=""/wh40k10ed/the-rules/core-rules/#Indirect-Fire"">indirect fire</a>",48,Ranged,2D3+3,3,6,-1,2
2728,Storm bolter,"<a href=""/wh40k10ed/the-rules/core-rules/#Rapid-Fire"">rapid fire 2</a>",24,Ranged,2,3,4,0,1
2728,Armoured tracks,,Melee,Melee,3,4,6,0,1
2729,Twin lascannon,"<a href=""/wh40k10ed/the-rules/core-rules/#Twin-linked"">twin-linked</a>",48,Ranged,1,3,12,-3,D6+1
2729,Xiphon missile battery,"<a href=""/wh40k10ed/the-rules/core-rules/#Anti"">anti-fly 2+</a>",60,Ranged,3,3,7,-1,3
2729,Armoured hull,,Melee,Melee,3,4,6,0,1
2730,Infernal cannon,,24,Ranged,3,2,5,-1,2
2730,Hellforged weapons – strike,,Melee,Melee,6,2,8,-2,3
2730,Hellforged weapons – sweep,,Melee,Melee,14,2,6,0,1
2731,Autogun,"<a href=""/wh40k10ed/the-rules/core-rules/#Rapid-Fire"">rapid fire 1</a>",24,Ranged,1,3,3,0,1
2731,Enforcer pistol,"<a href=""/wh40k10ed/the-rules/core-rules/#Pistol"">pistol</a>",12,Ranged,1,3,4,0,1
2731,Lasgun,"<a href=""/wh40k10ed/the-rules/core-rules/#Rapid-Fire"">rapid fire 1</a>",24,Ranged,1,3,3,0,1
2731,Shotgun,"<a href=""/wh40k10ed/the-rules/core-rules/#Assault"">assault</a>",12,Ranged,2,3,4,0,1
2731,Enforcer melee weapon,,Melee,Melee,4,3,4,0,1
2731,Power fist,,Melee,Melee,3,3,6,-2,2
2731,Power weapon,,Melee,Melee,3,3,4,-2,1
2732,Autocannon,"<a href=""/wh40k10ed/the-rules/core-rules/#Heavy"">heavy</a>",48,Ranged,2,5,9,-1,3
2732,Heavy bolter,"<a href=""/wh40k10ed/the-rules/core-rules/#Heavy"">heavy</a>, <a href=""/wh40k10ed/the-rules/core-rules/#Sustained-Hits"">sustained hits 1</a>",36,Ranged,3,5,5,-1,2
2732,Heavy stubber,"<a href=""/wh40k10ed/the-rules/core-rules/#Heavy"">heavy</a>, <a href=""/wh40k10ed/the-rules/core-rules/#Rapid-Fire"">rapid fire 3</a>",36,Ranged,4,5,4,0,1
2732,Lascannon,"<a href=""/wh40k10ed/the-rules/core-rules/#Heavy"">heavy</a>",48,Ranged,1,5,12,-3,D6+1
2732,Missile launcher – frag,"<a href=""/wh40k10ed/the-rules/core-rules/#Blast"">blast</a>, <a href=""/wh40k10ed/the-rules/core-rules/#Heavy"">heavy</a>",48,Ranged,D6,5,4,0,1
2732,Missile launcher – krak,"<a href=""/wh40k10ed/the-rules/core-rules/#Heavy"">heavy</a>",48,Ranged,1,5,9,-2,D6
2732,Mortar,"<a href=""/wh40k10ed/the-rules/core-rules/#Blast"">blast</a>, <a href=""/wh40k10ed/the-rules/core-rules/#Heavy"">heavy</a>, <a href=""/wh40k10ed/the-rules/core-rules/#Indirect-Fire"">indirect fire</a>",48,Ranged,D6,5,5,0,1
2732,Renegade firearm,"<a href=""/wh40k10ed/the-rules/core-rules/#Rapid-Fire"">rapid fire 1</a>",24,Ranged,1,4,3,0,1
2732,Close combat weapons,,Melee,Melee,2,4,3,0,1
2733,Befouled claws and fangs,,Melee,Melee,2,3,5,0,1
2733,Mauler goad and ripper claw,,Melee,Melee,4,3,6,-1,2
2734,Ogryn power drill,,Melee,Melee,3,3,10,-2,2
2734,Ogryn weapon,,Melee,Melee,3,3,6,-1,2
2735,Ogryn plague claws,"<a href=""/wh40k10ed/the-rules/core-rules/#Lethal-Hits"">lethal hits</a>",Melee,Melee,3,3,6,-1,2
2736,Kopta rokkits,"<a href=""/wh40k10ed/the-rules/core-rules/#Blast"">blast</a>, <a href=""/wh40k10ed/the-rules/core-rules/#Twin-linked"">twin-linked</a>",24,Ranged,D3,5,9,-2,3
2736,Kustom mega-blasta,"<a href=""/wh40k10ed/the-rules/core-rules/#Hazardous"">hazardous</a>",24,Ranged,3,5,9,-2,D6
2736,Slugga,"<a href=""/wh40k10ed/the-rules/core-rules/#Pistol"">pistol</a>",12,Ranged,1,5,4,0,1
2736,Twin big shoota,"<a href=""/wh40k10ed/the-rules/core-rules/#Rapid-Fire"">rapid fire 2</a>, <a href=""/wh40k10ed/the-rules/core-rules/#Twin-linked"">twin-linked</a>",36,Ranged,3,5,5,0,1
2736,Killsaw,,Melee,Melee,3,4,12,-3,2
2736,Spinnin’ blades,,Melee,Melee,6,3,5,0,1
2737,Hand flamer,"<a href=""/wh40k10ed/the-rules/core-rules/#Ignores-Cover"">ignores cover</a>, <a href=""/wh40k10ed/the-rules/core-rules/#Pistol"">pistol</a>, <a href=""/wh40k10ed/the-rules/core-rules/#Torrent"">torrent</a>",12,Ranged,D6,N/A,3,0,1
2737,Heavy bolt pistol,"<a href=""/wh40k10ed/the-rules/core-rules/#Pistol"">pistol</a>",18,Ranged,1,3,4,-1,1
2737,Inferno pistol,"<a href=""/wh40k10ed/the-rules/core-rules/#Pistol"">pistol</a>, <a href=""/wh40k10ed/the-rules/core-rules/#Melta"">melta 2</a>",6,Ranged,1,3,8,-4,D3
2737,Plasma pistol – standard,"<a href=""/wh40k10ed/the-rules/core-rules/#Pistol"">pistol</a>",12,Ranged,1,3,7,-2,1
2737,Plasma pistol – supercharge,"<a href=""/wh40k10ed/the-rules/core-rules/#Hazardous"">hazardous</a>, <a href=""/wh40k10ed/the-rules/core-rules/#Pistol"">pistol</a>",12,Ranged,1,3,8,-3,2
2737,Astartes chainsword,,Melee,Melee,4,3,4,-1,1
2737,Eviscerator,"<a href=""/wh40k10ed/the-rules/core-rules/#Sustained-Hits"">sustained hits 1</a>",Melee,Melee,3,4,7,-2,2
2737,Power fist,,Melee,Melee,3,3,8,-2,2
2737,Power weapon,,Melee,Melee,4,3,5,-2,1
2738,Bolt pistol,"<a href=""/wh40k10ed/the-rules/core-rules/#Pistol"">pistol</a>",12,Ranged,1,2,4,0,1
2738,Astartes chainsword,,Melee,Melee,5,2,4,-1,1
2739,Earthshaker cannon,"<a href=""/wh40k10ed/the-rules/core-rules/#Blast"">blast</a>, <a href=""/wh40k10ed/the-rules/core-rules/#Indirect-Fire"">indirect fire</a>",240,Ranged,D6+3,4,8,-2,2
2739,Close combat weapons,,Melee,Melee,3,4,3,0,1
2740,Heavy bolter,"<a href=""/wh40k10ed/the-rules/core-rules/#Sustained-Hits"">sustained hits 1</a>",36,Ranged,3,4,5,-1,2
2740,Heavy flamer,"<a href=""/wh40k10ed/the-rules/core-rules/#Ignores-Cover"">ignores cover</a>, <a href=""/wh40k10ed/the-rules/core-rules/#Torrent"">torrent</a>",12,Ranged,D6,N/A,5,-1,1
2740,Hunter-killer missile,one shot,48,Ranged,1,4,14,-3,D6
2740,Multi-melta,"<a href=""/wh40k10ed/the-rules/core-rules/#Melta"">melta 2</a>",18,Ranged,2,4,9,-4,D6
2740,Close combat weapon,,Melee,Melee,2,4,6,0,1
2741,Eradicator nova cannon,"<a href=""/wh40k10ed/the-rules/core-rules/#Blast"">blast</a>, <a href=""/wh40k10ed/the-rules/core-rules/#Ignores-Cover"">ignores cover</a>",36,Ranged,D3+6,4,7,-1,2
2741,Heavy bolter,"<a href=""/wh40k10ed/the-rules/core-rules/#Sustained-Hits"">sustained hits 1</a>",36,Ranged,3,4,5,-1,2
2741,Heavy flamer,"<a href=""/wh40k10ed/the-rules/core-rules/#Ignores-Cover"">ignores cover</a>, <a href=""/wh40k10ed/the-rules/core-rules/#Torrent"">torrent</a>",12,Ranged,D6,N/A,5,-1,1
2741,Heavy stubber,"<a href=""/wh40k10ed/the-rules/core-rules/#Rapid-Fire"">rapid fire 3</a>",36,Ranged,3,4,4,0,1
2741,Hunter-killer missile,one shot,48,Ranged,1,4,14,-3,D6
2741,Lascannon,,48,Ranged,1,4,12,-3,D6+1
2741,Multi-melta,"<a href=""/wh40k10ed/the-rules/core-rules/#Melta"">melta 2</a>",18,Ranged,2,4,9,-4,D6
2741,Plasma cannon – standard,"<a href=""/wh40k10ed/the-rules/core-rules/#Blast"">blast</a>",36,Ranged,D3,4,7,-2,1
2741,Plasma cannon – supercharge,"<a href=""/wh40k10ed/the-rules/core-rules/#Blast"">blast</a>, <a href=""/wh40k10ed/the-rules/core-rules/#Hazardous"">hazardous</a>",36,Ranged,D3,4,8,-3,2
2741,Storm bolter,"<a href=""/wh40k10ed/the-rules/core-rules/#Rapid-Fire"">rapid fire 2</a>",24,Ranged,2,4,4,0,1
2741,Armoured tracks,,Melee,Melee,6,4,7,0,1
2742,Executioner plasma cannon – standard,"<a href=""/wh40k10ed/the-rules/core-rules/#Blast"">blast</a>",36,Ranged,D6+3,4,7,-2,2
2742,Executioner plasma cannon – supercharge,"<a href=""/wh40k10ed/the-rules/core-rules/#Blast"">blast</a>, <a href=""/wh40k10ed/the-rules/core-rules/#Hazardous"">hazardous</a>",36,Ranged,D6+3,4,8,-3,3
2742,Heavy bolter,"<a href=""/wh40k10ed/the-rules/core-rules/#Sustained-Hits"">sustained hits 1</a>",36,Ranged,3,4,5,-1,2
2742,Heavy flamer,"<a href=""/wh40k10ed/the-rules/core-rules/#Ignores-Cover"">ignores cover</a>, <a href=""/wh40k10ed/the-rules/core-rules/#Torrent"">torrent</a>",12,Ranged,D6,N/A,5,-1,1
2742,Heavy stubber,"<a href=""/wh40k10ed/the-rules/core-rules/#Rapid-Fire"">rapid fire 3</a>",36,Ranged,3,4,4,0,1
2742,Hunter-killer missile,one shot,48,Ranged,1,4,14,-3,D6
2742,Lascannon,,48,Ranged,1,4,12,-3,D6+1
2742,Multi-melta,"<a href=""/wh40k10ed/the-rules/core-rules/#Melta"">melta 2</a>",18,Ranged,2,4,9,-4,D6
2742,Plasma cannon – standard,"<a href=""/wh40k10ed/the-rules/core-rules/#Blast"">blast</a>",36,Ranged,D3,4,7,-2,1
2742,Plasma cannon – supercharge,"<a href=""/wh40k10ed/the-rules/core-rules/#Blast"">blast</a>, <a href=""/wh40k10ed/the-rules/core-rules/#Hazardous"">hazardous</a>",36,Ranged,D3,4,8,-3,2
2742,Storm bolter,"<a href=""/wh40k10ed/the-rules/core-rules/#Rapid-Fire"">rapid fire 2</a>",24,Ranged,2,4,4,0,1
2742,Armoured tracks,,Melee,Melee,6,4,7,0,1
2743,Exterminator autocannon,"<a href=""/wh40k10ed/the-rules/core-rules/#Rapid-Fire"">rapid fire 4</a>, <a href=""/wh40k10ed/the-rules/core-rules/#Twin-linked"">twin-linked</a>",48,Ranged,4,4,9,-1,3
2743,Heavy bolter,"<a href=""/wh40k10ed/the-rules/core-rules/#Sustained-Hits"">sustained hits 1</a>",36,Ranged,3,4,5,-1,2
2743,Heavy flamer,"<a href=""/wh40k10ed/the-rules/core-rules/#Ignores-Cover"">ignores cover</a>, <a href=""/wh40k10ed/the-rules/core-rules/#Torrent"">torrent</a>",12,Ranged,D6,N/A,5,-1,1
2743,Heavy stubber,"<a href=""/wh40k10ed/the-rules/core-rules/#Rapid-Fire"">rapid fire 3</a>",36,Ranged,3,4,4,0,1
2743,Hunter-killer missile,one shot,48,Ranged,1,4,14,-3,D6
2743,Lascannon,,48,Ranged,1,4,12,-3,D6+1
2743,Multi-melta,"<a href=""/wh40k10ed/the-rules/core-rules/#Melta"">melta 2</a>",18,Ranged,2,4,9,-4,D6
2743,Plasma cannon – standard,"<a href=""/wh40k10ed/the-rules/core-rules/#Blast"">blast</a>",36,Ranged,D3,4,7,-2,1
2743,Plasma cannon – supercharge,"<a href=""/wh40k10ed/the-rules/core-rules/#Blast"">blast</a>, <a href=""/wh40k10ed/the-rules/core-rules/#Hazardous"">hazardous</a>",36,Ranged,D3,4,8,-3,2
2743,Storm bolter,"<a href=""/wh40k10ed/the-rules/core-rules/#Rapid-Fire"">rapid fire 2</a>",24,Ranged,2,4,4,0,1
2743,Armoured tracks,,Melee,Melee,6,4,7,0,1
2744,Heavy bolter,"<a href=""/wh40k10ed/the-rules/core-rules/#Sustained-Hits"">sustained hits 1</a>",36,Ranged,3,4,5,-1,2
2744,Heavy flamer,"<a href=""/wh40k10ed/the-rules/core-rules/#Ignores-Cover"">ignores cover</a>, <a href=""/wh40k10ed/the-rules/core-rules/#Torrent"">torrent</a>",12,Ranged,D6,N/A,5,-1,1
2744,Heavy stubber,"<a href=""/wh40k10ed/the-rules/core-rules/#Rapid-Fire"">rapid fire 3</a>",36,Ranged,3,4,4,0,1
2744,Hunter-killer missile,one shot,48,Ranged,1,4,14,-3,D6
2744,Lascannon,,48,Ranged,1,4,12,-3,D6+1
2744,Multi-melta,"<a href=""/wh40k10ed/the-rules/core-rules/#Melta"">melta 2</a>",18,Ranged,2,4,9,-4,D6
2744,Plasma cannon – standard,"<a href=""/wh40k10ed/the-rules/core-rules/#Blast"">blast</a>",36,Ranged,D3,4,7,-2,1
2744,Plasma cannon – supercharge,"<a href=""/wh40k10ed/the-rules/core-rules/#Blast"">blast</a>, <a href=""/wh40k10ed/the-rules/core-rules/#Hazardous"">hazardous</a>",36,Ranged,D3,4,8,-3,2
2744,Punisher gatling cannon,,24,Ranged,20,4,6,0,1
2744,Storm bolter,"<a href=""/wh40k10ed/the-rules/core-rules/#Rapid-Fire"">rapid fire 2</a>",24,Ranged,2,4,4,0,1
2744,Armoured tracks,,Melee,Melee,6,4,7,0,1
2745,Heavy bolter,"<a href=""/wh40k10ed/the-rules/core-rules/#Sustained-Hits"">sustained hits 1</a>",36,Ranged,3,4,5,-1,2
2745,Heavy flamer,"<a href=""/wh40k10ed/the-rules/core-rules/#Ignores-Cover"">ignores cover</a>, <a href=""/wh40k10ed/the-rules/core-rules/#Torrent"">torrent</a>",12,Ranged,D6,N/A,5,-1,1
2745,Heavy stubber,"<a href=""/wh40k10ed/the-rules/core-rules/#Rapid-Fire"">rapid fire 3</a>",36,Ranged,3,4,4,0,1
2745,Hunter-killer missile,one shot,48,Ranged,1,4,14,-3,D6
2745,Lascannon,,48,Ranged,1,4,12,-3,D6+1
2745,Multi-melta,"<a href=""/wh40k10ed/the-rules/core-rules/#Melta"">melta 2</a>",18,Ranged,2,4,9,-4,D6
2745,Plasma cannon – standard,"<a href=""/wh40k10ed/the-rules/core-rules/#Blast"">blast</a>",36,Ranged,D3,4,7,-2,1
2745,Plasma cannon – supercharge,"<a href=""/wh40k10ed/the-rules/core-rules/#Blast"">blast</a>, <a href=""/wh40k10ed/the-rules/core-rules/#Hazardous"">hazardous</a>",36,Ranged,D3,4,8,-3,2
2745,Storm bolter,"<a href=""/wh40k10ed/the-rules/core-rules/#Rapid-Fire"">rapid fire 2</a>",24,Ranged,2,4,4,0,1
2745,Vanquisher battle cannon,"<a href=""/wh40k10ed/the-rules/core-rules/#Heavy"">heavy</a>",72,Ranged,1,4,18,-4,D6+6
2745,Armoured tracks,,Melee,Melee,6,4,7,0,1
2746,Bolt pistol,"<a href=""/wh40k10ed/the-rules/core-rules/#Pistol"">PISTOL</a>",12,Ranged,1,4,4,0,1
2746,Flamer,"<a href=""/wh40k10ed/the-rules/core-rules/#Ignores-Cover"">ignores cover</a>, <a href=""/wh40k10ed/the-rules/core-rules/#Torrent"">torrent</a>",12,Ranged,D6,N/A,4,0,1
2746,Grenade launcher – frag,"<a href=""/wh40k10ed/the-rules/core-rules/#Blast"">blast</a>",24,Ranged,D3,3,4,0,1
2746,Grenade launcher – krak,,24,Ranged,1,3,9,-2,D3
2746,Hot-shot lasgun,"<a href=""/wh40k10ed/the-rules/core-rules/#Rapid-Fire"">rapid fire 1</a>",24,Ranged,1,3,3,-1,1
2746,Hot-shot laspistol,"<a href=""/wh40k10ed/the-rules/core-rules/#Pistol"">pistol</a>",12,Ranged,1,3,3,-1,1
2746,Hot-shot volley gun,"<a href=""/wh40k10ed/the-rules/core-rules/#Rapid-Fire"">rapid fire 2</a>",30,Ranged,2,3,4,-1,1
2746,Meltagun,"<a href=""/wh40k10ed/the-rules/core-rules/#Melta"">melta 2</a>",12,Ranged,1,3,9,-4,D6
2746,Plasma gun – standard,"<a href=""/wh40k10ed/the-rules/core-rules/#Rapid-Fire"">rapid fire 1</a>",24,Ranged,1,3,7,-2,1
2746,Plasma gun – supercharge,"<a href=""/wh40k10ed/the-rules/core-rules/#Hazardous"">hazardous</a>, <a href=""/wh40k10ed/the-rules/core-rules/#Rapid-Fire"">rapid fire 1</a>",24,Ranged,1,3,8,-3,2
2746,Plasma pistol – standard,"<a href=""/wh40k10ed/the-rules/core-rules/#Pistol"">PISTOL</a>",12,Ranged,1,3,7,-2,1
2746,Plasma pistol – supercharge,"<a href=""/wh40k10ed/the-rules/core-rules/#Hazardous"">HAZARDOUS</a>, <a href=""/wh40k10ed/the-rules/core-rules/#Pistol"">PISTOL</a>",12,Ranged,1,3,8,-3,2
2746,Chainsword,,Melee,Melee,4,4,3,0,1
2746,Close combat weapon,,Melee,Melee,2,4,3,0,1
2746,Power fist,,Melee,Melee,3,4,6,-2,2
2746,Power weapon,,Melee,Melee,3,4,4,-2,1
2748,Astartes grenade launcher – frag,"<a href=""/wh40k10ed/the-rules/core-rules/#Blast"">blast</a>",24,Ranged,D3,3,4,0,1
2748,Astartes grenade launcher – krak,,24,Ranged,1,3,9,-2,D3
2748,Bolt pistol,"<a href=""/wh40k10ed/the-rules/core-rules/#Pistol"">pistol</a>",12,Ranged,1,3,4,0,1
2748,Plasma talon – standard,"<a href=""/wh40k10ed/the-rules/core-rules/#Rapid-Fire"">rapid fire 1</a>",18,Ranged,2,3,7,-2,1
2748,Plasma talon – supercharge,"<a href=""/wh40k10ed/the-rules/core-rules/#Hazardous"">hazardous</a>, <a href=""/wh40k10ed/the-rules/core-rules/#Rapid-Fire"">rapid fire 1</a>",18,Ranged,2,3,8,-3,2
2748,Black Knight combat weapon,"<a href=""/wh40k10ed/the-rules/core-rules/#Devastating-Wounds"">devastating wounds</a>",Melee,Melee,3,3,5,-2,1
2748,Master-crafted power weapon,,Melee,Melee,6,2,5,-2,2
2749,Infernal cannon,"<a href=""/wh40k10ed/the-rules/core-rules/#Lethal-Hits"">lethal hits</a>",24,Ranged,3,2,7,-1,2
2749,Hellforged weapons – strike,"<a href=""/wh40k10ed/the-rules/core-rules/#Lethal-Hits"">lethal hits</a>",Melee,Melee,7,2,8,-2,3
2749,Hellforged weapons – sweep,"<a href=""/wh40k10ed/the-rules/core-rules/#Lethal-Hits"">lethal hits</a>",Melee,Melee,14,2,6,-1,1
2750,Boltgun,"<a href=""/wh40k10ed/the-rules/core-rules/#Lethal-Hits"">lethal hits</a>",24,Ranged,2,3,4,0,1
2750,Plague knife,"<a href=""/wh40k10ed/the-rules/core-rules/#Lethal-Hits"">lethal hits</a>",Melee,Melee,4,3,4,0,1
2751,Psychic Tendril – neuroparasite,"<a href=""/wh40k10ed/the-rules/core-rules/#Precision"">precision</a>, <a href=""/wh40k10ed/the-rules/core-rules/#Psychic-Weapons-and-Abilities"">psychic</a>",18,Ranged,2,2,8,-2,D3
2751,Psychic Tendril – neuroblast,"<a href=""/wh40k10ed/the-rules/core-rules/#Blast"">blast</a>, <a href=""/wh40k10ed/the-rules/core-rules/#Psychic-Weapons-and-Abilities"">psychic</a>",18,Ranged,2D6,2,6,-2,1
2751,Psychic Tendril – neurolance,"<a href=""/wh40k10ed/the-rules/core-rules/#Melta"">melta 2</a>, <a href=""/wh40k10ed/the-rules/core-rules/#Psychic-Weapons-and-Abilities"">psychic</a>",18,Ranged,2,2,12,-3,D6
2751,Monstrous scything talons,,Melee,Melee,6,2,9,-2,3
2751,Monstrous rending claws,"<a href=""/wh40k10ed/the-rules/core-rules/#Extra-Attacks"">extra attacks</a>",Melee,Melee,4,2,7,-2,2
2752,Toxinjector Harpoon,harpooned,12,Ranged,2,2,12,-3,D6+1
2752,Monstrous scything talons,,Melee,Melee,6,2,9,-2,3
2752,Toxinjector harpoon,"<a href=""/wh40k10ed/the-rules/core-rules/#Extra-Attacks"">extra attacks</a>",Melee,Melee,4,2,12,-3,D6+1
2753,Piercing claws and talons,"<a href=""/wh40k10ed/the-rules/core-rules/#Precision"">precision</a>",Melee,Melee,6,2,6,-2,1
2755,Arcane Fire,"<a href=""/wh40k10ed/the-rules/core-rules/#Ignores-Cover"">ignores cover</a>, <a href=""/wh40k10ed/the-rules/core-rules/#Psychic-Weapons-and-Abilities"">psychic</a>, <a href=""/wh40k10ed/the-rules/core-rules/#Torrent"">torrent</a>",18,Ranged,D6,N/A,6,-2,D3
2755,Inferno bolt pistol,"<a href=""/wh40k10ed/the-rules/core-rules/#Pistol"">pistol</a>",12,Ranged,1,2,4,-1,1
2755,Force weapon,"<a href=""/wh40k10ed/the-rules/core-rules/#Psychic-Weapons-and-Abilities"">psychic</a>",Melee,Melee,5,2,6,-1,D3
2755,Prosperine khopesh,,Melee,Melee,4,2,5,-2,2
2757,Infernal cannon,"<a href=""/wh40k10ed/the-rules/core-rules/#Rapid-Fire"">rapid fire 1</a>",24,Ranged,3,3,5,-1,2
2757,Hellforged weapons – strike,,Melee,Melee,8,2,8,-2,3
2757,Hellforged weapons – sweep,,Melee,Melee,16,2,6,-1,1
2758,Infernal cannon,,24,Ranged,3,2,5,-1,2
2758,Hellforged weapons – strike,,Melee,Melee,6,2,8,-2,3
2758,Hellforged weapons – sweep,,Melee,Melee,14,2,6,0,1
2759,Death spinner,"<a href=""/wh40k10ed/the-rules/core-rules/#Ignores-Cover"">ignores cover</a>, <a href=""/wh40k10ed/the-rules/core-rules/#Torrent"">torrent</a>",12,Ranged,D6,N/A,4,-1,1
2759,Dragon fusion gun,"<a href=""/wh40k10ed/the-rules/core-rules/#Assault"">assault</a>, <a href=""/wh40k10ed/the-rules/core-rules/#Melta"">melta 3</a>",12,Ranged,1,2,9,-4,D6
2759,Dragon fusion pistol,"<a href=""/wh40k10ed/the-rules/core-rules/#Assault"">assault</a>, <a href=""/wh40k10ed/the-rules/core-rules/#Melta"">melta 3</a>, <a href=""/wh40k10ed/the-rules/core-rules/#Pistol"">pistol</a>",6,Ranged,1,2,9,-4,D6
2759,Reaper launcher – starshot,"<a href=""/wh40k10ed/the-rules/core-rules/#Heavy"">heavy</a>, <a href=""/wh40k10ed/the-rules/core-rules/#Ignores-Cover"">ignores cover</a>",48,Ranged,1,3,10,-2,3
2759,Reaper launcher – starswarm,"<a href=""/wh40k10ed/the-rules/core-rules/#Heavy"">heavy</a>, <a href=""/wh40k10ed/the-rules/core-rules/#Ignores-Cover"">ignores cover</a>",48,Ranged,2,3,4,-2,1
2759,Shuriken pistol,"<a href=""/wh40k10ed/the-rules/core-rules/#Assault"">assault</a>, <a href=""/wh40k10ed/the-rules/core-rules/#Pistol"">pistol</a>",12,Ranged,1,2,4,-1,1
2759,Banshee blade,"<a href=""/wh40k10ed/the-rules/core-rules/#Anti"">anti-infantry 3+</a>",Melee,Melee,5,2,4,-2,2
2759,Scorpion chainsword,"<a href=""/wh40k10ed/the-rules/core-rules/#Sustained-Hits"">sustained hits 1</a>",Melee,Melee,7,2,4,-1,1
2759,Star glaive,,Melee,Melee,4,2,6,-3,3
2760,Combi-weapon,"<a href=""/wh40k10ed/the-rules/core-rules/#Anti"">anti-infantry 4+</a>, <a href=""/wh40k10ed/the-rules/core-rules/#Devastating-Wounds"">devastating wounds</a>, <a href=""/wh40k10ed/the-rules/core-rules/#Rapid-Fire"">rapid fire 1</a>",24,Ranged,1,3,4,-2,1
2760,Psycannon,"<a href=""/wh40k10ed/the-rules/core-rules/#Psychic-Weapons-and-Abilities"">psychic</a>",24,Ranged,3,3,8,-1,2
2760,Psychic shock wave,"<a href=""/wh40k10ed/the-rules/core-rules/#Devastating-Wounds"">devastating wounds</a>, <a href=""/wh40k10ed/the-rules/core-rules/#Psychic-Weapons-and-Abilities"">psychic</a>, <a href=""/wh40k10ed/the-rules/core-rules/#Torrent"">torrent</a>",18,Ranged,2D6,N/A,3,-2,1
2760,Storm bolter,"<a href=""/wh40k10ed/the-rules/core-rules/#Rapid-Fire"">rapid fire 2</a>",24,Ranged,2,3,4,0,1
2760,Force weapon,"<a href=""/wh40k10ed/the-rules/core-rules/#Psychic-Weapons-and-Abilities"">psychic</a>",Melee,Melee,4,3,5,-2,D3
2760,Inquisitorial melee weapon,,Melee,Melee,5,3,4,-2,1
2761,Bolt pistol,"<a href=""/wh40k10ed/the-rules/core-rules/#Ignores-Cover"">ignores cover</a>, <a href=""/wh40k10ed/the-rules/core-rules/#Pistol"">pistol</a>",12,Ranged,1,3,4,0,1
2761,Boltgun,"<a href=""/wh40k10ed/the-rules/core-rules/#Ignores-Cover"">ignores cover</a>",24,Ranged,2,3,4,0,1
2761,Flamer,"<a href=""/wh40k10ed/the-rules/core-rules/#Ignores-Cover"">ignores cover</a>, <a href=""/wh40k10ed/the-rules/core-rules/#Torrent"">torrent</a>",12,Ranged,D6,N/A,4,0,1
2761,Heavy flamer,"<a href=""/wh40k10ed/the-rules/core-rules/#Ignores-Cover"">ignores cover</a>, <a href=""/wh40k10ed/the-rules/core-rules/#Torrent"">torrent</a>",12,Ranged,D6,N/A,5,-1,1
2761,Meltagun,"<a href=""/wh40k10ed/the-rules/core-rules/#Melta"">melta 2</a>",12,Ranged,1,3,9,-4,D6
2761,Multi-melta,"<a href=""/wh40k10ed/the-rules/core-rules/#Heavy"">heavy</a>, <a href=""/wh40k10ed/the-rules/core-rules/#Melta"">melta 2</a>",18,Ranged,2,4,9,-4,D6
2761,Plasma gun – standard,"<a href=""/wh40k10ed/the-rules/core-rules/#Rapid-Fire"">rapid fire 1</a>",24,Ranged,1,3,7,-2,1
2761,Plasma gun – supercharge,"<a href=""/wh40k10ed/the-rules/core-rules/#Hazardous"">hazardous</a>, <a href=""/wh40k10ed/the-rules/core-rules/#Rapid-Fire"">rapid fire 1</a>",24,Ranged,1,3,8,-3,2
2761,Plasma pistol – standard,"<a href=""/wh40k10ed/the-rules/core-rules/#Pistol"">pistol</a>",12,Ranged,1,3,7,-2,1
2761,Plasma pistol – supercharge,"<a href=""/wh40k10ed/the-rules/core-rules/#Hazardous"">hazardous</a>, <a href=""/wh40k10ed/the-rules/core-rules/#Pistol"">pistol</a>",12,Ranged,1,3,8,-3,2
2761,Astartes chainsword,,Melee,Melee,5,3,4,-1,1
2761,Close combat weapon,,Melee,Melee,3,3,4,0,1
2761,Power weapon,,Melee,Melee,3,3,5,-2,1
2762,Dartmask,"<a href=""/wh40k10ed/the-rules/core-rules/#Anti"">anti-infantry 2+</a>, <a href=""/wh40k10ed/the-rules/core-rules/#Pistol"">pistol</a>, <a href=""/wh40k10ed/the-rules/core-rules/#Precision"">precision</a>",12,Ranged,1,4,2,-1,D3
2762,Household pistol,"<a href=""/wh40k10ed/the-rules/core-rules/#Pistol"">pistol</a>, <a href=""/wh40k10ed/the-rules/core-rules/#Devastating-Wounds"">devastating wounds</a>",12,Ranged,2,3,5,-2,2
2762,Laspistol,"<a href=""/wh40k10ed/the-rules/core-rules/#Pistol"">pistol</a>",12,Ranged,1,4,3,0,1
2762,Voltaic pistol,"<a href=""/wh40k10ed/the-rules/core-rules/#Pistol"">pistol</a>, <a href=""/wh40k10ed/the-rules/core-rules/#Sustained-Hits"">sustained hits 2</a>",12,Ranged,3,3,4,-2,1
2762,Close combat weapon,,Melee,Melee,1,4,3,0,1
2762,Death Cult power blade,"<a href=""/wh40k10ed/the-rules/core-rules/#Precision"">precision</a>",Melee,Melee,5,2,4,-2,1
2762,Monomolecular cane-rapier,,Melee,Melee,4,3,4,-1,1
2763,Heirloom pistol,"<a href=""/wh40k10ed/the-rules/core-rules/#Anti"">anti-infantry 4+</a>, <a href=""/wh40k10ed/the-rules/core-rules/#Pistol"">pistol</a>",12,Ranged,1,3,4,-1,3
2763,Monomolecular rapier,"<a href=""/wh40k10ed/the-rules/core-rules/#Sustained-Hits"">sustained hits 1</a>",Melee,Melee,4,3,3,-2,1
2764,Negotiator pistol,"<a href=""/wh40k10ed/the-rules/core-rules/#Precision"">precision</a>",12,Ranged,4,3,4,-2,1
2764,Close combat weapon,,Melee,Melee,4,3,3,0,1
2765,Laspistol,"<a href=""/wh40k10ed/the-rules/core-rules/#Pistol"">pistol</a>",12,Ranged,1,4,3,0,1
2765,Force-orb cane,"<a href=""/wh40k10ed/the-rules/core-rules/#Psychic-Weapons-and-Abilities"">psychic</a>",Melee,Melee,3,4,6,-1,D3
2766,Mk 1 assault weapon,"<a href=""/wh40k10ed/the-rules/core-rules/#Assault"">ASSAULT</a>",24,Ranged,4,3,5,-1,1
2766,Power claw,,Melee,Melee,3,4,8,-2,2
2767,Agent firearm,"<a href=""/wh40k10ed/the-rules/core-rules/#Pistol"">pistol</a>",12,Ranged,1,3,4,-1,1
2767,Heavy bolter,"<a href=""/wh40k10ed/the-rules/core-rules/#Heavy"">heavy</a>, <a href=""/wh40k10ed/the-rules/core-rules/#Sustained-Hits"">sustained hits 1</a>",36,Ranged,3,4,5,-1,2
2767,Multi-melta,"<a href=""/wh40k10ed/the-rules/core-rules/#Heavy"">heavy</a>, <a href=""/wh40k10ed/the-rules/core-rules/#Melta"">melta 2</a>",18,Ranged,2,4,9,-4,D6
2767,Plasma cannon – standard,"<a href=""/wh40k10ed/the-rules/core-rules/#Blast"">blast</a>, <a href=""/wh40k10ed/the-rules/core-rules/#Heavy"">heavy</a>",36,Ranged,D3,4,7,-1,1
2767,Plasma cannon – supercharge,"<a href=""/wh40k10ed/the-rules/core-rules/#Blast"">blast</a>, <a href=""/wh40k10ed/the-rules/core-rules/#Hazardous"">hazardous</a>, <a href=""/wh40k10ed/the-rules/core-rules/#Heavy"">heavy</a>",36,Ranged,D3,4,8,-2,2
2767,Plasma pistol – standard,"<a href=""/wh40k10ed/the-rules/core-rules/#Pistol"">pistol</a>",12,Ranged,1,3,7,-1,1
2767,Plasma pistol – supercharge,"<a href=""/wh40k10ed/the-rules/core-rules/#Hazardous"">hazardous</a>, <a href=""/wh40k10ed/the-rules/core-rules/#Pistol"">pistol</a>",12,Ranged,1,3,8,-2,2
2767,Agent melee weapon,,Melee,Melee,3,3,3,0,1
2767,Eviscerator,"<a href=""/wh40k10ed/the-rules/core-rules/#Devastating-Wounds"">devastating wounds</a>",Melee,Melee,2,3,6,-2,2
2767,Mystic stave,"<a href=""/wh40k10ed/the-rules/core-rules/#Anti"">ANTI-INFANTRy 4+</a>, <a href=""/wh40k10ed/the-rules/core-rules/#Psychic-Weapons-and-Abilities"">psychic</a>",Melee,Melee,2,3,5,-1,D3
2768,Hunter-killer missile,one shot,48,Ranged,1,2,14,-3,D6
2768,Multi-melta,"<a href=""/wh40k10ed/the-rules/core-rules/#Melta"">melta 2</a>",18,Ranged,2,3,9,-4,D6
2768,Storm bolter,"<a href=""/wh40k10ed/the-rules/core-rules/#Rapid-Fire"">rapid fire 2</a>",24,Ranged,2,3,4,0,1
2768,Twin assault cannon,"<a href=""/wh40k10ed/the-rules/core-rules/#Devastating-Wounds"">devastating wounds</a>, <a href=""/wh40k10ed/the-rules/core-rules/#Twin-linked"">twin-linked</a>",24,Ranged,6,3,6,0,1
2768,Twin heavy bolter,"<a href=""/wh40k10ed/the-rules/core-rules/#Sustained-Hits"">sustained hits 1</a>, <a href=""/wh40k10ed/the-rules/core-rules/#Twin-linked"">twin-linked</a>",36,Ranged,3,3,5,-1,2
2768,Twin lascannon,"<a href=""/wh40k10ed/the-rules/core-rules/#Twin-linked"">twin-linked</a>",48,Ranged,1,3,12,-3,D6+1
2768,Twin psycannon,"<a href=""/wh40k10ed/the-rules/core-rules/#Psychic-Weapons-and-Abilities"">psychic</a>, <a href=""/wh40k10ed/the-rules/core-rules/#Twin-linked"">twin-linked</a>",24,Ranged,3,3,8,-1,2
2768,Armoured tracks,,Melee,Melee,3,4,6,0,1
2769,Conversion beam cannon,"conversion, <a href=""/wh40k10ed/the-rules/core-rules/#Sustained-Hits"">sustained hits d3</a>",24,Ranged,1,3,10,-2,3
2769,Graviton pulsar,"<a href=""/wh40k10ed/the-rules/core-rules/#Anti"">ANTI-VEHICLE 2+</a>, <a href=""/wh40k10ed/the-rules/core-rules/#Blast"">BLAST</a>",24,Ranged,D6,3,7,-1,2
2769,Lightning lock,"<a href=""/wh40k10ed/the-rules/core-rules/#Sustained-Hits"">sustained hits 2</a>",36,Ranged,6,3,8,0,1
2769,Rad cleanser,"<a href=""/wh40k10ed/the-rules/core-rules/#Anti"">anti-infantry 2+</a>, <a href=""/wh40k10ed/the-rules/core-rules/#Ignores-Cover"">ignores cover</a>, <a href=""/wh40k10ed/the-rules/core-rules/#Torrent"">torrent</a>",12,Ranged,D6,N/A,2,0,1
2769,Volkite veuglaire,"<a href=""/wh40k10ed/the-rules/core-rules/#Devastating-Wounds"">devastating wounds</a>",36,Ranged,4,3,8,0,2
2769,Armoured feet,,Melee,Melee,4,3,6,0,1
2769,Siege claw,,Melee,Melee,4,3,12,-3,D6+2
2770,Hekhtur’s pistol,"<a href=""/wh40k10ed/the-rules/core-rules/#Pistol"">pistol</a>",12,Ranged,1,2,5,-1,2
2770,Close combat weapon,,Melee,Melee,2,2,3,0,1
2771,Bolt pistol,"<a href=""/wh40k10ed/the-rules/core-rules/#Pistol"">pistol</a>",12,Ranged,1,3,4,0,1
2771,Sanctity,"<a href=""/wh40k10ed/the-rules/core-rules/#Anti"">anti-chaos 2+</a>, <a href=""/wh40k10ed/the-rules/core-rules/#Precision"">precision</a>",Melee,Melee,4,2,6,-2,2
2771,The Outcast’s Weapons,"<a href=""/wh40k10ed/the-rules/core-rules/#Precision"">precision</a>",Melee,Melee,6,2,4,-2,1
2772,Bolt Pistol,"<a href=""/wh40k10ed/the-rules/core-rules/#Pistol"">PISTOL</a>",12,Ranged,1,3,4,0,1
2772,Bolt rifle,,24,Ranged,2,3,4,-1,1
2772,Master-crafted bolt rifle,"<a href=""/wh40k10ed/the-rules/core-rules/#Devastating-Wounds"">DEVASTATING WOUNDS</a>, <a href=""/wh40k10ed/the-rules/core-rules/#Rapid-Fire"">RAPID FIRE 1</a>",24,Ranged,2,2,4,-1,2
2772,Master-crafted heavy bolter,"<a href=""/wh40k10ed/the-rules/core-rules/#Heavy"">HEAVY</a>, <a href=""/wh40k10ed/the-rules/core-rules/#Sustained-Hits"">SUSTAINED HITS 2</a>",36,Ranged,3,3,5,-1,3
2772,Close combat weapon,,Melee,Melee,5,3,4,0,1
2772,Master-crafted power weapon,"<a href=""/wh40k10ed/the-rules/core-rules/#Precision"">PRECISION</a>",Melee,Melee,6,2,5,-2,2
2773,Absolvor bolt pistol,"<a href=""/wh40k10ed/the-rules/core-rules/#Pistol"">PISTOL</a>",18,Ranged,1,3,5,-1,2
2773,Reductor pistol,"<a href=""/wh40k10ed/the-rules/core-rules/#Pistol"">PISTOL</a>",3,Ranged,1,3,4,-4,2
2773,Close combat weapon,,Melee,Melee,4,3,4,0,1
2775,Bolt Pistol,"<a href=""/wh40k10ed/the-rules/core-rules/#Pistol"">PISTOL</a>",12,Ranged,1,3,4,0,1
2775,Bolt rifle,"<a href=""/wh40k10ed/the-rules/core-rules/#Assault"">ASSAULT</a>, <a href=""/wh40k10ed/the-rules/core-rules/#Heavy"">HEAVY</a>",24,Ranged,2,3,4,-1,1
2775,Close combat weapon,,Melee,Melee,5,2,4,0,1
2775,Power weapon,,Melee,Melee,5,2,5,-2,1
2776,Hand flamer,"<a href=""/wh40k10ed/the-rules/core-rules/#Ignores-Cover"">IGNORES COVER</a>, <a href=""/wh40k10ed/the-rules/core-rules/#Pistol"">PISTOL</a>, <a href=""/wh40k10ed/the-rules/core-rules/#Torrent"">TORRENT</a>",12,Ranged,D6,N/A,3,0,1
2776,Heavy bolt pistol,"<a href=""/wh40k10ed/the-rules/core-rules/#Pistol"">pistol</a>",18,Ranged,1,3,4,-1,1
2776,Plasma pistol - standard,"<a href=""/wh40k10ed/the-rules/core-rules/#Pistol"">PISTOL</a>",12,Ranged,1,3,7,-2,1
2776,Plasma pistol - supercharge,"<a href=""/wh40k10ed/the-rules/core-rules/#Hazardous"">HAZARDOUS</a>, <a href=""/wh40k10ed/the-rules/core-rules/#Pistol"">PISTOL</a>",12,Ranged,1,3,8,-3,2
2776,Astartes chainsword,,Melee,Melee,4,3,4,-1,1
2776,Power weapon,,Melee,Melee,5,2,5,-2,1
2776,Power fist,,Melee,Melee,3,3,8,-2,2
2779,Bolt pistol,"<a href=""/wh40k10ed/the-rules/core-rules/#Pistol"">pistol</a>",12,Ranged,1,3,4,0,1
2779,Bolt sniper rifle,"<a href=""/wh40k10ed/the-rules/core-rules/#Heavy"">heavy</a>, <a href=""/wh40k10ed/the-rules/core-rules/#Precision"">precision</a>",36,Ranged,1,3,5,-2,3
2779,Deathwatch bolt carbine,"<a href=""/wh40k10ed/the-rules/core-rules/#Lethal-Hits"">lethal hits</a>, <a href=""/wh40k10ed/the-rules/core-rules/#Precision"">precision</a>",24,Ranged,2,3,5,-1,1
2779,Deathwatch marksman bolt carbine,"<a href=""/wh40k10ed/the-rules/core-rules/#Heavy"">heavy</a>, <a href=""/wh40k10ed/the-rules/core-rules/#Lethal-Hits"">lethal hits</a>",24,Ranged,2,3,5,-1,1
2779,Deathwatch occulus bolt carbine,"<a href=""/wh40k10ed/the-rules/core-rules/#Assault"">assault</a>, <a href=""/wh40k10ed/the-rules/core-rules/#Ignores-Cover"">ignores cover</a>, <a href=""/wh40k10ed/the-rules/core-rules/#Lethal-Hits"">lethal hits</a>",24,Ranged,2,3,5,-1,1
2779,Instigator bolt carbine,"<a href=""/wh40k10ed/the-rules/core-rules/#Heavy"">heavy</a>",24,Ranged,1,3,4,-2,2
2779,Las fusil,"<a href=""/wh40k10ed/the-rules/core-rules/#Heavy"">heavy</a>",36,Ranged,1,3,9,-3,D6
2779,Special-issue bolt pistol,"<a href=""/wh40k10ed/the-rules/core-rules/#Pistol"">pistol</a>, <a href=""/wh40k10ed/the-rules/core-rules/#Precision"">precision</a>",12,Ranged,1,3,4,-1,1
2779,Close combat weapon,,Melee,Melee,3,3,4,0,1
2779,Combat knife,"<a href=""/wh40k10ed/the-rules/core-rules/#Precision"">precision</a>",Melee,Melee,4,3,4,-1,1
2779,Paired combat blades,"<a href=""/wh40k10ed/the-rules/core-rules/#Sustained-Hits"">sustained hits 1</a>",Melee,Melee,3,3,4,-1,1
2780,Astartes grenade launcher – frag,"<span class=""kwb2 bluefont""><a href=""/wh40k10ed/the-rules/core-rules/#Blast"">blast</a></span>",24,Ranged,D3,3,4,0,1
2780,Astartes grenade launcher – krak,,24,Ranged,1,3,9,-2,D3
2780,Bolt pistol,"<a href=""/wh40k10ed/the-rules/core-rules/#Pistol"">pistol</a>",12,Ranged,1,3,4,0,1
2780,Castellan launcher,"<a href=""/wh40k10ed/the-rules/core-rules/#Blast"">blast</a>, <a href=""/wh40k10ed/the-rules/core-rules/#Indirect-Fire"">indirect fire</a>",36,Ranged,D3,3,4,0,1
2780,Deathwatch bolt rifle,"<a href=""/wh40k10ed/the-rules/core-rules/#Assault"">assault</a>, <a href=""/wh40k10ed/the-rules/core-rules/#Heavy"">heavy</a>, <a href=""/wh40k10ed/the-rules/core-rules/#Lethal-Hits"">lethal hits</a>",24,Ranged,2,3,5,-2,1
2780,Hand flamer,"<a href=""/wh40k10ed/the-rules/core-rules/#Ignores-Cover"">ignores cover</a>, <a href=""/wh40k10ed/the-rules/core-rules/#Pistol"">pistol</a>, <a href=""/wh40k10ed/the-rules/core-rules/#Torrent"">torrent</a>",12,Ranged,D6,N/A,3,0,1
2780,Heavy bolt pistol,"<a href=""/wh40k10ed/the-rules/core-rules/#Pistol"">pistol</a>",18,Ranged,1,3,4,-1,1
2780,Plasma incinerator – standard,"<a href=""/wh40k10ed/the-rules/core-rules/#Assault"">assault</a>, <a href=""/wh40k10ed/the-rules/core-rules/#Heavy"">heavy</a>",24,Ranged,2,3,7,-2,1
2780,Plasma incinerator – supercharge,"<a href=""/wh40k10ed/the-rules/core-rules/#Assault"">assault</a>, <a href=""/wh40k10ed/the-rules/core-rules/#Hazardous"">hazardous</a>, <a href=""/wh40k10ed/the-rules/core-rules/#Heavy"">heavy</a>",24,Ranged,2,3,8,-3,2
2780,Plasma pistol - standard,"<a href=""/wh40k10ed/the-rules/core-rules/#Pistol"">PISTOL</a>",12,Ranged,1,3,7,-2,1
2780,Plasma pistol - supercharge,"<a href=""/wh40k10ed/the-rules/core-rules/#Hazardous"">HAZARDOUS</a>, <a href=""/wh40k10ed/the-rules/core-rules/#Pistol"">PISTOL</a>",12,Ranged,1,3,8,-3,2
2780,Pyreblaster,"<a href=""/wh40k10ed/the-rules/core-rules/#Ignores-Cover"">ignores cover</a>, <a href=""/wh40k10ed/the-rules/core-rules/#Torrent"">torrent</a>",12,Ranged,D6,N/A,5,0,1
2780,Superfrag rocket launcher,"<a href=""/wh40k10ed/the-rules/core-rules/#Blast"">blast</a>, <a href=""/wh40k10ed/the-rules/core-rules/#Heavy"">heavy</a>",48,Ranged,D6+1,4,5,0,1
2780,Superkrak rocket launcher,"<a href=""/wh40k10ed/the-rules/core-rules/#Heavy"">heavy</a>",48,Ranged,1,4,10,-2,D6+1
2780,Vengor launcher,"<a href=""/wh40k10ed/the-rules/core-rules/#Blast"">blast</a>, <a href=""/wh40k10ed/the-rules/core-rules/#Indirect-Fire"">indirect fire</a>",48,Ranged,D6,2,7,-1,2
2780,Astartes chainsword,,Melee,Melee,4,3,4,-1,1
2780,Close combat weapon,,Melee,Melee,3,3,4,0,1
2780,Power fist,,Melee,Melee,3,3,8,-2,2
2780,Power weapon,,Melee,Melee,4,3,5,-2,1
2780,Thunder hammer,"<a href=""/wh40k10ed/the-rules/core-rules/#Devastating-Wounds"">devastating wounds</a>",Melee,Melee,3,4,8,-2,2
2781,Auto boltstorm gauntlets,"<a href=""/wh40k10ed/the-rules/core-rules/#Twin-linked"">twin-linked</a>",18,Ranged,3,3,4,0,1
2781,Bolt pistol,"<a href=""/wh40k10ed/the-rules/core-rules/#Pistol"">PISTOL</a>",12,Ranged,1,3,4,0,1
2781,Deathwatch heavy bolt rifle,"<a href=""/wh40k10ed/the-rules/core-rules/#Assault"">assault</a>, <a href=""/wh40k10ed/the-rules/core-rules/#Heavy"">heavy</a>, <a href=""/wh40k10ed/the-rules/core-rules/#Lethal-Hits"">lethal hits</a>",30,Ranged,2,3,5,-2,2
2781,Deathwatch heavy bolter,"<a href=""/wh40k10ed/the-rules/core-rules/#Assault"">assault</a>, <a href=""/wh40k10ed/the-rules/core-rules/#Heavy"">heavy</a>, <a href=""/wh40k10ed/the-rules/core-rules/#Lethal-Hits"">lethal hits</a>, <a href=""/wh40k10ed/the-rules/core-rules/#Sustained-Hits"">sustained hits 1</a>",36,Ranged,3,3,5,-2,3
2781,Fragstorm grenade launcher,"<a href=""/wh40k10ed/the-rules/core-rules/#Blast"">blast</a>",18,Ranged,D6,3,4,0,1
2781,Flamestorm gauntlets,"<a href=""/wh40k10ed/the-rules/core-rules/#Ignores-Cover"">ignores cover</a>, <a href=""/wh40k10ed/the-rules/core-rules/#Torrent"">torrent</a>, <a href=""/wh40k10ed/the-rules/core-rules/#Twin-linked"">twin-linked</a>",12,Ranged,D6+1,N/A,4,0,1
2781,Melta rifle,"<a href=""/wh40k10ed/the-rules/core-rules/#Heavy"">heavy</a>, <a href=""/wh40k10ed/the-rules/core-rules/#Melta"">melta 2</a>",18,Ranged,1,3,9,-4,D6
2781,Multi-melta,"<a href=""/wh40k10ed/the-rules/core-rules/#Heavy"">heavy</a>, <a href=""/wh40k10ed/the-rules/core-rules/#Melta"">melta 2</a>",18,Ranged,2,4,9,-4,D6
2781,Close combat weapon,,Melee,Melee,3,3,4,0,1
2781,Twin power fists,"<a href=""/wh40k10ed/the-rules/core-rules/#Twin-linked"">twin-linked</a>",Melee,Melee,3,3,8,-2,2
2783,Boltgun,,24,Ranged,2,3,4,0,1
2783,Combi-weapon,"<a href=""/wh40k10ed/the-rules/core-rules/#Anti"">anti-infantry 4+</a>, <a href=""/wh40k10ed/the-rules/core-rules/#Devastating-Wounds"">devastating wounds</a>, <a href=""/wh40k10ed/the-rules/core-rules/#Rapid-Fire"">rapid fire 1</a>",24,Ranged,1,4,4,-1,1
2783,Deathwatch shotgun,"<a href=""/wh40k10ed/the-rules/core-rules/#Assault"">assault</a>",24,Ranged,2,3,4,0,2
2783,Frag cannon,"<a href=""/wh40k10ed/the-rules/core-rules/#Blast"">blast</a>, <a href=""/wh40k10ed/the-rules/core-rules/#Heavy"">heavy</a>, <a href=""/wh40k10ed/the-rules/core-rules/#Rapid-Fire"">rapid fire d3</a>",18,Ranged,D3,4,7,-1,2
2783,Infernus heavy bolter – heavy bolter,"<a href=""/wh40k10ed/the-rules/core-rules/#Heavy"">heavy</a>, <a href=""/wh40k10ed/the-rules/core-rules/#Sustained-Hits"">sustained hits 1</a>",36,Ranged,3,4,5,-1,2
2783,Infernus heavy bolter – heavy flamer,"<a href=""/wh40k10ed/the-rules/core-rules/#Ignores-Cover"">ignores cover</a>, <a href=""/wh40k10ed/the-rules/core-rules/#Torrent"">torrent</a>",12,Ranged,D6,N/A,5,-1,1
2783,Stalker-pattern boltgun,"<a href=""/wh40k10ed/the-rules/core-rules/#Heavy"">heavy</a>, <a href=""/wh40k10ed/the-rules/core-rules/#Precision"">precision</a>",24,Ranged,1,3,4,-1,2
2783,Black Shield blades,"<a href=""/wh40k10ed/the-rules/core-rules/#Twin-linked"">twin-linked</a>",Melee,Melee,4,3,5,-2,1
2783,Close combat weapon,,Melee,Melee,3,3,4,0,1
2783,Deathwatch thunder hammer,"<a href=""/wh40k10ed/the-rules/core-rules/#Devastating-Wounds"">devastating wounds</a>",Melee,Melee,3,4,10,-2,3
2783,Power weapon,,Melee,Melee,3,3,5,-2,1
2783,Xenophase blade,"<a href=""/wh40k10ed/the-rules/core-rules/#Devastating-Wounds"">devastating wounds</a>",Melee,Melee,4,3,5,-2,1
2786,Bellicatus missile array – frag,"<a href=""/wh40k10ed/the-rules/core-rules/#Blast"">blast</a>",48,Ranged,D6,3,4,0,1
2786,Bellicatus missile array – Icarus,"<a href=""/wh40k10ed/the-rules/core-rules/#Anti"">anti-fly 2+</a>",48,Ranged,D3,3,8,-1,2
2786,Bellicatus missile array – krak,,48,Ranged,1,3,8,-2,D6
2786,Fragstorm grenade launcher,"<a href=""/wh40k10ed/the-rules/core-rules/#Blast"">blast</a>",18,Ranged,D6,3,4,0,1
2786,Ironhail heavy stubber,"<a href=""/wh40k10ed/the-rules/core-rules/#Rapid-Fire"">rapid fire 3</a>",36,Ranged,3,3,4,0,1
2786,Ironhail skytalon array,"<a href=""/wh40k10ed/the-rules/core-rules/#Anti"">anti-fly 4+</a>, <a href=""/wh40k10ed/the-rules/core-rules/#Sustained-Hits"">sustained hits 1</a>",36,Ranged,8,3,4,0,1
2786,Multi-melta,"<a href=""/wh40k10ed/the-rules/core-rules/#Melta"">melta 2</a>",18,Ranged,2,3,9,-4,D6
2786,Storm bolter,"<a href=""/wh40k10ed/the-rules/core-rules/#Rapid-Fire"">rapid fire 2</a>",24,Ranged,2,3,4,0,1
2786,Armoured hull,,Melee,Melee,3,4,6,0,1
2787,Fragstorm grenade launcher,"<a href=""/wh40k10ed/the-rules/core-rules/#Blast"">blast</a>",18,Ranged,D6,3,4,0,1
2787,Icarus rocket pod,"<a href=""/wh40k10ed/the-rules/core-rules/#Anti"">anti-fly 2+</a>",24,Ranged,D3,3,8,-1,2
2787,Ironhail heavy stubber,"<a href=""/wh40k10ed/the-rules/core-rules/#Rapid-Fire"">rapid fire 3</a>",36,Ranged,3,3,4,0,1
2787,Lancer laser destroyer,"<a href=""/wh40k10ed/the-rules/core-rules/#Heavy"">heavy</a>",72,Ranged,2,3,14,-4,D6+3
2787,Multi-melta,"<a href=""/wh40k10ed/the-rules/core-rules/#Melta"">melta 2</a>",18,Ranged,2,3,9,-4,D6
2787,Storm bolter,"<a href=""/wh40k10ed/the-rules/core-rules/#Rapid-Fire"">rapid fire 2</a>",24,Ranged,2,3,4,0,1
2787,Armoured hull,,Melee,Melee,3,4,6,0,1
2788,Icarus rocket pod,"<a href=""/wh40k10ed/the-rules/core-rules/#Anti"">anti-fly 2+</a>",24,Ranged,D3,3,8,-1,2
2788,Ironhail heavy stubber,"<a href=""/wh40k10ed/the-rules/core-rules/#Rapid-Fire"">rapid fire 3</a>",36,Ranged,3,3,4,0,1
2788,Multi-melta,"<a href=""/wh40k10ed/the-rules/core-rules/#Melta"">melta 2</a>",18,Ranged,2,3,9,-4,D6
2788,Twin las-talon,"<a href=""/wh40k10ed/the-rules/core-rules/#Twin-linked"">twin-linked</a>",36,Ranged,2,3,10,-3,D6+1
2788,Armoured hull,,Melee,Melee,3,4,6,0,1
2789,Icarus rocket pod,"<a href=""/wh40k10ed/the-rules/core-rules/#Anti"">anti-fly 2+</a>",24,Ranged,D3,3,8,-1,2
2789,Ironhail heavy stubber,"<a href=""/wh40k10ed/the-rules/core-rules/#Rapid-Fire"">rapid fire 3</a>",36,Ranged,3,3,4,0,1
2789,Multi-melta,"<a href=""/wh40k10ed/the-rules/core-rules/#Melta"">melta 2</a>",18,Ranged,2,3,9,-4,D6
2789,Tempest bolter,"<a href=""/wh40k10ed/the-rules/core-rules/#Rapid-Fire"">rapid fire 4</a>",24,Ranged,4,3,4,-1,1
2789,Twin heavy onslaught gatling cannon,"<a href=""/wh40k10ed/the-rules/core-rules/#Devastating-Wounds"">devastating wounds</a>, <a href=""/wh40k10ed/the-rules/core-rules/#Twin-linked"">twin-linked</a>",24,Ranged,12,3,6,0,1
2789,Armoured hull,,Melee,Melee,3,4,6,0,1
2790,Heavy laser destroyer,"<a href=""/wh40k10ed/the-rules/core-rules/#Heavy"">heavy</a>",72,Ranged,2,3,16,-4,D6+4
2790,Heavy onslaught gatling cannon,"<a href=""/wh40k10ed/the-rules/core-rules/#Devastating-Wounds"">devastating wounds</a>",24,Ranged,12,3,6,0,1
2790,Icarus rocket pod,"<a href=""/wh40k10ed/the-rules/core-rules/#Anti"">anti-fly 2+</a>",24,Ranged,D3,3,8,-1,2
2790,Ironhail heavy stubber,"<a href=""/wh40k10ed/the-rules/core-rules/#Rapid-Fire"">rapid fire 3</a>",36,Ranged,3,3,4,0,1
2790,Macro plasma incinerator – standard,"<a href=""/wh40k10ed/the-rules/core-rules/#Blast"">blast</a>",36,Ranged,D6+1,3,8,-3,2
2790,Macro plasma incinerator – supercharge,"<a href=""/wh40k10ed/the-rules/core-rules/#Blast"">blast</a>, <a href=""/wh40k10ed/the-rules/core-rules/#Hazardous"">hazardous</a>",36,Ranged,D6+1,3,9,-4,3
2790,Multi-melta,"<a href=""/wh40k10ed/the-rules/core-rules/#Melta"">melta 2</a>",18,Ranged,2,3,9,-4,D6
2790,Repulsor Executioner defensive array,,24,Ranged,10,3,4,0,1
2790,Twin heavy bolter,"<a href=""/wh40k10ed/the-rules/core-rules/#Sustained-Hits"">sustained hits 1</a>, <a href=""/wh40k10ed/the-rules/core-rules/#Twin-linked"">twin-linked</a>",36,Ranged,3,3,5,-1,2
2790,Twin Icarus ironhail heavy stubber,"<a href=""/wh40k10ed/the-rules/core-rules/#Anti"">anti-fly 4+</a>, <a href=""/wh40k10ed/the-rules/core-rules/#Rapid-Fire"">rapid fire 3</a>, <a href=""/wh40k10ed/the-rules/core-rules/#Twin-linked"">twin-linked</a>",36,Ranged,3,3,4,0,1
2790,Armoured hull,,Melee,Melee,6,4,8,0,1
2791,Heavy onslaught gatling cannon,"<a href=""/wh40k10ed/the-rules/core-rules/#Devastating-Wounds"">devastating wounds</a>",24,Ranged,12,3,6,0,1
2791,Hunter-slayer missile,"<a href=""/wh40k10ed/the-rules/core-rules/#Indirect-Fire"">indirect fire</a>, one shot",48,Ranged,1,2,14,-3,D6
2791,Las-talon,,36,Ranged,2,3,10,-3,D6
2791,Multi-melta,"<a href=""/wh40k10ed/the-rules/core-rules/#Melta"">melta 2</a>",18,Ranged,2,3,9,-4,D6
2791,Repulsor defensive array,,24,Ranged,18,3,4,0,1
2791,Twin heavy bolter,"<a href=""/wh40k10ed/the-rules/core-rules/#Sustained-Hits"">sustained hits 1</a>, <a href=""/wh40k10ed/the-rules/core-rules/#Twin-linked"">twin-linked</a>",36,Ranged,3,3,5,-1,2
2791,Twin lascannon,"<a href=""/wh40k10ed/the-rules/core-rules/#Twin-linked"">twin-linked</a>",48,Ranged,1,3,12,-3,D6+1
2791,Armoured hull,,Melee,Melee,6,4,8,0,1
2792,Plasma pistol – standard,"<a href=""/wh40k10ed/the-rules/core-rules/#Pistol"">pistol</a>",12,Ranged,1,2,7,-2,1
2792,Plasma pistol – supercharge,"<a href=""/wh40k10ed/the-rules/core-rules/#Hazardous"">hazardous</a>, <a href=""/wh40k10ed/the-rules/core-rules/#Pistol"">pistol</a>",12,Ranged,1,2,8,-3,2
2792,Artificer crozius,,Melee,Melee,6,2,6,-2,2
2792,Close combat weapon,,Melee,Melee,1,4,3,0,1
2793,Combi-weapon,"<a href=""/wh40k10ed/the-rules/core-rules/#Anti"">anti-infantry 4+</a>, <a href=""/wh40k10ed/the-rules/core-rules/#Devastating-Wounds"">devastating wounds</a>, <a href=""/wh40k10ed/the-rules/core-rules/#Rapid-Fire"">rapid fire 1</a>",24,Ranged,1,3,4,0,1
2793,Heavy bolt pistol,"<a href=""/wh40k10ed/the-rules/core-rules/#Pistol"">pistol</a>",18,Ranged,1,2,4,-1,1
2793,Astartes chainsword,"<a href=""/wh40k10ed/the-rules/core-rules/#Sustained-Hits"">sustained hits 1</a>",Melee,Melee,7,2,4,-1,1
2793,Master-crafted power weapon,"<a href=""/wh40k10ed/the-rules/core-rules/#Lethal-Hits"">lethal hits</a>",Melee,Melee,6,2,5,-2,2
2794,Ferocity,"<a href=""/wh40k10ed/the-rules/core-rules/#Anti"">anti-infantry 4+</a>, <a href=""/wh40k10ed/the-rules/core-rules/#Devastating-Wounds"">devastating wounds</a>",24,Ranged,2,2,5,-1,2
2794,Sword of the High Marshals – strike,,Melee,Melee,6,2,8,-3,3
2794,Sword of the High Marshals – sweep,,Melee,Melee,12,2,6,-3,1
2795,Bolt pistol,"<a href=""/wh40k10ed/the-rules/core-rules/#Pistol"">pistol</a>",12,Ranged,1,2,4,0,1
2795,Black Sword – strike,"<a href=""/wh40k10ed/the-rules/core-rules/#Anti"">anti-character 5+</a>, <a href=""/wh40k10ed/the-rules/core-rules/#Precision"">precision</a>",Melee,Melee,6,2,8,-3,3
2795,Black Sword – sweep,,Melee,Melee,10,2,6,-2,1
2796,Combi-weapon,"<a href=""/wh40k10ed/the-rules/core-rules/#Anti"">anti-infantry 4+</a>, <a href=""/wh40k10ed/the-rules/core-rules/#Devastating-Wounds"">devastating wounds</a>, <a href=""/wh40k10ed/the-rules/core-rules/#Rapid-Fire"">rapid fire 1</a>",24,Ranged,1,3,4,0,1
2796,Plasma pistol – standard,"<a href=""/wh40k10ed/the-rules/core-rules/#Pistol"">pistol</a>",12,Ranged,1,2,7,-2,1
2796,Plasma pistol – supercharge,"<a href=""/wh40k10ed/the-rules/core-rules/#Hazardous"">hazardous</a>, <a href=""/wh40k10ed/the-rules/core-rules/#Pistol"">pistol</a>",12,Ranged,1,2,8,-3,2
2796,Master-crafted power weapon,"<a href=""/wh40k10ed/the-rules/core-rules/#Lethal-Hits"">lethal hits</a>",Melee,Melee,7,2,5,-2,2
2798,Heavy bolt pistol,"<a href=""/wh40k10ed/the-rules/core-rules/#Pistol"">pistol</a>",18,Ranged,1,3,4,-1,1
2798,Plasma pistol – standard,"<a href=""/wh40k10ed/the-rules/core-rules/#Pistol"">pistol</a>",12,Ranged,1,3,7,-2,1
2798,Plasma pistol – supercharge,"<a href=""/wh40k10ed/the-rules/core-rules/#Hazardous"">hazardous</a>, <a href=""/wh40k10ed/the-rules/core-rules/#Pistol"">pistol</a>",12,Ranged,1,3,8,-3,2
2798,Pyre pistol,"<a href=""/wh40k10ed/the-rules/core-rules/#Ignores-Cover"">ignores cover</a>, <a href=""/wh40k10ed/the-rules/core-rules/#Pistol"">pistol</a>, <a href=""/wh40k10ed/the-rules/core-rules/#Torrent"">torrent</a>",12,Ranged,D6,N/A,4,0,1
2798,Astartes chainsword,"<a href=""/wh40k10ed/the-rules/core-rules/#Sustained-Hits"">sustained hits 1</a>",Melee,Melee,6,2,4,-1,1
2798,Master-crafted power weapon,"<a href=""/wh40k10ed/the-rules/core-rules/#Lethal-Hits"">lethal hits</a>",Melee,Melee,3,2,5,-2,2
2798,Thunder hammer,"<a href=""/wh40k10ed/the-rules/core-rules/#Devastating-Wounds"">devastating wounds</a>",Melee,Melee,3,3,8,-2,2
2798,Twin lightning claws,"<a href=""/wh40k10ed/the-rules/core-rules/#Twin-linked"">twin-linked</a>",Melee,Melee,5,2,5,-2,1
2799,Bolt pistol,"<a href=""/wh40k10ed/the-rules/core-rules/#Pistol"">pistol</a>",12,Ranged,1,3,4,0,1
2799,Bolt rifle,"<a href=""/wh40k10ed/the-rules/core-rules/#Assault"">assault</a>, <a href=""/wh40k10ed/the-rules/core-rules/#Heavy"">heavy</a>",24,Ranged,2,3,4,-1,1
2799,Heavy bolt pistol,"<a href=""/wh40k10ed/the-rules/core-rules/#Pistol"">pistol</a>",18,Ranged,1,3,4,-1,1
2799,Neophyte firearm,"<a href=""/wh40k10ed/the-rules/core-rules/#Assault"">assault</a>",18,Ranged,2,3,4,0,1
2799,Pyre pistol,"<a href=""/wh40k10ed/the-rules/core-rules/#Ignores-Cover"">ignores cover</a>, <a href=""/wh40k10ed/the-rules/core-rules/#Pistol"">pistol</a>, <a href=""/wh40k10ed/the-rules/core-rules/#Torrent"">torrent</a>",12,Ranged,D6,N/A,4,0,1
2799,Pyreblaster,"<a href=""/wh40k10ed/the-rules/core-rules/#Ignores-Cover"">ignores cover</a>, <a href=""/wh40k10ed/the-rules/core-rules/#Torrent"">torrent</a>",12,Ranged,D6,N/A,5,0,1
2799,Astartes chainsword,"<a href=""/wh40k10ed/the-rules/core-rules/#Sustained-Hits"">sustained hits 1</a>",Melee,Melee,4,3,4,-1,1
2799,Close combat weapon,,Melee,Melee,3,3,4,0,1
2799,Master-crafted power weapon,"<a href=""/wh40k10ed/the-rules/core-rules/#Lethal-Hits"">lethal hits</a>",Melee,Melee,3,2,5,-2,2
2799,Power fist,,Melee,Melee,3,3,8,-2,2
2801,Assault cannon,"<a href=""/wh40k10ed/the-rules/core-rules/#Devastating-Wounds"">devastating wounds</a>",24,Ranged,6,3,6,0,1
2801,Heavy flamer,"<a href=""/wh40k10ed/the-rules/core-rules/#Ignores-Cover"">ignores cover</a>, <a href=""/wh40k10ed/the-rules/core-rules/#Torrent"">torrent</a>",12,Ranged,D6,3,5,-1,1
2801,Helfrost cannon – dispersed,"<a href=""/wh40k10ed/the-rules/core-rules/#Torrent"">torrent</a>",12,Ranged,D6,N/A,6,-1,2
2801,Helfrost cannon – focused,,36,Ranged,1,3,10,-3,5
2801,Multi-melta,"<a href=""/wh40k10ed/the-rules/core-rules/#Melta"">melta 2</a>",18,Ranged,2,3,9,-4,D6
2801,Storm bolter,"<a href=""/wh40k10ed/the-rules/core-rules/#Rapid-Fire"">rapid fire 2</a>",24,Ranged,2,3,4,0,1
2801,Dreadnought combat weapon,,Melee,Melee,5,3,12,-2,3
2801,Fenrisian greataxe – strike,,Melee,Melee,6,3,10,-2,D6+1
2801,Fenrisian greataxe – sweep,,Melee,Melee,12,3,6,-2,1
2807,Castellum air defence missiles,"<a href=""/wh40k10ed/the-rules/core-rules/#Anti"">anti-fly 2+</a>",48,Ranged,D6,4,9,-2,D6
2807,Castellum battle cannon,"<a href=""/wh40k10ed/the-rules/core-rules/#Blast"">blast</a>",48,Ranged,D6+3,4,10,-1,3
2807,Castellum Icarus quad lascannon,"<a href=""/wh40k10ed/the-rules/core-rules/#Anti"">anti-fly 2+</a>, <a href=""/wh40k10ed/the-rules/core-rules/#Twin-linked"">twin-linked</a>",48,Ranged,2,4,12,-3,D6+1
2807,Multi-melta,"<a href=""/wh40k10ed/the-rules/core-rules/#Melta"">melta 2</a>",18,Ranged,2,4,9,-4,D6
2807,Twin assault cannon,"<a href=""/wh40k10ed/the-rules/core-rules/#Devastating-Wounds"">devastating wounds</a>, <a href=""/wh40k10ed/the-rules/core-rules/#Twin-linked"">twin-linked</a>",24,Ranged,6,4,6,0,1
2807,Twin heavy bolter,"<a href=""/wh40k10ed/the-rules/core-rules/#Sustained-Hits"">sustained hits 1</a>, <a href=""/wh40k10ed/the-rules/core-rules/#Twin-linked"">twin-linked</a>",36,Ranged,3,4,5,-1,2
2807,Twin heavy flamer,"<a href=""/wh40k10ed/the-rules/core-rules/#Ignores-Cover"">ignores cover</a>, <a href=""/wh40k10ed/the-rules/core-rules/#Torrent"">torrent</a>, <a href=""/wh40k10ed/the-rules/core-rules/#Twin-linked"">twin-linked</a>",12,Ranged,D6,N/A,5,-1,2
2807,Twin lascannon,"<a href=""/wh40k10ed/the-rules/core-rules/#Twin-linked"">twin-linked</a>",48,Ranged,1,4,12,-3,D6+1
2807,Whirlwind castellan launcher,"<a href=""/wh40k10ed/the-rules/core-rules/#Blast"">blast</a>, <a href=""/wh40k10ed/the-rules/core-rules/#Indirect-Fire"">indirect fire</a>",72,Ranged,D6+3,4,8,-2,2
2808,Icarus lascannon,"<a href=""/wh40k10ed/the-rules/core-rules/#Anti"">anti-fly 2+</a>",48,Ranged,1,5,12,-3,D6+1
2808,Quad-gun,"<a href=""/wh40k10ed/the-rules/core-rules/#Anti"">anti-fly 3+</a>, <a href=""/wh40k10ed/the-rules/core-rules/#Twin-linked"">twin-linked</a>",48,Ranged,4,5,9,-1,3
2811,Icarus lascannon,"<a href=""/wh40k10ed/the-rules/core-rules/#Anti"">anti-fly 2+</a>",48,Ranged,1,5,12,-3,D6+1
2811,Quad-gun,"<a href=""/wh40k10ed/the-rules/core-rules/#Anti"">anti-fly 3+</a>, <a href=""/wh40k10ed/the-rules/core-rules/#Twin-linked"">twin-linked</a>",48,Ranged,4,5,9,-1,3
2826,Bolt Pistol,"<a href=""/wh40k10ed/the-rules/core-rules/#Pistol"">PISTOL</a>",12,Ranged,1,3,4,0,1
2829,Heavy bolt pistol,"<a href=""/wh40k10ed/the-rules/core-rules/#Pistol"">pistol</a>",18,Ranged,1,3,4,-1,1
2829,Neo-volkite pistol,"<a href=""/wh40k10ed/the-rules/core-rules/#Devastating-Wounds"">DEVASTATING WOUNDS</a>, <a href=""/wh40k10ed/the-rules/core-rules/#Pistol"">PISTOL</a>",12,Ranged,1,2,5,0,2
2829,Master-crafted power weapon,,Melee,Melee,5,2,5,-2,2
2832,Astartes chainsword,,Melee,Melee,4,3,4,-1,1
2832,Power weapon,,Melee,Melee,5,2,5,-2,1
2832,Power fist,,Melee,Melee,3,3,8,-2,2
2839,Flamer,"<a href=""/wh40k10ed/the-rules/core-rules/#Ignores-Cover"">IGNORES COVER</a>, <a href=""/wh40k10ed/the-rules/core-rules/#Torrent"">TORRENT</a>",12,Ranged,D6,N/A,4,0,1
2844,Bolt pistol,"<a href=""/wh40k10ed/the-rules/core-rules/#Pistol"">PISTOL</a>",12,Ranged,1,3,4,0,1
2856,Absolvor bolt pistol,"<a href=""/wh40k10ed/the-rules/core-rules/#Pistol"">Pistol</a>",18,Ranged,1,3,5,-1,2
2884,Combi-weapon,"<a href=""/wh40k10ed/the-rules/core-rules/#Anti"">ANTI-INFANTRY 4+</a>, <a href=""/wh40k10ed/the-rules/core-rules/#Devastating-Wounds"">DEVASTATING WOUNDS</a>, <a href=""/wh40k10ed/the-rules/core-rules/#Rapid-Fire"">RAPID FIRE 1</a>",24,Ranged,1,4,4,0,1
2898,Bolt pistol,"<a href=""/wh40k10ed/the-rules/core-rules/#Pistol"">PISTOL</a>",12,Ranged,1,3,4,0,1
2939,Bolt Pistol,"<a href=""/wh40k10ed/the-rules/core-rules/#Pistol"">PISTOL</a>",12,Ranged,1,3,4,0,1
2939,Bolt rifle,"<a href=""/wh40k10ed/the-rules/core-rules/#Assault"">ASSAULT</a>, <a href=""/wh40k10ed/the-rules/core-rules/#Heavy"">HEAVY</a>",24,Ranged,2,3,4,-1,1
2939,Close combat weapon,,Melee,Melee,5,2,4,0,1
2939,Power weapon,,Melee,Melee,5,2,5,-2,1
2940,Hand flamer,"<a href=""/wh40k10ed/the-rules/core-rules/#Ignores-Cover"">IGNORES COVER</a>, <a href=""/wh40k10ed/the-rules/core-rules/#Pistol"">PISTOL</a>, <a href=""/wh40k10ed/the-rules/core-rules/#Torrent"">TORRENT</a>",12,Ranged,D6,N/A,3,0,1
2940,Heavy bolt pistol,"<a href=""/wh40k10ed/the-rules/core-rules/#Pistol"">pistol</a>",18,Ranged,1,3,4,-1,1
2940,Plasma pistol - standard,"<a href=""/wh40k10ed/the-rules/core-rules/#Pistol"">PISTOL</a>",12,Ranged,1,3,7,-2,1
2940,Plasma pistol - supercharge,"<a href=""/wh40k10ed/the-rules/core-rules/#Hazardous"">HAZARDOUS</a>, <a href=""/wh40k10ed/the-rules/core-rules/#Pistol"">PISTOL</a>",12,Ranged,1,3,8,-3,2
2940,Astartes chainsword,,Melee,Melee,4,3,4,-1,1
2940,Power weapon,,Melee,Melee,5,2,5,-2,1
2940,Power fist,,Melee,Melee,3,3,8,-2,2
2980,Bolt Pistol,"<a href=""/wh40k10ed/the-rules/core-rules/#Pistol"">PISTOL</a>",12,Ranged,1,3,4,0,1
2983,Heavy bolt pistol,"<a href=""/wh40k10ed/the-rules/core-rules/#Pistol"">pistol</a>",18,Ranged,1,3,4,-1,1
2983,Neo-volkite pistol,"<a href=""/wh40k10ed/the-rules/core-rules/#Devastating-Wounds"">DEVASTATING WOUNDS</a>, <a href=""/wh40k10ed/the-rules/core-rules/#Pistol"">PISTOL</a>",12,Ranged,1,2,5,0,2
2983,Master-crafted power weapon,,Melee,Melee,5,2,5,-2,2
2986,Astartes chainsword,,Melee,Melee,4,3,4,-1,1
2986,Power weapon,,Melee,Melee,5,2,5,-2,1
2986,Power fist,,Melee,Melee,3,3,8,-2,2
2993,Flamer,"<a href=""/wh40k10ed/the-rules/core-rules/#Ignores-Cover"">IGNORES COVER</a>, <a href=""/wh40k10ed/the-rules/core-rules/#Torrent"">TORRENT</a>",12,Ranged,D6,N/A,4,0,1
2998,Bolt pistol,"<a href=""/wh40k10ed/the-rules/core-rules/#Pistol"">PISTOL</a>",12,Ranged,1,3,4,0,1
3010,Absolvor bolt pistol,"<a href=""/wh40k10ed/the-rules/core-rules/#Pistol"">Pistol</a>",18,Ranged,1,3,5,-1,2
3038,Combi-weapon,"<a href=""/wh40k10ed/the-rules/core-rules/#Anti"">ANTI-INFANTRY 4+</a>, <a href=""/wh40k10ed/the-rules/core-rules/#Devastating-Wounds"">DEVASTATING WOUNDS</a>, <a href=""/wh40k10ed/the-rules/core-rules/#Rapid-Fire"">RAPID FIRE 1</a>",24,Ranged,1,4,4,0,1
3052,Bolt pistol,"<a href=""/wh40k10ed/the-rules/core-rules/#Pistol"">PISTOL</a>",12,Ranged,1,3,4,0,1
3093,Bolt Pistol,"<a href=""/wh40k10ed/the-rules/core-rules/#Pistol"">PISTOL</a>",12,Ranged,1,3,4,0,1
3093,Bolt rifle,"<a href=""/wh40k10ed/the-rules/core-rules/#Assault"">ASSAULT</a>, <a href=""/wh40k10ed/the-rules/core-rules/#Heavy"">HEAVY</a>",24,Ranged,2,3,4,-1,1
3093,Close combat weapon,,Melee,Melee,5,2,4,0,1
3093,Power weapon,,Melee,Melee,5,2,5,-2,1
3094,Hand flamer,"<a href=""/wh40k10ed/the-rules/core-rules/#Ignores-Cover"">IGNORES COVER</a>, <a href=""/wh40k10ed/the-rules/core-rules/#Pistol"">PISTOL</a>, <a href=""/wh40k10ed/the-rules/core-rules/#Torrent"">TORRENT</a>",12,Ranged,D6,N/A,3,0,1
3094,Heavy bolt pistol,"<a href=""/wh40k10ed/the-rules/core-rules/#Pistol"">pistol</a>",18,Ranged,1,3,4,-1,1
3094,Plasma pistol - standard,"<a href=""/wh40k10ed/the-rules/core-rules/#Pistol"">PISTOL</a>",12,Ranged,1,3,7,-2,1
3094,Plasma pistol - supercharge,"<a href=""/wh40k10ed/the-rules/core-rules/#Hazardous"">HAZARDOUS</a>, <a href=""/wh40k10ed/the-rules/core-rules/#Pistol"">PISTOL</a>",12,Ranged,1,3,8,-3,2
3094,Astartes chainsword,,Melee,Melee,4,3,4,-1,1
3094,Power weapon,,Melee,Melee,5,2,5,-2,1
3094,Power fist,,Melee,Melee,3,3,8,-2,2
3134,Bolt Pistol,"<a href=""/wh40k10ed/the-rules/core-rules/#Pistol"">PISTOL</a>",12,Ranged,1,3,4,0,1
3137,Heavy bolt pistol,"<a href=""/wh40k10ed/the-rules/core-rules/#Pistol"">pistol</a>",18,Ranged,1,3,4,-1,1
3137,Neo-volkite pistol,"<a href=""/wh40k10ed/the-rules/core-rules/#Devastating-Wounds"">DEVASTATING WOUNDS</a>, <a href=""/wh40k10ed/the-rules/core-rules/#Pistol"">PISTOL</a>",12,Ranged,1,2,5,0,2
3137,Master-crafted power weapon,,Melee,Melee,5,2,5,-2,2
3140,Astartes chainsword,,Melee,Melee,4,3,4,-1,1
3140,Power weapon,,Melee,Melee,5,2,5,-2,1
3140,Power fist,,Melee,Melee,3,3,8,-2,2
3147,Flamer,"<a href=""/wh40k10ed/the-rules/core-rules/#Ignores-Cover"">IGNORES COVER</a>, <a href=""/wh40k10ed/the-rules/core-rules/#Torrent"">TORRENT</a>",12,Ranged,D6,N/A,4,0,1
3152,Bolt pistol,"<a href=""/wh40k10ed/the-rules/core-rules/#Pistol"">PISTOL</a>",12,Ranged,1,3,4,0,1
3164,Absolvor bolt pistol,"<a href=""/wh40k10ed/the-rules/core-rules/#Pistol"">Pistol</a>",18,Ranged,1,3,5,-1,2
3192,Combi-weapon,"<a href=""/wh40k10ed/the-rules/core-rules/#Anti"">ANTI-INFANTRY 4+</a>, <a href=""/wh40k10ed/the-rules/core-rules/#Devastating-Wounds"">DEVASTATING WOUNDS</a>, <a href=""/wh40k10ed/the-rules/core-rules/#Rapid-Fire"">RAPID FIRE 1</a>",24,Ranged,1,4,4,0,1
3206,Bolt pistol,"<a href=""/wh40k10ed/the-rules/core-rules/#Pistol"">PISTOL</a>",12,Ranged,1,3,4,0,1
3247,Bolt Pistol,"<a href=""/wh40k10ed/the-rules/core-rules/#Pistol"">PISTOL</a>",12,Ranged,1,3,4,0,1
3247,Bolt rifle,"<a href=""/wh40k10ed/the-rules/core-rules/#Assault"">ASSAULT</a>, <a href=""/wh40k10ed/the-rules/core-rules/#Heavy"">HEAVY</a>",24,Ranged,2,3,4,-1,1
3247,Close combat weapon,,Melee,Melee,5,2,4,0,1
3247,Power weapon,,Melee,Melee,5,2,5,-2,1
3248,Hand flamer,"<a href=""/wh40k10ed/the-rules/core-rules/#Ignores-Cover"">IGNORES COVER</a>, <a href=""/wh40k10ed/the-rules/core-rules/#Pistol"">PISTOL</a>, <a href=""/wh40k10ed/the-rules/core-rules/#Torrent"">TORRENT</a>",12,Ranged,D6,N/A,3,0,1
3248,Heavy bolt pistol,"<a href=""/wh40k10ed/the-rules/core-rules/#Pistol"">pistol</a>",18,Ranged,1,3,4,-1,1
3248,Plasma pistol - standard,"<a href=""/wh40k10ed/the-rules/core-rules/#Pistol"">PISTOL</a>",12,Ranged,1,3,7,-2,1
3248,Plasma pistol - supercharge,"<a href=""/wh40k10ed/the-rules/core-rules/#Hazardous"">HAZARDOUS</a>, <a href=""/wh40k10ed/the-rules/core-rules/#Pistol"">PISTOL</a>",12,Ranged,1,3,8,-3,2
3248,Astartes chainsword,,Melee,Melee,4,3,4,-1,1
3248,Power weapon,,Melee,Melee,5,2,5,-2,1
3248,Power fist,,Melee,Melee,3,3,8,-2,2
3288,Bolt Pistol,"<a href=""/wh40k10ed/the-rules/core-rules/#Pistol"">PISTOL</a>",12,Ranged,1,3,4,0,1
3291,Heavy bolt pistol,"<a href=""/wh40k10ed/the-rules/core-rules/#Pistol"">pistol</a>",18,Ranged,1,3,4,-1,1
3291,Neo-volkite pistol,"<a href=""/wh40k10ed/the-rules/core-rules/#Devastating-Wounds"">DEVASTATING WOUNDS</a>, <a href=""/wh40k10ed/the-rules/core-rules/#Pistol"">PISTOL</a>",12,Ranged,1,2,5,0,2
3291,Master-crafted power weapon,,Melee,Melee,5,2,5,-2,2
3294,Astartes chainsword,,Melee,Melee,4,3,4,-1,1
3294,Power weapon,,Melee,Melee,5,2,5,-2,1
3294,Power fist,,Melee,Melee,3,3,8,-2,2
3301,Flamer,"<a href=""/wh40k10ed/the-rules/core-rules/#Ignores-Cover"">IGNORES COVER</a>, <a href=""/wh40k10ed/the-rules/core-rules/#Torrent"">TORRENT</a>",12,Ranged,D6,N/A,4,0,1
3306,Bolt pistol,"<a href=""/wh40k10ed/the-rules/core-rules/#Pistol"">PISTOL</a>",12,Ranged,1,3,4,0,1
3318,Absolvor bolt pistol,"<a href=""/wh40k10ed/the-rules/core-rules/#Pistol"">Pistol</a>",18,Ranged,1,3,5,-1,2
3346,Combi-weapon,"<a href=""/wh40k10ed/the-rules/core-rules/#Anti"">ANTI-INFANTRY 4+</a>, <a href=""/wh40k10ed/the-rules/core-rules/#Devastating-Wounds"">DEVASTATING WOUNDS</a>, <a href=""/wh40k10ed/the-rules/core-rules/#Rapid-Fire"">RAPID FIRE 1</a>",24,Ranged,1,4,4,0,1
3360,Bolt pistol,"<a href=""/wh40k10ed/the-rules/core-rules/#Pistol"">PISTOL</a>",12,Ranged,1,3,4,0,1
3401,Bolt Pistol,"<a href=""/wh40k10ed/the-rules/core-rules/#Pistol"">PISTOL</a>",12,Ranged,1,3,4,0,1
3401,Bolt rifle,"<a href=""/wh40k10ed/the-rules/core-rules/#Assault"">ASSAULT</a>, <a href=""/wh40k10ed/the-rules/core-rules/#Heavy"">HEAVY</a>",24,Ranged,2,3,4,-1,1
3401,Close combat weapon,,Melee,Melee,5,2,4,0,1
3401,Power weapon,,Melee,Melee,5,2,5,-2,1
3402,Hand flamer,"<a href=""/wh40k10ed/the-rules/core-rules/#Ignores-Cover"">IGNORES COVER</a>, <a href=""/wh40k10ed/the-rules/core-rules/#Pistol"">PISTOL</a>, <a href=""/wh40k10ed/the-rules/core-rules/#Torrent"">TORRENT</a>",12,Ranged,D6,N/A,3,0,1
3402,Heavy bolt pistol,"<a href=""/wh40k10ed/the-rules/core-rules/#Pistol"">pistol</a>",18,Ranged,1,3,4,-1,1
3402,Plasma pistol - standard,"<a href=""/wh40k10ed/the-rules/core-rules/#Pistol"">PISTOL</a>",12,Ranged,1,3,7,-2,1
3402,Plasma pistol - supercharge,"<a href=""/wh40k10ed/the-rules/core-rules/#Hazardous"">HAZARDOUS</a>, <a href=""/wh40k10ed/the-rules/core-rules/#Pistol"">PISTOL</a>",12,Ranged,1,3,8,-3,2
3402,Astartes chainsword,,Melee,Melee,4,3,4,-1,1
3402,Power weapon,,Melee,Melee,5,2,5,-2,1
3402,Power fist,,Melee,Melee,3,3,8,-2,2
3442,Bolt Pistol,"<a href=""/wh40k10ed/the-rules/core-rules/#Pistol"">PISTOL</a>",12,Ranged,1,3,4,0,1
3445,Heavy bolt pistol,"<a href=""/wh40k10ed/the-rules/core-rules/#Pistol"">pistol</a>",18,Ranged,1,3,4,-1,1
3445,Neo-volkite pistol,"<a href=""/wh40k10ed/the-rules/core-rules/#Devastating-Wounds"">DEVASTATING WOUNDS</a>, <a href=""/wh40k10ed/the-rules/core-rules/#Pistol"">PISTOL</a>",12,Ranged,1,2,5,0,2
3445,Master-crafted power weapon,,Melee,Melee,5,2,5,-2,2
3448,Astartes chainsword,,Melee,Melee,4,3,4,-1,1
3448,Power weapon,,Melee,Melee,5,2,5,-2,1
3448,Power fist,,Melee,Melee,3,3,8,-2,2
3455,Flamer,"<a href=""/wh40k10ed/the-rules/core-rules/#Ignores-Cover"">IGNORES COVER</a>, <a href=""/wh40k10ed/the-rules/core-rules/#Torrent"">TORRENT</a>",12,Ranged,D6,N/A,4,0,1
3460,Bolt pistol,"<a href=""/wh40k10ed/the-rules/core-rules/#Pistol"">PISTOL</a>",12,Ranged,1,3,4,0,1
3472,Absolvor bolt pistol,"<a href=""/wh40k10ed/the-rules/core-rules/#Pistol"">Pistol</a>",18,Ranged,1,3,5,-1,2
3500,Combi-weapon,"<a href=""/wh40k10ed/the-rules/core-rules/#Anti"">ANTI-INFANTRY 4+</a>, <a href=""/wh40k10ed/the-rules/core-rules/#Devastating-Wounds"">DEVASTATING WOUNDS</a>, <a href=""/wh40k10ed/the-rules/core-rules/#Rapid-Fire"">RAPID FIRE 1</a>",24,Ranged,1,4,4,0,1
3514,Bolt pistol,"<a href=""/wh40k10ed/the-rules/core-rules/#Pistol"">PISTOL</a>",12,Ranged,1,3,4,0,1
3555,Bolt Pistol,"<a href=""/wh40k10ed/the-rules/core-rules/#Pistol"">PISTOL</a>",12,Ranged,1,3,4,0,1
3555,Bolt rifle,"<a href=""/wh40k10ed/the-rules/core-rules/#Assault"">ASSAULT</a>, <a href=""/wh40k10ed/the-rules/core-rules/#Heavy"">HEAVY</a>",24,Ranged,2,3,4,-1,1
3555,Close combat weapon,,Melee,Melee,5,2,4,0,1
3555,Power weapon,,Melee,Melee,5,2,5,-2,1
3556,Hand flamer,"<a href=""/wh40k10ed/the-rules/core-rules/#Ignores-Cover"">IGNORES COVER</a>, <a href=""/wh40k10ed/the-rules/core-rules/#Pistol"">PISTOL</a>, <a href=""/wh40k10ed/the-rules/core-rules/#Torrent"">TORRENT</a>",12,Ranged,D6,N/A,3,0,1
3556,Heavy bolt pistol,"<a href=""/wh40k10ed/the-rules/core-rules/#Pistol"">pistol</a>",18,Ranged,1,3,4,-1,1
3556,Plasma pistol - standard,"<a href=""/wh40k10ed/the-rules/core-rules/#Pistol"">PISTOL</a>",12,Ranged,1,3,7,-2,1
3556,Plasma pistol - supercharge,"<a href=""/wh40k10ed/the-rules/core-rules/#Hazardous"">HAZARDOUS</a>, <a href=""/wh40k10ed/the-rules/core-rules/#Pistol"">PISTOL</a>",12,Ranged,1,3,8,-3,2
3556,Astartes chainsword,,Melee,Melee,4,3,4,-1,1
3556,Power weapon,,Melee,Melee,5,2,5,-2,1
3556,Power fist,,Melee,Melee,3,3,8,-2,2
3691,Kustom grot blasta,"<a href=""/wh40k10ed/the-rules/core-rules/#Pistol"">pistol</a>",12,Ranged,D3,3,5,-1,2
3691,Close combat weapon,,Melee,Melee,3,3,3,0,1
3692,Bludgeoning bag of gifts,,Melee,Melee,3,3,3,0,1
3692,Massive gift-filled gob,"<a href=""/wh40k10ed/the-rules/core-rules/#Extra-Attacks"">EXTRA ATTACKS</a>",Melee,Melee,3,4,4,-2,2
3693,Overlord's blade,"<a href=""/wh40k10ed/the-rules/core-rules/#Devastating-Wounds"">devastating wounds</a>",Melee,Melee,4,2,8,-3,2
3694,Phosphor serpenta,"<a href=""/wh40k10ed/the-rules/core-rules/#Ignores-Cover"">ignores cover</a>, <a href=""/wh40k10ed/the-rules/core-rules/#Pistol"">PISTOL</a>",18,Ranged,1,4,5,-1,2
3694,Radium jezzail,"<a href=""/wh40k10ed/the-rules/core-rules/#Anti"">ANTI-INFANTRY 3+</a>, <a href=""/wh40k10ed/the-rules/core-rules/#Heavy"">HEAVY</a>, <a href=""/wh40k10ed/the-rules/core-rules/#Precision"">PRECISION</a>",36,Ranged,1,4,5,-2,3
3694,Ironstrider feet,,Melee,Melee,3,4,5,0,1
3695,Mechanicus pistol,"<a href=""/wh40k10ed/the-rules/core-rules/#Devastating-Wounds"">DEVASTATING WOUNDS</a>, <a href=""/wh40k10ed/the-rules/core-rules/#Pistol"">PISTOL</a>",12,Ranged,1,3,6,-1,1
3695,Radium jezzail,"<a href=""/wh40k10ed/the-rules/core-rules/#Anti"">ANTI-INFANTRY 3+</a>, <a href=""/wh40k10ed/the-rules/core-rules/#Heavy"">HEAVY</a>, <a href=""/wh40k10ed/the-rules/core-rules/#Precision"">PRECISION</a>",36,Ranged,1,3,5,-2,3
3695,Skatros transuranic arquebus,"<a href=""/wh40k10ed/the-rules/core-rules/#Anti"">ANTI-MONSTER 4+</a>, <a href=""/wh40k10ed/the-rules/core-rules/#Anti"">ANTI-VEHICLE 4+</a>, <a href=""/wh40k10ed/the-rules/core-rules/#Heavy"">HEAVY</a>, <a href=""/wh40k10ed/the-rules/core-rules/#Precision"">PRECISION</a>",36,Ranged,1,3,7,-2,D3
3695,Sydonian feet,,Melee,Melee,3,4,3,0,1
3696,Infernum Mortis,"<a href=""/wh40k10ed/the-rules/core-rules/#Anti"">anti-infantry 4+</a>, <a href=""/wh40k10ed/the-rules/core-rules/#Devastating-Wounds"">devastating wounds</a>, <a href=""/wh40k10ed/the-rules/core-rules/#Ignores-Cover"">ignores cover</a>, <a href=""/wh40k10ed/the-rules/core-rules/#Torrent"">torrent</a>",24,Ranged,D6,N/A,5,-1,2
3696,The Final Word,"<a href=""/wh40k10ed/the-rules/core-rules/#Devastating-Wounds"">devastating wounds</a>",Melee,Melee,5,2,10,-2,3
3697,Vow of Michil,"<a href=""/wh40k10ed/the-rules/core-rules/#Precision"">Precision</a>",18,Ranged,1,2,4,-1,2
3697,Master-crafted Power Weapon,,Melee,Melee,6,2,5,-2,2
3698,Heavy bolt pistol,"<a href=""/wh40k10ed/the-rules/core-rules/#Pistol"">Pistol</a>",18,Ranged,1,3,4,-1,1
3698,Calibanite greatsword - strike,"<a href=""/wh40k10ed/the-rules/core-rules/#Lethal-Hits"">lethal hits</a>",Melee,Melee,4,3,6,-2,2
3698,Calibanite greatsword - sweep,"<a href=""/wh40k10ed/the-rules/core-rules/#Sustained-Hits"">sustained hits 2</a>",Melee,Melee,5,3,6,-2,1
3699,Fusion blaster,"<a href=""/wh40k10ed/the-rules/core-rules/#Melta"">melta 2</a>",12,Ranged,1,4,9,-4,D6
3699,Battlesuit fists,,Melee,Melee,3,5,5,0,1
3700,Missile pod,,30,Ranged,2,4,7,-1,2
3700,Plasma rifle,,18,Ranged,1,4,8,-3,3
3700,Battlesuit fists,,Melee,Melee,3,5,5,0,1
3701,Burst cannon,,18,Ranged,4,4,5,0,1
3701,T’au flamer,"<a href=""/wh40k10ed/the-rules/core-rules/#Ignores-Cover"">ignores cover</a>, <a href=""/wh40k10ed/the-rules/core-rules/#Torrent"">torrent</a>",12,Ranged,D6,N/A,4,0,1
3701,Battlesuit fists,,Melee,Melee,3,5,5,0,1
3702,Kroot rifle,"<a href=""/wh40k10ed/the-rules/core-rules/#Rapid-Fire"">rapid fire 1</a>",24,Ranged,1,4,4,0,1
3702,Shaper’s blade,,Melee,Melee,4,2,5,0,1
3703,Dart-bow and tri-blade,"<a href=""/wh40k10ed/the-rules/core-rules/#Anti"">ANTI-INFANTRY 3+</a>, <a href=""/wh40k10ed/the-rules/core-rules/#Assault"">ASSAULT</a>, <a href=""/wh40k10ed/the-rules/core-rules/#Heavy"">HEAVY</a>",24,Ranged,D3+1,4,4,0,2
3703,Kroot pistol,"<a href=""/wh40k10ed/the-rules/core-rules/#Pistol"">pistol</a>",12,Ranged,1,4,4,0,1
3703,Bladestave and prey-hook,"<a href=""/wh40k10ed/the-rules/core-rules/#Lethal-Hits"">lethal hits</a>",Melee,Melee,4,2,5,-1,2
3703,Shaper’s blade,,Melee,Melee,4,2,5,0,1
3704,Kroot scattergun,"<a href=""/wh40k10ed/the-rules/core-rules/#Assault"">assault</a>",12,Ranged,2,4,4,0,1
3704,Twin ritualistic blades,"<a href=""/wh40k10ed/the-rules/core-rules/#Twin-linked"">twin-linked</a>",Melee,Melee,4,2,5,-1,1
3705,Blast javelin,"<a href=""/wh40k10ed/the-rules/core-rules/#Assault"">assault</a>, <a href=""/wh40k10ed/the-rules/core-rules/#Blast"">blast</a>",18,Ranged,D6,4,10,-2,2
3705,Kroot long gun,"<a href=""/wh40k10ed/the-rules/core-rules/#Heavy"">heavy</a>, <a href=""/wh40k10ed/the-rules/core-rules/#Precision"">precision</a>",36,Ranged,1,3,6,-2,3
3705,Close combat weapon,,Melee,Melee,3,3,4,0,1
3705,Hunting javelin,"<a href=""/wh40k10ed/the-rules/core-rules/#Lance"">lance</a>",Melee,Melee,3,3,4,-1,1
3705,Kalamandra’s bite,"<a href=""/wh40k10ed/the-rules/core-rules/#Extra-Attacks"">extra attacks</a>",Melee,Melee,4,4,5,-1,1
3706,Kroot pistol and hunting javelins,"<a href=""/wh40k10ed/the-rules/core-rules/#Assault"">assault</a>, <a href=""/wh40k10ed/the-rules/core-rules/#Pistol"">pistol</a>",12,Ranged,2,4,4,0,1
3706,Close combat weapon,"<a href=""/wh40k10ed/the-rules/core-rules/#Lance"">Lance</a>",Melee,Melee,3,3,4,-1,1
3706,Krootox fists,"<a href=""/wh40k10ed/the-rules/core-rules/#Extra-Attacks"">EXTRA ATTACKS</a>, <a href=""/wh40k10ed/the-rules/core-rules/#Sustained-Hits"">sustained hits 1</a>",Melee,Melee,4,3,6,-1,2
3707,Kustom mega-blasta,"<a href=""/wh40k10ed/the-rules/core-rules/#Hazardous"">hazardous</a>",24,Ranged,3,5,9,-2,D6
3707,Traktor blasta,"<a href=""/wh40k10ed/the-rules/core-rules/#Anti"">anti-fly 3+</a>, <a href=""/wh40k10ed/the-rules/core-rules/#Devastating-Wounds"">devastating wounds</a>",36,Ranged,1,5,10,-2,D6+1
3707,Drilla,,Melee,Melee,2,3,12,-3,3
3707,Power klaw,,Melee,Melee,4,3,9,-2,2
3708,Bolt pistol,"<a href=""/wh40k10ed/the-rules/core-rules/#Pistol"">pistol</a>",12,Ranged,1,3,4,0,1
3708,Astartes chainsword,,Melee,Melee,4,3,4,-1,1
3709,Shokk rifle,"<a href=""/wh40k10ed/the-rules/core-rules/#Devastating-Wounds"">devastating wounds</a>, <a href=""/wh40k10ed/the-rules/core-rules/#Hazardous"">hazardous</a>, <a href=""/wh40k10ed/the-rules/core-rules/#Precision"">precision</a>",24,Ranged,1,4,8,-2,D6+1
3709,Princess’ jaws,"<a href=""/wh40k10ed/the-rules/core-rules/#Extra-Attacks"">extra attacks</a>",Melee,Melee,2,4,4,0,1
3709,Snazzhammer,"<a href=""/wh40k10ed/the-rules/core-rules/#Devastating-Wounds"">devastating wounds</a>",Melee,Melee,4,3,10,-2,2
3710,APM launcher,"<a href=""/wh40k10ed/the-rules/core-rules/#Anti"">anti-monster 3+</a>, <a href=""/wh40k10ed/the-rules/core-rules/#Anti"">anti-vehicle 3+</a>",24,Ranged,1,4,6,-2,D6
3710,Bolt revolver,"<a href=""/wh40k10ed/the-rules/core-rules/#Pistol"">pistol</a>",12,Ranged,1,4,5,0,1
3710,Bolt shotgun,"<a href=""/wh40k10ed/the-rules/core-rules/#Assault"">assault</a>",18,Ranged,2,4,5,0,1
3710,Magna-coil rifle,"<a href=""/wh40k10ed/the-rules/core-rules/#Ignores-Cover"">ignores cover</a>, <a href=""/wh40k10ed/the-rules/core-rules/#Precision"">precision</a>",24,Ranged,1,4,5,-2,2
3710,Close combat weapon,,Melee,Melee,1,4,4,0,1
3710,Plasma knife,,Melee,Melee,2,4,4,-2,1
3711,Bolt pistol,"<a href=""/wh40k10ed/the-rules/core-rules/#Pistol"">pistol</a>",12,Ranged,1,2,4,0,1
3711,Plasma pistol – standard,"<a href=""/wh40k10ed/the-rules/core-rules/#Pistol"">pistol</a>",12,Ranged,1,2,7,-2,1
3711,Plasma pistol – supercharge,"<a href=""/wh40k10ed/the-rules/core-rules/#Pistol"">pistol</a>, <a href=""/wh40k10ed/the-rules/core-rules/#Hazardous"">hazardous</a>",12,Ranged,1,2,8,-3,2
3711,Accursed weapon,,Melee,Melee,6,2,5,-2,1
3711,Power fist,,Melee,Melee,5,2,8,-2,2
3711,Twin lightning claws,"<a href=""/wh40k10ed/the-rules/core-rules/#Twin-linked"">TWIN-LINKED</a>",Melee,Melee,6,2,5,-2,1
3712,Balefire pike,"<a href=""/wh40k10ed/the-rules/core-rules/#Ignores-Cover"">IGNORES COVER</a>, <a href=""/wh40k10ed/the-rules/core-rules/#Torrent"">TORRENT</a>",12,Ranged,D6+3,N/A,5,-1,1
3712,Close combat weapon,,Melee,Melee,4,4,4,-1,1
3713,Autogun,"<a href=""/wh40k10ed/the-rules/core-rules/#Rapid-Fire"">rapid fire 1</a>",24,Ranged,1,4,3,0,1
3713,Autopistol,"<a href=""/wh40k10ed/the-rules/core-rules/#Pistol"">pistol</a>",12,Ranged,1,4,3,0,1
3713,Bolt pistol,"<a href=""/wh40k10ed/the-rules/core-rules/#Pistol"">pistol</a>",12,Ranged,1,4,4,0,1
3713,Flamer,"<a href=""/wh40k10ed/the-rules/core-rules/#Ignores-Cover"">ignores cover</a>, <a href=""/wh40k10ed/the-rules/core-rules/#Torrent"">torrent</a>",12,Ranged,D6,N/A,4,0,1
3713,Grenade launcher – frag,"<a href=""/wh40k10ed/the-rules/core-rules/#Blast"">blast</a>",24,Ranged,D3,4,4,0,1
3713,Grenade launcher – krak,,24,Ranged,1,4,9,-2,D3
3713,Heavy stubber,"<a href=""/wh40k10ed/the-rules/core-rules/#Heavy"">heavy</a>, <a href=""/wh40k10ed/the-rules/core-rules/#Rapid-Fire"">rapid fire 3</a>",36,Ranged,4,5,4,0,1
3713,Brutal assault weapon,,Melee,Melee,2,4,3,0,1
3713,Close combat weapon,,Melee,Melee,1,4,3,0,1
3714,Ministorum hand flamer,"<a href=""/wh40k10ed/the-rules/core-rules/#Ignores-Cover"">ignores cover</a>, <a href=""/wh40k10ed/the-rules/core-rules/#Pistol"">pistol</a>, <a href=""/wh40k10ed/the-rules/core-rules/#Torrent"">torrent</a>",12,Ranged,D6,N/A,4,0,1
3714,Blessed halberd,,Melee,Melee,5,2,5,-2,2
3714,Holy Eviscerator,"<a href=""/wh40k10ed/the-rules/core-rules/#Sustained-Hits"">sustained hits 1</a>",Melee,Melee,3,2,6,-2,2
3714,Power weapon,,Melee,Melee,4,2,4,-2,2
3715,Psionic Cascade - witchfire,"<a href=""/wh40k10ed/the-rules/core-rules/#Ignores-Cover"">ignores cover</a>,<a href=""/wh40k10ed/the-rules/core-rules/#Psychic-Weapons-and-Abilities"">psychic</a>",18,Ranged,1,3,12,-3,D6+1
3715,Psionic Cascade - focused witchfire,"<a href=""/wh40k10ed/the-rules/core-rules/#Hazardous"">HAZARDOUS</a>. <a href=""/wh40k10ed/the-rules/core-rules/#Ignores-Cover"">IGNORES COVER</a>. <a href=""/wh40k10ed/the-rules/core-rules/#Psychic-Weapons-and-Abilities"">PSYCHIC</a>",18,Ranged,2,3,12,-3,D6+1
3715,Close combat weapon,,Melee,Melee,2,3,3,0,1
3716,Demolition charges,"<a href=""/wh40k10ed/the-rules/core-rules/#Assault"">assault</a>, <a href=""/wh40k10ed/the-rules/core-rules/#Blast"">blast</a>, <a href=""/wh40k10ed/the-rules/core-rules/#Hazardous"">hazardous</a>, one shot",8,Ranged,D6,5,9,-2,2
3716,Hand flamer,"<a href=""/wh40k10ed/the-rules/core-rules/#Ignores-Cover"">ignores cover</a>, <a href=""/wh40k10ed/the-rules/core-rules/#Pistol"">pistol</a>, <a href=""/wh40k10ed/the-rules/core-rules/#Torrent"">torrent</a>",12,Ranged,D6,N/A,3,0,1
3716,Cult claws and knife,,Melee,Melee,3,3,4,-1,1
3716,Leader’s bio-weapons,,Melee,Melee,5,3,5,-2,1
3811,Ministorum hand flamer,"<a href=""/wh40k10ed/the-rules/core-rules/#Ignores-Cover"">ignores cover</a>, <a href=""/wh40k10ed/the-rules/core-rules/#Pistol"">pistol</a>, <a href=""/wh40k10ed/the-rules/core-rules/#Torrent"">torrent</a>",12,Ranged,D6,N/A,4,0,1
3811,The Thorn of the White Rose,,Melee,Melee,4,3,5,-2,2
3812,Holy pistol,"<a href=""/wh40k10ed/the-rules/core-rules/#Pistol"">pISTOl</a>",12,Ranged,3,4,4,0,1
3812,Zealot’s vindictor,"<a href=""/wh40k10ed/the-rules/core-rules/#Ignores-Cover"">IGNORES COvER</a>, <a href=""/wh40k10ed/the-rules/core-rules/#Torrent"">TORRENT</a>",12,Ranged,D6,N/A,5,0,1
3812,Power weapon,,Melee,Melee,3,4,4,-2,1
3812,Zealot's vindictor,,Melee,Melee,3,4,5,-1,2
3813,Incinerator,"<a href=""/wh40k10ed/the-rules/core-rules/#Ignores-Cover"">ignores cover</a>, <a href=""/wh40k10ed/the-rules/core-rules/#Torrent"">torrent</a>",12,Ranged,D6,N/A,6,-1,1
3813,Psilencer,"<a href=""/wh40k10ed/the-rules/core-rules/#Psychic-Weapons-and-Abilities"">psychic</a>, <a href=""/wh40k10ed/the-rules/core-rules/#Sustained-Hits"">sustained hits 1</a>",24,Ranged,6,3,5,0,1
3813,Psycannon,"<a href=""/wh40k10ed/the-rules/core-rules/#Psychic-Weapons-and-Abilities"">psychic</a>",24,Ranged,3,3,8,-1,2
3813,Storm bolter,"<a href=""/wh40k10ed/the-rules/core-rules/#Rapid-Fire"">rapid fire 2</a>",24,Ranged,2,3,4,0,1
3813,Nemesis force weapon,"<a href=""/wh40k10ed/the-rules/core-rules/#Psychic-Weapons-and-Abilities"">psychic</a>",Melee,Melee,4,3,6,-2,2
3814,Hellfire Extremis,"<a href=""/wh40k10ed/the-rules/core-rules/#Anti"">anti-infantry 4+</a>, <a href=""/wh40k10ed/the-rules/core-rules/#Devastating-Wounds"">devastating wounds</a>, <a href=""/wh40k10ed/the-rules/core-rules/#Ignores-Cover"">ignores cover</a>, <a href=""/wh40k10ed/the-rules/core-rules/#Torrent"">torrent</a>",12,Ranged,D6,N/A,4,-1,1
3814,Master-crafted power weapon,,Melee,Melee,6,2,5,-2,2
3815,Vigil spear,,24,Ranged,2,2,4,-1,2
3815,Vigil spear,"<a href=""/wh40k10ed/the-rules/core-rules/#Lance"">lance</a>",Melee,Melee,6,2,6,-2,D3
3816,Boltgun,,24,Ranged,2,3,4,0,1
3816,Frag cannon,"<a href=""/wh40k10ed/the-rules/core-rules/#Blast"">blast</a>, <a href=""/wh40k10ed/the-rules/core-rules/#Heavy"">heavy</a>, <a href=""/wh40k10ed/the-rules/core-rules/#Rapid-Fire"">rapid fire d3</a>",18,Ranged,D3,4,7,-1,2
3816,Infernus heavy bolter – heavy bolter,"<a href=""/wh40k10ed/the-rules/core-rules/#Heavy"">heavy</a>, <a href=""/wh40k10ed/the-rules/core-rules/#Sustained-Hits"">sustained hits 1</a>",36,Ranged,3,4,5,-1,2
3816,Infernus heavy bolter – heavy flamer,"<a href=""/wh40k10ed/the-rules/core-rules/#Ignores-Cover"">ignores cover</a>, <a href=""/wh40k10ed/the-rules/core-rules/#Torrent"">torrent</a>",12,Ranged,D6,N/A,5,-1,1
3816,Combi-weapon,"<a href=""/wh40k10ed/the-rules/core-rules/#Anti"">anti-infantry 4+</a>, <a href=""/wh40k10ed/the-rules/core-rules/#Devastating-Wounds"">devastating wounds</a>, <a href=""/wh40k10ed/the-rules/core-rules/#Rapid-Fire"">rapid fire 1</a>",24,Ranged,1,4,4,0,1
3816,Stalker-pattern boltgun,"<a href=""/wh40k10ed/the-rules/core-rules/#Heavy"">HEAVY</a>, <a href=""/wh40k10ed/the-rules/core-rules/#Precision"">PRECISION</a>",24,Ranged,1,3,4,-1,2
3816,Deathwatch shotgun,"<a href=""/wh40k10ed/the-rules/core-rules/#Assault"">ASSAULT</a>",18,Ranged,2,3,4,0,2
3816,Black Shield blades,"<a href=""/wh40k10ed/the-rules/core-rules/#Twin-linked"">TwIN-lINkED</a>",Melee,Melee,4,3,5,-2,1
3816,Close combat weapon,,Melee,Melee,3,3,4,0,1
3816,Deathwatch thunder hammer,"<a href=""/wh40k10ed/the-rules/core-rules/#Devastating-Wounds"">devastating wounds</a>",Melee,Melee,3,4,10,-2,3
3816,Power weapon,,Melee,Melee,3,3,5,-2,1
3816,Xenophase blade,"<a href=""/wh40k10ed/the-rules/core-rules/#Devastating-Wounds"">devastating wounds</a>",Melee,Melee,4,3,5,-2,1
3817,Blackstar rocket launcher,"<a href=""/wh40k10ed/the-rules/core-rules/#Blast"">blast</a>",30,Ranged,D6+1,3,5,0,1
3817,Hurricane bolter,"<a href=""/wh40k10ed/the-rules/core-rules/#Rapid-Fire"">rapid fire 6</a>, <a href=""/wh40k10ed/the-rules/core-rules/#Twin-linked"">twin-linked</a>",24,Ranged,6,3,4,0,1
3817,Stormstrike missile launcher,,48,Ranged,1,3,10,-2,3
3817,Twin assault cannon,"<a href=""/wh40k10ed/the-rules/core-rules/#Devastating-Wounds"">devastating wounds</a>, <a href=""/wh40k10ed/the-rules/core-rules/#Twin-linked"">twin-linked</a>",24,Ranged,6,3,6,0,1
3817,Twin lascannon,"<a href=""/wh40k10ed/the-rules/core-rules/#Twin-linked"">twin-linked</a>",48,Ranged,1,3,12,-3,D6+1
3817,Armoured hull,,Melee,Melee,3,4,6,0,1
3818,Artificer-crafted storm bolter,"<a href=""/wh40k10ed/the-rules/core-rules/#Rapid-Fire"">rapid fire 2</a>",24,Ranged,2,3,4,0,2
3818,Bolt pistol,"<a href=""/wh40k10ed/the-rules/core-rules/#Pistol"">pistol</a>",12,Ranged,1,3,4,0,1
3818,Boltgun,"<a href=""/wh40k10ed/the-rules/core-rules/#Rapid-Fire"">rapid fire 1</a>",24,Ranged,1,3,4,0,1
3818,Combi-weapon,"<a href=""/wh40k10ed/the-rules/core-rules/#Anti"">ANTI-INFANTRY 4+</a>, <a href=""/wh40k10ed/the-rules/core-rules/#Devastating-Wounds"">DEVASTATING WOUNDS</a>, <a href=""/wh40k10ed/the-rules/core-rules/#Rapid-Fire"">RAPID FIRE 1</a>",24,Ranged,1,4,4,0,1
3818,Condemnor boltgun,"<a href=""/wh40k10ed/the-rules/core-rules/#Anti"">ANTI-PSYKER 2+</a>, <a href=""/wh40k10ed/the-rules/core-rules/#Devastating-Wounds"">DEVASTATING WOUNDS</a>. <a href=""/wh40k10ed/the-rules/core-rules/#Precision"">PRECISION</a>, <a href=""/wh40k10ed/the-rules/core-rules/#Rapid-Fire"">RAPID FIRE 1</a>",24,Ranged,1,3,4,0,1
3818,Heavy bolter,"<a href=""/wh40k10ed/the-rules/core-rules/#Heavy"">heavy</a>, <a href=""/wh40k10ed/the-rules/core-rules/#Sustained-Hits"">sustained hits 1</a>",36,Ranged,3,4,5,-1,2
3818,Inferno pistol,"<a href=""/wh40k10ed/the-rules/core-rules/#Melta"">MElTA 2</a>, <a href=""/wh40k10ed/the-rules/core-rules/#Pistol"">pISTOl</a>",6,Ranged,1,3,8,-4,D3
3818,Meltagun,"<a href=""/wh40k10ed/the-rules/core-rules/#Melta"">melta 2</a>",12,Ranged,1,3,9,-4,D6
3818,Ministorum flamer,"<a href=""/wh40k10ed/the-rules/core-rules/#Ignores-Cover"">ignores cover</a>, <a href=""/wh40k10ed/the-rules/core-rules/#Torrent"">torrent</a>",12,Ranged,D6,N/A,5,0,1
3818,Ministorum hand flamer,"<a href=""/wh40k10ed/the-rules/core-rules/#Ignores-Cover"">IGNORES COvER</a>, <a href=""/wh40k10ed/the-rules/core-rules/#Pistol"">pISTOl</a>, <a href=""/wh40k10ed/the-rules/core-rules/#Torrent"">TORRENT</a>",12,Ranged,D6,N/A,4,0,1
3818,Ministorum heavy flamer,"<a href=""/wh40k10ed/the-rules/core-rules/#Ignores-Cover"">ignores cover</a>, <a href=""/wh40k10ed/the-rules/core-rules/#Torrent"">torrent</a>",12,Ranged,D6,N/A,6,-1,1
3818,Multi-melta,"<a href=""/wh40k10ed/the-rules/core-rules/#Heavy"">heavy</a>, <a href=""/wh40k10ed/the-rules/core-rules/#Melta"">melta 2</a>",18,Ranged,2,4,9,-4,D6
3818,Plasma pistol - standard,"<a href=""/wh40k10ed/the-rules/core-rules/#Pistol"">pISTOl</a>",12,Ranged,1,3,7,-2,1
3818,Plasma pistol - supercharge,"<a href=""/wh40k10ed/the-rules/core-rules/#Pistol"">pISTOl</a>, <a href=""/wh40k10ed/the-rules/core-rules/#Hazardous"">HAzARDOUS</a>",12,Ranged,1,3,8,-3,2
3818,Chainsword,,Melee,Melee,3,4,3,-1,1
3818,Close combat weapon,,Melee,Melee,1,4,3,-1,1
3818,Power weapon,,Melee,Melee,2,4,4,-2,1
3819,Heavy bolter,"<a href=""/wh40k10ed/the-rules/core-rules/#Sustained-Hits"">sustained hits 1</a>",36,Ranged,3,3,5,-1,2
3819,Hunter-killer missile,one shot,48,Ranged,1,2,14,-3,D6
3819,Immolation flamers,"<a href=""/wh40k10ed/the-rules/core-rules/#Ignores-Cover"">ignores cover</a>, <a href=""/wh40k10ed/the-rules/core-rules/#Torrent"">torrent</a>",18,Ranged,2D6,N/A,6,-1,1
3819,Twin heavy bolter,"<a href=""/wh40k10ed/the-rules/core-rules/#Sustained-Hits"">sustained hits 2</a>, <a href=""/wh40k10ed/the-rules/core-rules/#Twin-linked"">twin-linked</a>",36,Ranged,3,3,5,-1,2
3819,Twin multi-melta,"<a href=""/wh40k10ed/the-rules/core-rules/#Melta"">melta 2</a>, <a href=""/wh40k10ed/the-rules/core-rules/#Twin-linked"">twin-linked</a>",18,Ranged,2,3,9,-4,D6
3819,Armoured tracks,,Melee,Melee,3,4,6,0,1
3820,Heavy bolter,"<a href=""/wh40k10ed/the-rules/core-rules/#Sustained-Hits"">sustained hits 1</a>",36,Ranged,3,4,5,-1,2
3820,Heavy flamer,"<a href=""/wh40k10ed/the-rules/core-rules/#Ignores-Cover"">ignores cover</a>, <a href=""/wh40k10ed/the-rules/core-rules/#Torrent"">torrent</a>",12,Ranged,D6,N/A,5,-1,1
3820,Heavy stubber,"<a href=""/wh40k10ed/the-rules/core-rules/#Rapid-Fire"">rapid fire 3</a>",36,Ranged,3,4,4,0,1
3820,Hunter-killer missile,one shot,48,Ranged,1,4,14,-3,D6
3820,Lasgun array,"<a href=""/wh40k10ed/the-rules/core-rules/#Rapid-Fire"">rapid fire 6</a>",24,Ranged,6,4,3,0,1
3820,Multi-laser,,36,Ranged,4,4,6,0,1
3820,Storm bolter,"<a href=""/wh40k10ed/the-rules/core-rules/#Rapid-Fire"">rapid fire 2</a>",24,Ranged,2,4,4,0,1
3820,Armoured tracks,,Melee,Melee,3,4,6,0,1
3821,Bolt pistol,"<a href=""/wh40k10ed/the-rules/core-rules/#Pistol"">pistol</a>",12,Ranged,1,3,4,0,1
3821,Boltgun,,24,Ranged,2,3,4,0,1
3821,Deathwatch twin boltgun,"<a href=""/wh40k10ed/the-rules/core-rules/#Twin-linked"">TWIN-LINKED</a>",24,Ranged,2,3,4,0,1
3821,Frag cannon,"<a href=""/wh40k10ed/the-rules/core-rules/#Blast"">blast</a>, <a href=""/wh40k10ed/the-rules/core-rules/#Heavy"">heavy</a>, <a href=""/wh40k10ed/the-rules/core-rules/#Rapid-Fire"">rapid fire d3</a>",18,Ranged,D3,4,7,-1,2
3821,Heavy flamer,"<a href=""/wh40k10ed/the-rules/core-rules/#Ignores-Cover"">ignores cover</a>, <a href=""/wh40k10ed/the-rules/core-rules/#Torrent"">torrent</a>",12,Ranged,D6,N/A,5,-1,1
3821,Long Vigil ranged weapon,"<a href=""/wh40k10ed/the-rules/core-rules/#Anti"">anti-infantry 4+</a>, <a href=""/wh40k10ed/the-rules/core-rules/#Devastating-Wounds"">devastating wounds</a>, <a href=""/wh40k10ed/the-rules/core-rules/#Rapid-Fire"">rapid fire 1</a>",24,Ranged,1,4,4,0,1
3821,Psychic Cleanse,"<a href=""/wh40k10ed/the-rules/core-rules/#Psychic-Weapons-and-Abilities"">psychic</a>",24,Ranged,D6,3,5,-1,D3
3821,Artificer crozius,,Melee,Melee,5,2,6,-1,2
3821,Close combat weapon,,Melee,Melee,3,3,5,-2,1
3821,Force weapon,"<a href=""/wh40k10ed/the-rules/core-rules/#Psychic-Weapons-and-Abilities"">psychic</a>",Melee,Melee,5,2,5,-3,D3
3821,Long Vigil melee weapon,,Melee,Melee,3,3,5,-2,1
3821,Power fist,,Melee,Melee,3,3,8,-2,2
3821,Twin lightning claws,"<a href=""/wh40k10ed/the-rules/core-rules/#Twin-linked"">twin-linked</a>",Melee,Melee,4,3,5,-2,1
3822,Assault cannon,"<a href=""/wh40k10ed/the-rules/core-rules/#Devastating-Wounds"">devastating wounds</a>",24,Ranged,6,3,6,0,1
3822,Cyclone missile launcher – frag,"<a href=""/wh40k10ed/the-rules/core-rules/#Blast"">blast</a>",36,Ranged,2D6,3,4,0,1
3822,Cyclone missile launcher – krak,,36,Ranged,2,3,9,-2,D6
3822,Heavy flamer,"<a href=""/wh40k10ed/the-rules/core-rules/#Ignores-Cover"">ignores cover</a>, <a href=""/wh40k10ed/the-rules/core-rules/#Torrent"">torrent</a>",12,Ranged,D6,N/A,5,-1,1
3822,Plasma cannon – standard,"<a href=""/wh40k10ed/the-rules/core-rules/#Blast"">blast</a>",36,Ranged,D3,3,7,-2,1
3822,Plasma cannon – supercharge,"<a href=""/wh40k10ed/the-rules/core-rules/#Blast"">blast</a>, <a href=""/wh40k10ed/the-rules/core-rules/#Hazardous"">hazardous</a>",36,Ranged,D3,3,8,-3,2
3822,Storm bolter,"<a href=""/wh40k10ed/the-rules/core-rules/#Rapid-Fire"">rapid fire 2</a>",24,Ranged,2,3,4,0,1
3822,Chainfist,"<a href=""/wh40k10ed/the-rules/core-rules/#Anti"">anti-vehicle 3+</a>",Melee,Melee,3,4,8,-2,2
3822,Power fist,,Melee,Melee,3,3,8,-2,2
3822,Power weapon,,Melee,Melee,4,3,5,-2,1
3822,Thunder hammer,"<a href=""/wh40k10ed/the-rules/core-rules/#Devastating-Wounds"">devastating wounds</a>",Melee,Melee,3,4,8,-2,2
3822,Twin lightning claws,"<a href=""/wh40k10ed/the-rules/core-rules/#Twin-linked"">twin-linked</a>",Melee,Melee,5,3,5,-2,1
3823,Bolt pistol,"<a href=""/wh40k10ed/the-rules/core-rules/#Pistol"">pistol</a>",12,Ranged,1,3,4,0,1
3823,Long Vigil ranged weapon,"<a href=""/wh40k10ed/the-rules/core-rules/#Anti"">anti-infantry 4+</a>, <a href=""/wh40k10ed/the-rules/core-rules/#Devastating-Wounds"">devastating wounds</a>, <a href=""/wh40k10ed/the-rules/core-rules/#Rapid-Fire"">rapid fire 1</a>",24,Ranged,1,4,4,0,1
3823,Twin boltgun,"<a href=""/wh40k10ed/the-rules/core-rules/#Twin-linked"">twin-linked</a>",24,Ranged,2,3,4,0,1
3823,Close combat weapon,,Melee,Melee,3,3,4,0,1
3823,Long Vigil melee weapon,,Melee,Melee,3,3,5,-2,1
3823,Xenophase blade,"<a href=""/wh40k10ed/the-rules/core-rules/#Devastating-Wounds"">devastating wounds</a>",Melee,Melee,4,3,5,-2,1
3824,Assault cannon,"<a href=""/wh40k10ed/the-rules/core-rules/#Devastating-Wounds"">DEVASTATING WOUNDS</a>",24,Ranged,6,3,6,0,1
3824,Boltgun,,24,Ranged,2,3,4,0,1
3824,Cyclone missile launcher – frag,"<a href=""/wh40k10ed/the-rules/core-rules/#Blast"">BLAST</a>",36,Ranged,2D6,3,4,0,1
3824,Cyclone missile launcher – krak,,36,Ranged,2,3,9,-2,D6
3824,Frag cannon,"<a href=""/wh40k10ed/the-rules/core-rules/#Blast"">blast</a>, <a href=""/wh40k10ed/the-rules/core-rules/#Heavy"">heavy</a>, <a href=""/wh40k10ed/the-rules/core-rules/#Rapid-Fire"">rapid fire d3</a>",18,Ranged,D3,4,7,-1,2
3824,Heavy flamer,"<a href=""/wh40k10ed/the-rules/core-rules/#Ignores-Cover"">IGNORES COVER</a>, <a href=""/wh40k10ed/the-rules/core-rules/#Torrent"">TORRENT</a>",12,Ranged,D6,N/A,5,-1,1
3824,Infernus heavy bolter – heavy bolter,"<a href=""/wh40k10ed/the-rules/core-rules/#Heavy"">HEAVY</a>, <a href=""/wh40k10ed/the-rules/core-rules/#Sustained-Hits"">SUSTAINED HITS 1</a>",36,Ranged,3,4,5,-1,2
3824,Infernus heavy bolter – heavy flamer,"<a href=""/wh40k10ed/the-rules/core-rules/#Ignores-Cover"">IGNORES COVER</a>, <a href=""/wh40k10ed/the-rules/core-rules/#Torrent"">TORRENT</a>",12,Ranged,D6,N/A,5,-1,1
3824,Long Vigil ranged weapon,"<a href=""/wh40k10ed/the-rules/core-rules/#Anti"">ANTI-INFANTRY 4+</a>, <a href=""/wh40k10ed/the-rules/core-rules/#Devastating-Wounds"">DEVASTATING WOUNDS</a>, <a href=""/wh40k10ed/the-rules/core-rules/#Rapid-Fire"">RAPID FIRE 1</a>",24,Ranged,1,4,4,0,1
3824,Plasma cannon – standard,"<a href=""/wh40k10ed/the-rules/core-rules/#Blast"">BLAST</a>, <a href=""/wh40k10ed/the-rules/core-rules/#Heavy"">HEAVY</a>",36,Ranged,D3,4,7,-2,1
3824,Plasma cannon – supercharge,"<a href=""/wh40k10ed/the-rules/core-rules/#Blast"">BLAST</a>, <a href=""/wh40k10ed/the-rules/core-rules/#Hazardous"">HAZARDOUS</a>, <a href=""/wh40k10ed/the-rules/core-rules/#Heavy"">HEAVY</a>",36,Ranged,D3,4,8,-3,2
3824,Storm bolter,"<a href=""/wh40k10ed/the-rules/core-rules/#Rapid-Fire"">rapid fire 2</a>",24,Ranged,2,3,4,0,1
3824,Twin boltgun,"<a href=""/wh40k10ed/the-rules/core-rules/#Twin-linked"">twin-linked</a>",24,Ranged,2,3,4,0,1
3824,Close combat weapon,,Melee,Melee,3,3,4,0,1
3824,Chainfist,"<a href=""/wh40k10ed/the-rules/core-rules/#Anti"">anti-vehicle 3+</a>",Melee,Melee,3,4,8,-2,2
3824,Deathwatch thunder hammer,"<a href=""/wh40k10ed/the-rules/core-rules/#Devastating-Wounds"">devastating wounds</a>",Melee,Melee,3,4,10,-2,3
3824,Long Vigil melee weapon,,Melee,Melee,3,3,5,-2,1
3824,Power fist,,Melee,Melee,3,3,8,-2,2
3824,Power weapon,,Melee,Melee,4,3,5,-2,1
3824,Terminator thunder hammer,"<a href=""/wh40k10ed/the-rules/core-rules/#Devastating-Wounds"">devastating wounds</a>",Melee,Melee,3,3,8,-2,2
3824,Twin lightning claws,"<a href=""/wh40k10ed/the-rules/core-rules/#Twin-linked"">twin-linked</a>",Melee,Melee,5,3,5,-2,1
3825,Bolt pistol,"<a href=""/wh40k10ed/the-rules/core-rules/#Pistol"">pistol</a>",12,Ranged,1,3,4,0,1
3825,Bolt rifle,"<a href=""/wh40k10ed/the-rules/core-rules/#Assault"">assault</a>, <a href=""/wh40k10ed/the-rules/core-rules/#Heavy"">heavy</a>",24,Ranged,2,3,4,-1,1
3825,Hand flamer,"<a href=""/wh40k10ed/the-rules/core-rules/#Ignores-Cover"">ignores cover</a>, <a href=""/wh40k10ed/the-rules/core-rules/#Pistol"">pistol</a>, <a href=""/wh40k10ed/the-rules/core-rules/#Torrent"">torrent</a>",12,Ranged,D6,N/A,3,0,1
3825,Heavy bolt pistol,"<a href=""/wh40k10ed/the-rules/core-rules/#Pistol"">pistol</a>",18,Ranged,1,3,4,-1,1
3825,Long Vigil ranged weapon,"<a href=""/wh40k10ed/the-rules/core-rules/#Anti"">anti-infantry 4+</a>, <a href=""/wh40k10ed/the-rules/core-rules/#Devastating-Wounds"">devastating wounds</a>, <a href=""/wh40k10ed/the-rules/core-rules/#Rapid-Fire"">rapid fire 1</a>",24,Ranged,1,4,4,0,1
3825,Plasma pistol – standard,"<a href=""/wh40k10ed/the-rules/core-rules/#Pistol"">PISTOL</a>",12,Ranged,1,3,7,-2,1
3825,Plasma pistol – supercharge,"<a href=""/wh40k10ed/the-rules/core-rules/#Hazardous"">HAZARDOUS</a>, <a href=""/wh40k10ed/the-rules/core-rules/#Pistol"">PISTOL</a>",12,Ranged,1,3,8,-3,2
3825,Plasma incinerator – standard,"<a href=""/wh40k10ed/the-rules/core-rules/#Assault"">assault</a>, <a href=""/wh40k10ed/the-rules/core-rules/#Heavy"">heavy</a>",24,Ranged,2,3,7,-2,1
3825,Plasma incinerator – supercharge,"<a href=""/wh40k10ed/the-rules/core-rules/#Assault"">assault</a>, <a href=""/wh40k10ed/the-rules/core-rules/#Hazardous"">hazardous</a>, <a href=""/wh40k10ed/the-rules/core-rules/#Heavy"">heavy</a>",24,Ranged,2,3,8,-3,2
3825,Twin bolt rifle,"<a href=""/wh40k10ed/the-rules/core-rules/#Twin-linked"">twin-linked</a>",24,Ranged,2,3,4,-1,1
3825,Astartes chainsword,,Melee,Melee,4,4,4,-1,1
3825,Close combat weapon,,Melee,Melee,3,3,4,0,1
3825,Long Vigil melee weapon,,Melee,Melee,3,3,5,-2,1
3826,Assault bolters,"<a href=""/wh40k10ed/the-rules/core-rules/#Assault"">assault</a>, <a href=""/wh40k10ed/the-rules/core-rules/#Pistol"">pistol</a>, <a href=""/wh40k10ed/the-rules/core-rules/#Sustained-Hits"">sustained hits 2</a>, <a href=""/wh40k10ed/the-rules/core-rules/#Twin-linked"">twin-linked</a>",18,Ranged,3,3,5,-1,2
3826,Auto boltstorm gauntlets,"<a href=""/wh40k10ed/the-rules/core-rules/#Twin-linked"">twin-linked</a>",18,Ranged,3,3,4,0,1
3826,Bolt pistol,"<a href=""/wh40k10ed/the-rules/core-rules/#Pistol"">PISTOL</a>",12,Ranged,1,3,4,0,1
3826,Fragstorm grenade launcher,"<a href=""/wh40k10ed/the-rules/core-rules/#Blast"">blast</a>",18,Ranged,D6,3,4,0,1
3826,Heavy bolt rifle,"<a href=""/wh40k10ed/the-rules/core-rules/#Assault"">assault</a>, <a href=""/wh40k10ed/the-rules/core-rules/#Heavy"">heavy</a>",30,Ranged,2,3,5,-1,1
3826,Heavy bolter,"<a href=""/wh40k10ed/the-rules/core-rules/#Assault"">assault</a>, <a href=""/wh40k10ed/the-rules/core-rules/#Heavy"">heavy</a>, <a href=""/wh40k10ed/the-rules/core-rules/#Sustained-Hits"">sustained hits 1</a>",36,Ranged,3,4,5,-1,2
3826,Flamestorm gauntlets,"<a href=""/wh40k10ed/the-rules/core-rules/#Ignores-Cover"">ignores cover</a>, <a href=""/wh40k10ed/the-rules/core-rules/#Torrent"">torrent</a>, <a href=""/wh40k10ed/the-rules/core-rules/#Twin-linked"">twin-linked</a>",12,Ranged,D6+1,N/A,4,0,1
3826,Melta rifle,"<a href=""/wh40k10ed/the-rules/core-rules/#Heavy"">heavy</a>, <a href=""/wh40k10ed/the-rules/core-rules/#Melta"">melta 2</a>",18,Ranged,1,3,9,-4,D6
3826,Multi-melta,"<a href=""/wh40k10ed/the-rules/core-rules/#Heavy"">heavy</a>, <a href=""/wh40k10ed/the-rules/core-rules/#Melta"">melta 2</a>",18,Ranged,2,4,9,-4,D6
3826,Plasma exterminators – standard,"<a href=""/wh40k10ed/the-rules/core-rules/#Assault"">assault</a>, <a href=""/wh40k10ed/the-rules/core-rules/#Pistol"">pistol</a>, <a href=""/wh40k10ed/the-rules/core-rules/#Twin-linked"">twin-linked</a>",18,Ranged,2,3,7,-2,2
3826,Plasma exterminators – supercharge,"<a href=""/wh40k10ed/the-rules/core-rules/#Assault"">assault</a>, <a href=""/wh40k10ed/the-rules/core-rules/#Hazardous"">hazardous</a>, <a href=""/wh40k10ed/the-rules/core-rules/#Pistol"">pistol</a>, <a href=""/wh40k10ed/the-rules/core-rules/#Twin-linked"">twin-linked</a>",18,Ranged,2,3,8,-3,3
3826,Close combat weapon,,Melee,Melee,3,3,4,0,1
3826,Power fists,"<a href=""/wh40k10ed/the-rules/core-rules/#Twin-linked"">twin-linked</a>",Melee,Melee,3,4,8,-2,2
3827,Accelerator autocannon,"<a href=""/wh40k10ed/the-rules/core-rules/#Heavy"">heavy</a>",48,Ranged,3,4,8,-1,2
3827,Bolt pistol,"<a href=""/wh40k10ed/the-rules/core-rules/#Pistol"">pistol</a>",12,Ranged,1,3,4,0,1
3827,Bolt carbine,"<a href=""/wh40k10ed/the-rules/core-rules/#Precision"">precision</a>",24,Ranged,2,3,4,0,1
3827,Bolt sniper rifle,"<a href=""/wh40k10ed/the-rules/core-rules/#Heavy"">heavy</a>, <a href=""/wh40k10ed/the-rules/core-rules/#Precision"">precision</a>",36,Ranged,1,3,5,-2,3
3827,Las fusil,"<a href=""/wh40k10ed/the-rules/core-rules/#Heavy"">heavy</a>",36,Ranged,1,3,9,-3,D6
3827,Marksman bolt carbine,"<a href=""/wh40k10ed/the-rules/core-rules/#Heavy"">heavy</a>",24,Ranged,2,3,4,0,1
3827,Occulus bolt carbine,"<a href=""/wh40k10ed/the-rules/core-rules/#Assault"">assault</a>, <a href=""/wh40k10ed/the-rules/core-rules/#Ignores-Cover"">ignores cover</a>",24,Ranged,2,3,4,0,1
3827,Special-issue bolt pistol,"<a href=""/wh40k10ed/the-rules/core-rules/#Pistol"">pistol</a>, <a href=""/wh40k10ed/the-rules/core-rules/#Precision"">precision</a>",12,Ranged,1,3,4,-1,1
3827,Close combat weapon,,Melee,Melee,3,3,4,0,1
3827,Combat knife,"<a href=""/wh40k10ed/the-rules/core-rules/#Precision"">precision</a>",Melee,Melee,4,3,4,0,1
3827,Paired combat blades,"<a href=""/wh40k10ed/the-rules/core-rules/#Sustained-Hits"">sustained hits 1</a>",Melee,Melee,3,3,4,0,1
3828,Unholy gaze,"<a href=""/wh40k10ed/the-rules/core-rules/#Psychic-Weapons-and-Abilities"">PSYCHIC</a>",18,Ranged,3,4,8,-2,D3
3828,Warp grasp,"<a href=""/wh40k10ed/the-rules/core-rules/#Lethal-Hits"">LETHAL HITS</a>, <a href=""/wh40k10ed/the-rules/core-rules/#Psychic-Weapons-and-Abilities"">PSYCHIC</a>",Melee,Melee,4,3,4,-2,1
3829,Jokaero weapons – scattered,"<a href=""/wh40k10ed/the-rules/core-rules/#Torrent"">TORRENT</a>",12,Ranged,D6,N/A,4,0,1
3829,Jokaero weapons – focused,,24,Ranged,1,4,10,-1,3
3829,Close combat weapon,,Melee,Melee,2,5,4,0,1
3830,Hunter-killer missile,one shot,48,Ranged,1,2,14,-3,D6
3830,Storm bolter,"<a href=""/wh40k10ed/the-rules/core-rules/#Rapid-Fire"">rapid fire 2</a>",24,Ranged,2,3,4,0,1
3830,Armoured tracks,,Melee,Melee,3,4,6,0,1
3831,Heavy bolt pistol,"<a href=""/wh40k10ed/the-rules/core-rules/#Pistol"">Pistol</a>",18,Ranged,1,2,4,-1,1
3831,Inferno pistol,"<a href=""/wh40k10ed/the-rules/core-rules/#Melta"">melta 2</a>, <a href=""/wh40k10ed/the-rules/core-rules/#Pistol"">pistol</a>",6,Ranged,1,2,8,-4,D3
3831,Master-crafted chainsword,,Melee,Melee,7,2,4,-1,2
3831,Power fist,,Melee,Melee,5,2,8,-2,2
3831,Relic weapon,,Melee,Melee,6,2,5,-2,2
3832,Heavy bolt pistol,"<a href=""/wh40k10ed/the-rules/core-rules/#Pistol"">Pistol</a>",18,Ranged,1,2,4,-1,1
3832,Inferno pistol,"<a href=""/wh40k10ed/the-rules/core-rules/#Melta"">melta 2</a>, <a href=""/wh40k10ed/the-rules/core-rules/#Pistol"">pistol</a>",6,Ranged,1,2,8,-4,D3
3832,Master-crafted chainsword,,Melee,Melee,7,2,4,-1,2
3832,Power fist,,Melee,Melee,5,2,8,-2,2
3832,Relic weapon,,Melee,Melee,6,2,5,-2,2
3833,Hand flamer,"<a href=""/wh40k10ed/the-rules/core-rules/#Ignores-Cover"">ignores cover</a>, <a href=""/wh40k10ed/the-rules/core-rules/#Pistol"">pistol</a>, <a href=""/wh40k10ed/the-rules/core-rules/#Torrent"">torrent</a>",12,Ranged,D6,N/A,3,0,1
3833,Heavy bolt pistol,"<a href=""/wh40k10ed/the-rules/core-rules/#Pistol"">Pistol</a>",18,Ranged,1,2,4,-1,1
3833,Plasma pistol - standard,"<a href=""/wh40k10ed/the-rules/core-rules/#Pistol"">Pistol</a>",12,Ranged,1,2,7,-2,1
3833,Plasma pistol - supercharge,"<a href=""/wh40k10ed/the-rules/core-rules/#Hazardous"">hazardous</a>, <a href=""/wh40k10ed/the-rules/core-rules/#Pistol"">pistol</a>",12,Ranged,1,2,8,-3,2
3833,Astartes chainsword,,Melee,Melee,7,2,4,-1,1
3833,Power fist,,Melee,Melee,5,2,8,-2,2
3833,Relic weapon,,Melee,Melee,6,2,5,-2,2
3834,Bolt pistol,"<a href=""/wh40k10ed/the-rules/core-rules/#Pistol"">PISTOL</a>",12,Ranged,1,4,4,0,1
3834,Hot-shot lascarbine,"<a href=""/wh40k10ed/the-rules/core-rules/#Assault"">ASSAULT</a>",18,Ranged,2,3,3,-1,1
3834,Hot-shot laspistol,"<a href=""/wh40k10ed/the-rules/core-rules/#Pistol"">pistol</a>",12,Ranged,1,3,3,-1,1
3834,Hot-shot long-las,"<a href=""/wh40k10ed/the-rules/core-rules/#Heavy"">HEAVY</a>, <a href=""/wh40k10ed/the-rules/core-rules/#Precision"">PRECISION</a>",36,Ranged,1,3,4,-2,3
3834,Sentry flamer,"<a href=""/wh40k10ed/the-rules/core-rules/#Ignores-Cover"">IGNORES COVER</a>, <a href=""/wh40k10ed/the-rules/core-rules/#Torrent"">TORRENT</a>",12,Ranged,D6+3,N/A,4,0,1
3834,Sentry grenade launcher – frag,"<a href=""/wh40k10ed/the-rules/core-rules/#Blast"">blast</a>",24,Ranged,D3+3,4,4,0,1
3834,Sentry grenade launcher – krak,,24,Ranged,2,4,9,-2,D3
3834,Sentry hot-shot volley gun,"<a href=""/wh40k10ed/the-rules/core-rules/#Rapid-Fire"">RAPID FIRE 4</a>",30,Ranged,4,4,4,-1,1
3834,Melta carbine,"<a href=""/wh40k10ed/the-rules/core-rules/#Assault"">ASSAULT</a>, <a href=""/wh40k10ed/the-rules/core-rules/#Melta"">MELTA 2</a>",10,Ranged,1,3,9,-4,D6
3834,Plasma carbine – standard,"<a href=""/wh40k10ed/the-rules/core-rules/#Assault"">ASSAULT</a>",18,Ranged,2,3,7,-2,1
3834,Plasma carbine – supercharge,"<a href=""/wh40k10ed/the-rules/core-rules/#Assault"">ASSAULT</a>, <a href=""/wh40k10ed/the-rules/core-rules/#Hazardous"">HAZARDOUS</a>",18,Ranged,2,3,8,-3,2
3834,Chainsword,,Melee,Melee,4,4,3,0,1
3834,Close combat weapon,,Melee,Melee,2,4,3,0,1
3834,Power weapon,,Melee,Melee,3,4,4,-2,1
3835,Heavy flamer,"<a href=""/wh40k10ed/the-rules/core-rules/#Ignores-Cover"">ignores cover</a>, <a href=""/wh40k10ed/the-rules/core-rules/#Torrent"">torrent</a>",12,Ranged,D6,N/A,5,-1,1
3835,Meltagun,"<a href=""/wh40k10ed/the-rules/core-rules/#Melta"">melta 2</a>",12,Ranged,1,3,9,-4,D6
3835,Storm bolter,"<a href=""/wh40k10ed/the-rules/core-rules/#Rapid-Fire"">rapid fire 2</a>",24,Ranged,2,3,4,0,1
3835,Blood talons,"<a href=""/wh40k10ed/the-rules/core-rules/#Twin-linked"">twin-linked</a>",Melee,Melee,7,3,8,-2,3
3835,Twin Furioso fists,"<a href=""/wh40k10ed/the-rules/core-rules/#Twin-linked"">twin-linked</a>",Melee,Melee,5,3,12,-3,3
3836,Bolt pistol,"<a href=""/wh40k10ed/the-rules/core-rules/#Pistol"">pistol</a>",12,Ranged,1,3,4,0,1
3836,Boltgun,,24,Ranged,2,3,4,0,1
3836,Hand flamer,"<a href=""/wh40k10ed/the-rules/core-rules/#Ignores-Cover"">ignores cover</a>, <a href=""/wh40k10ed/the-rules/core-rules/#Pistol"">pistol</a>, <a href=""/wh40k10ed/the-rules/core-rules/#Torrent"">torrent</a>",12,Ranged,D6,N/A,3,0,1
3836,Inferno pistol,"<a href=""/wh40k10ed/the-rules/core-rules/#Pistol"">pistol</a>, <a href=""/wh40k10ed/the-rules/core-rules/#Melta"">melta 2</a>",6,Ranged,1,3,8,-4,D3
3836,Plasma pistol – standard,"<a href=""/wh40k10ed/the-rules/core-rules/#Pistol"">pistol</a>",12,Ranged,1,3,7,-2,1
3836,Plasma pistol – supercharge,"<a href=""/wh40k10ed/the-rules/core-rules/#Hazardous"">hazardous</a>, <a href=""/wh40k10ed/the-rules/core-rules/#Pistol"">pistol</a>",12,Ranged,1,3,8,-3,2
3836,Astartes chainsword,,Melee,Melee,4,3,4,-1,1
3836,Close combat weapon,,Melee,Melee,3,3,4,0,1
3836,Power fist,,Melee,Melee,3,3,8,-2,2
3836,Power weapon,,Melee,Melee,4,3,5,-2,1
3836,Thunder hammer,"<a href=""/wh40k10ed/the-rules/core-rules/#Devastating-Wounds"">devastating wounds</a>",Melee,Melee,3,4,8,-2,2
3837,Bolt pistol,"<a href=""/wh40k10ed/the-rules/core-rules/#Pistol"">pistol</a>",12,Ranged,1,3,4,0,1
3837,Boltgun,,24,Ranged,2,3,4,0,1
3837,Hand flamer,"<a href=""/wh40k10ed/the-rules/core-rules/#Ignores-Cover"">ignores cover</a>, <a href=""/wh40k10ed/the-rules/core-rules/#Pistol"">pistol</a>, <a href=""/wh40k10ed/the-rules/core-rules/#Torrent"">torrent</a>",12,Ranged,D6,N/A,3,0,1
3837,Inferno pistol,"<a href=""/wh40k10ed/the-rules/core-rules/#Pistol"">pistol</a>, <a href=""/wh40k10ed/the-rules/core-rules/#Melta"">melta 2</a>",6,Ranged,1,3,8,-4,D3
3837,Plasma pistol – standard,"<a href=""/wh40k10ed/the-rules/core-rules/#Pistol"">pistol</a>",12,Ranged,1,3,7,-2,1
3837,Plasma pistol – supercharge,"<a href=""/wh40k10ed/the-rules/core-rules/#Hazardous"">hazardous</a>, <a href=""/wh40k10ed/the-rules/core-rules/#Pistol"">pistol</a>",12,Ranged,1,3,8,-3,2
3837,Astartes chainsword,,Melee,Melee,4,3,4,-1,1
3837,Power fist,,Melee,Melee,3,3,8,-2,2
3837,Power weapon,,Melee,Melee,4,3,5,-2,1
3837,Thunder hammer,"<a href=""/wh40k10ed/the-rules/core-rules/#Devastating-Wounds"">devastating wounds</a>",Melee,Melee,3,4,8,-2,2
3837,Close combat weapon,,Melee,Melee,3,3,4,0,1
3838,Heavy bolt pistol,"<a href=""/wh40k10ed/the-rules/core-rules/#Pistol"">pistol</a>",18,Ranged,1,3,4,-1,1
3838,Astartes chainsword,"<a href=""/wh40k10ed/the-rules/core-rules/#Anti"">ANTI-INFANTRY 2+</a>",Melee,Melee,8,2,4,-1,1
3861,Rokkit pistol,"<a href=""/wh40k10ed/the-rules/core-rules/#Pistol"">pistol</a>",12,Ranged,1,5,9,-2,3
3861,Choppa,,Melee,Melee,4,3,5,-1,1
3861,Knucklebustas,"<a href=""/wh40k10ed/the-rules/core-rules/#Anti"">anti-monster 4+</a>, <a href=""/wh40k10ed/the-rules/core-rules/#Anti"">anti-vehicle 4+</a>, <a href=""/wh40k10ed/the-rules/core-rules/#Twin-linked"">twin-linked</a>",Melee,Melee,5,3,5,-1,1
3861,Smash hammer,"<a href=""/wh40k10ed/the-rules/core-rules/#Anti"">anti-monster 4+</a>, <a href=""/wh40k10ed/the-rules/core-rules/#Anti"">anti-vehicle 4+</a>",Melee,Melee,2,3,6,-2,3
3861,Tankhammer,"<a href=""/wh40k10ed/the-rules/core-rules/#Anti"">anti-monster 4+</a>, <a href=""/wh40k10ed/the-rules/core-rules/#Anti"">anti-vehicle 4+</a>, <a href=""/wh40k10ed/the-rules/core-rules/#Devastating-Wounds"">devastating wounds</a>, <a href=""/wh40k10ed/the-rules/core-rules/#Hazardous"">hazardous</a>",Melee,Melee,2,3,6,-2,3
3871,Vigil spear,,24,Ranged,2,2,4,-1,2
3871,Vigil spear,"<a href=""/wh40k10ed/the-rules/core-rules/#Lance"">lance</a>",Melee,Melee,6,2,6,-2,D3
3872,Hellfire Extremis,"<a href=""/wh40k10ed/the-rules/core-rules/#Anti"">anti-infantry 4+</a>, <a href=""/wh40k10ed/the-rules/core-rules/#Devastating-Wounds"">devastating wounds</a>, <a href=""/wh40k10ed/the-rules/core-rules/#Ignores-Cover"">ignores cover</a>, <a href=""/wh40k10ed/the-rules/core-rules/#Torrent"">torrent</a>",12,Ranged,D6,N/A,4,-1,1
3872,Master-crafted power weapon,,Melee,Melee,6,2,5,-2,2
3873,Assault cannon,"<a href=""/wh40k10ed/the-rules/core-rules/#Devastating-Wounds"">devastating wounds</a>",24,Ranged,6,3,6,0,1
3873,Cyclone missile launcher – frag,"<a href=""/wh40k10ed/the-rules/core-rules/#Blast"">blast</a>",36,Ranged,2D6,3,4,0,1
3873,Cyclone missile launcher – krak,,36,Ranged,2,3,9,-2,D6
3873,Heavy flamer,"<a href=""/wh40k10ed/the-rules/core-rules/#Ignores-Cover"">ignores cover</a>, <a href=""/wh40k10ed/the-rules/core-rules/#Torrent"">torrent</a>",12,Ranged,D6,N/A,5,-1,1
3873,Plasma cannon – standard,"<a href=""/wh40k10ed/the-rules/core-rules/#Blast"">blast</a>",36,Ranged,D3,3,7,-2,1
3873,Plasma cannon – supercharge,"<a href=""/wh40k10ed/the-rules/core-rules/#Blast"">blast</a>, <a href=""/wh40k10ed/the-rules/core-rules/#Hazardous"">hazardous</a>",36,Ranged,D3,3,8,-3,2
3873,Storm bolter,"<a href=""/wh40k10ed/the-rules/core-rules/#Rapid-Fire"">rapid fire 2</a>",24,Ranged,2,3,4,0,1
3873,Chainfist,"<a href=""/wh40k10ed/the-rules/core-rules/#Anti"">anti-vehicle 3+</a>",Melee,Melee,3,4,8,-2,2
3873,Power fist,,Melee,Melee,3,3,8,-2,2
3873,Power weapon,,Melee,Melee,4,3,5,-2,1
3873,Thunder hammer,"<a href=""/wh40k10ed/the-rules/core-rules/#Devastating-Wounds"">devastating wounds</a>",Melee,Melee,3,4,8,-2,2
3873,Twin lightning claws,"<a href=""/wh40k10ed/the-rules/core-rules/#Twin-linked"">twin-linked</a>",Melee,Melee,5,3,5,-2,1
3874,Assault bolters,"<a href=""/wh40k10ed/the-rules/core-rules/#Assault"">assault</a>, <a href=""/wh40k10ed/the-rules/core-rules/#Pistol"">pistol</a>, <a href=""/wh40k10ed/the-rules/core-rules/#Sustained-Hits"">sustained hits 2</a>, <a href=""/wh40k10ed/the-rules/core-rules/#Twin-linked"">twin-linked</a>",18,Ranged,3,3,5,-1,2
3874,Hand flamer,"<a href=""/wh40k10ed/the-rules/core-rules/#Ignores-Cover"">ignores cover</a>, <a href=""/wh40k10ed/the-rules/core-rules/#Pistol"">pistol</a>, <a href=""/wh40k10ed/the-rules/core-rules/#Torrent"">torrent</a>",12,Ranged,D6,N/A,3,0,1
3874,Heavy bolt pistol,"<a href=""/wh40k10ed/the-rules/core-rules/#Pistol"">pistol</a>",18,Ranged,1,3,4,-1,1
3874,Plasma exterminators – standard,"<a href=""/wh40k10ed/the-rules/core-rules/#Assault"">assault</a>, <a href=""/wh40k10ed/the-rules/core-rules/#Pistol"">pistol</a>, <a href=""/wh40k10ed/the-rules/core-rules/#Twin-linked"">twin-linked</a>",18,Ranged,2,3,7,-2,2
3874,Plasma exterminators – supercharge,"<a href=""/wh40k10ed/the-rules/core-rules/#Assault"">assault</a>, <a href=""/wh40k10ed/the-rules/core-rules/#Hazardous"">hazardous</a>, <a href=""/wh40k10ed/the-rules/core-rules/#Pistol"">pistol</a>, <a href=""/wh40k10ed/the-rules/core-rules/#Twin-linked"">twin-linked</a>",18,Ranged,2,3,8,-3,3
3874,Plasma pistol - standard,"<a href=""/wh40k10ed/the-rules/core-rules/#Pistol"">PISTOL</a>",12,Ranged,1,3,7,-2,1
3874,Plasma pistol - supercharge,"<a href=""/wh40k10ed/the-rules/core-rules/#Hazardous"">HAZARDOUS</a>, <a href=""/wh40k10ed/the-rules/core-rules/#Pistol"">PISTOL</a>",12,Ranged,1,3,8,-3,2
3874,Astartes chainsword,,Melee,Melee,4,3,4,-1,1
3874,Close combat weapon,,Melee,Melee,3,3,4,0,1
3874,Power fist,,Melee,Melee,3,3,8,-2,2
3874,Power weapon,,Melee,Melee,4,3,5,-2,1
3876,Bolt pistol,"<a href=""/wh40k10ed/the-rules/core-rules/#Pistol"">pistol</a>",12,Ranged,1,3,4,0,1
3876,Boltgun,,24,Ranged,2,3,4,0,1
3876,Flamer,"<a href=""/wh40k10ed/the-rules/core-rules/#Ignores-Cover"">ignores cover</a>, <a href=""/wh40k10ed/the-rules/core-rules/#Torrent"">torrent</a>",12,Ranged,D6,N/A,4,0,1
3876,Heavy bolter,"<a href=""/wh40k10ed/the-rules/core-rules/#Heavy"">HEAVY</a>, <a href=""/wh40k10ed/the-rules/core-rules/#Sustained-Hits"">SUSTAINED HITS 1</a>",36,Ranged,3,4,5,-1,2
3876,Meltagun,"<a href=""/wh40k10ed/the-rules/core-rules/#Melta"">melta 2</a>",12,Ranged,1,3,9,-4,D6
3876,Missile launcher – frag,"<a href=""/wh40k10ed/the-rules/core-rules/#Blast"">BLAST</a>, <a href=""/wh40k10ed/the-rules/core-rules/#Heavy"">HEAVY</a>",48,Ranged,D6,4,4,0,1
3876,Missile launcher – krak,"<a href=""/wh40k10ed/the-rules/core-rules/#Heavy"">HEAVY</a>",48,Ranged,1,4,9,-2,D6
3876,Plasma gun – standard,"<a href=""/wh40k10ed/the-rules/core-rules/#Rapid-Fire"">RAPID FIRE 1</a>",24,Ranged,1,3,7,-2,1
3876,Plasma gun – supercharge,"<a href=""/wh40k10ed/the-rules/core-rules/#Hazardous"">HAZARDOUS</a>, <a href=""/wh40k10ed/the-rules/core-rules/#Rapid-Fire"">RAPID FIRE 1</a>",24,Ranged,1,3,8,-3,2
3876,Plasma pistol – standard,"<a href=""/wh40k10ed/the-rules/core-rules/#Pistol"">pistol</a>",12,Ranged,1,3,7,-2,1
3876,Plasma pistol – supercharge,"<a href=""/wh40k10ed/the-rules/core-rules/#Hazardous"">hazardous</a>, <a href=""/wh40k10ed/the-rules/core-rules/#Pistol"">pistol</a>",12,Ranged,1,3,8,-3,2
3876,Accursed weapon,,Melee,Melee,4,3,5,-2,1
3876,Astartes chainsword,,Melee,Melee,4,3,4,-1,1
3876,Close combat weapon,,Melee,Melee,3,3,4,0,1
3876,Nostraman chainblade,"<a href=""/wh40k10ed/the-rules/core-rules/#Sustained-Hits"">sustained hits 1</a>",Melee,Melee,5,3,4,-1,1
3876,Nostraman chainglaive,"<a href=""/wh40k10ed/the-rules/core-rules/#Sustained-Hits"">sustained hits 1</a>",Melee,Melee,4,3,8,-2,1
3876,Paired accursed weapons,"<a href=""/wh40k10ed/the-rules/core-rules/#Twin-linked"">twin-linked</a>",Melee,Melee,4,3,5,-2,1
3876,Power fist,,Melee,Melee,3,3,8,-2,2
3889,Boltgun,"<a href=""/wh40k10ed/the-rules/core-rules/#Rapid-Fire"">rapid fire 1</a>",24,Ranged,1,4,4,0,1
3889,Bolt pistol,"<a href=""/wh40k10ed/the-rules/core-rules/#Pistol"">pistol</a>",12,Ranged,1,4,4,0,1
3889,Flamer,"<a href=""/wh40k10ed/the-rules/core-rules/#Ignores-Cover"">ignores cover</a>, <a href=""/wh40k10ed/the-rules/core-rules/#Torrent"">torrent</a>",12,Ranged,D6,N/A,4,0,1
3889,Grenade launcher – frag,"<a href=""/wh40k10ed/the-rules/core-rules/#Blast"">blast</a>",24,Ranged,D3,4,4,0,1
3889,Grenade launcher – krak,,24,Ranged,1,4,9,-2,D3
3889,Lasgun,"<a href=""/wh40k10ed/the-rules/core-rules/#Rapid-Fire"">rapid fire 1</a>",24,Ranged,1,4,3,0,1
3889,Laspistol,"<a href=""/wh40k10ed/the-rules/core-rules/#Pistol"">pistol</a>",12,Ranged,1,4,3,0,1
3889,Meltagun,"<a href=""/wh40k10ed/the-rules/core-rules/#Melta"">melta 2</a>",12,Ranged,1,4,9,-4,D6
3889,Plasma gun – standard,"<a href=""/wh40k10ed/the-rules/core-rules/#Rapid-Fire"">rapid fire 1</a>",24,Ranged,1,4,7,-2,1
3889,Plasma gun – supercharge,"<a href=""/wh40k10ed/the-rules/core-rules/#Hazardous"">hazardous</a>, <a href=""/wh40k10ed/the-rules/core-rules/#Rapid-Fire"">rapid fire 1</a>",24,Ranged,1,4,8,-3,2
3889,Plasma pistol – standard,"<a href=""/wh40k10ed/the-rules/core-rules/#Pistol"">pistol</a>",12,Ranged,1,4,7,-2,1
3889,Plasma pistol – supercharge,"<a href=""/wh40k10ed/the-rules/core-rules/#Hazardous"">hazardous</a>, <a href=""/wh40k10ed/the-rules/core-rules/#Pistol"">pistol</a>",12,Ranged,1,4,8,-3,2
3889,Chainsword,,Melee,Melee,4,4,3,0,1
3889,Close combat weapon,,Melee,Melee,2,4,3,0,1
3889,Power fist,,Melee,Melee,3,4,6,-2,2
3889,Power weapon,,Melee,Melee,3,4,4,-2,1
3889,Trench club,,Melee,Melee,3,4,4,0,1
3890,Laspistol,"<a href=""/wh40k10ed/the-rules/core-rules/#Pistol"">pistol</a>",12,Ranged,1,3,3,0,1
3890,Sabre of Sacrifice,"<a href=""/wh40k10ed/the-rules/core-rules/#Anti"">anti-infantry 4+</a>",Melee,Melee,6,2,6,-2,1
3890,Savage claws,"<a href=""/wh40k10ed/the-rules/core-rules/#Extra-Attacks"">extra attacks</a>",Melee,Melee,2,4,4,-1,1
3891,Bolt pistol,"<a href=""/wh40k10ed/the-rules/core-rules/#Pistol"">PISTOL</a>",12,Ranged,1,4,4,0,1
3891,Boltgun,"<a href=""/wh40k10ed/the-rules/core-rules/#Rapid-Fire"">rapid fire 1</a>",24,Ranged,1,4,4,0,1
3891,Flamer,"<a href=""/wh40k10ed/the-rules/core-rules/#Ignores-Cover"">ignores cover</a>, <a href=""/wh40k10ed/the-rules/core-rules/#Torrent"">torrent</a>",12,Ranged,D6,N/A,4,0,1
3891,Grenade launcher – frag,"<a href=""/wh40k10ed/the-rules/core-rules/#Blast"">blast</a>",24,Ranged,D3,4,4,0,1
3891,Grenade launcher – krak,,24,Ranged,1,4,9,-2,D3
3891,Heavy flamer,"<a href=""/wh40k10ed/the-rules/core-rules/#Ignores-Cover"">ignores cover</a>, <a href=""/wh40k10ed/the-rules/core-rules/#Torrent"">torrent</a>",12,Ranged,D6,N/A,5,-1,1
3891,Lasgun,"<a href=""/wh40k10ed/the-rules/core-rules/#Rapid-Fire"">rapid fire 1</a>",24,Ranged,1,4,3,0,1
3891,Laspistol,"<a href=""/wh40k10ed/the-rules/core-rules/#Pistol"">pistol</a>",12,Ranged,1,4,3,0,1
3891,Meltagun,"<a href=""/wh40k10ed/the-rules/core-rules/#Melta"">melta 2</a>",12,Ranged,1,4,9,-4,D6
3891,Plasma gun – standard,"<a href=""/wh40k10ed/the-rules/core-rules/#Rapid-Fire"">rapid fire 1</a>",24,Ranged,1,4,7,-2,1
3891,Plasma gun – supercharge,"<a href=""/wh40k10ed/the-rules/core-rules/#Hazardous"">hazardous</a>, <a href=""/wh40k10ed/the-rules/core-rules/#Rapid-Fire"">rapid fire 1</a>",24,Ranged,1,4,8,-3,2
3891,Plasma pistol – standard,"<a href=""/wh40k10ed/the-rules/core-rules/#Pistol"">pistol</a>",12,Ranged,1,4,7,-2,1
3891,Plasma pistol – supercharge,"<a href=""/wh40k10ed/the-rules/core-rules/#Hazardous"">hazardous</a>, <a href=""/wh40k10ed/the-rules/core-rules/#Pistol"">pistol</a>",12,Ranged,1,4,8,-3,2
3891,Sniper rifle,"<a href=""/wh40k10ed/the-rules/core-rules/#Heavy"">heavy</a>, <a href=""/wh40k10ed/the-rules/core-rules/#Precision"">precision</a>",36,Ranged,1,4,4,-2,2
3891,Chainsword,,Melee,Melee,4,4,3,0,1
3891,Close combat weapon,,Melee,Melee,2,4,3,0,1
3891,Power fist,,Melee,Melee,3,4,6,-2,2
3891,Power weapon,,Melee,Melee,3,4,4,-2,1
3892,Castigator gatling cannon,,24,Ranged,12,4,5,0,1
3892,Coaxial autocannon,,48,Ranged,2,4,9,-1,3
3892,Heavy bolter,"<a href=""/wh40k10ed/the-rules/core-rules/#Sustained-Hits"">sustained hits 1</a>",36,Ranged,3,4,5,-1,2
3892,Heavy stubber,"<a href=""/wh40k10ed/the-rules/core-rules/#Rapid-Fire"">rapid fire 3</a>",36,Ranged,3,4,4,0,1
3892,Multi-melta,"<a href=""/wh40k10ed/the-rules/core-rules/#Melta"">melta 2</a>",18,Ranged,2,4,9,-4,D6
3892,Oppressor cannon,"<a href=""/wh40k10ed/the-rules/core-rules/#Blast"">blast</a>",72,Ranged,D6+3,4,12,-2,3
3892,Pulveriser cannon,"<a href=""/wh40k10ed/the-rules/core-rules/#Blast"">blast</a>",24,Ranged,D6,4,9,-3,3
3892,Twin battle cannon,"<a href=""/wh40k10ed/the-rules/core-rules/#Blast"">blast</a>, <a href=""/wh40k10ed/the-rules/core-rules/#Twin-linked"">twin-linked</a>",48,Ranged,D6+3,4,10,-1,3
3892,Armoured tracks,,Melee,Melee,6,4,7,0,1
3893,Autopistol,"<a href=""/wh40k10ed/the-rules/core-rules/#Pistol"">pistol</a>",12,Ranged,1,4,3,0,1
3893,Bolt pistol,"<a href=""/wh40k10ed/the-rules/core-rules/#Pistol"">PISTOL</a>",12,Ranged,1,4,4,0,1
3893,Combat shotgun,"<a href=""/wh40k10ed/the-rules/core-rules/#Assault"">assault</a>",12,Ranged,2,4,4,0,1
3893,Flamer,"<a href=""/wh40k10ed/the-rules/core-rules/#Ignores-Cover"">ignores cover</a>, <a href=""/wh40k10ed/the-rules/core-rules/#Torrent"">torrent</a>",12,Ranged,D6,N/A,4,0,1
3893,Hand flamer,"<a href=""/wh40k10ed/the-rules/core-rules/#Ignores-Cover"">ignores cover</a>, <a href=""/wh40k10ed/the-rules/core-rules/#Pistol"">pistol</a>, <a href=""/wh40k10ed/the-rules/core-rules/#Torrent"">torrent</a>",12,Ranged,D6,N/A,3,0,1
3893,Plasma pistol – standard,"<a href=""/wh40k10ed/the-rules/core-rules/#Pistol"">pistol</a>",12,Ranged,1,4,7,-2,1
3893,Plasma pistol – supercharge,"<a href=""/wh40k10ed/the-rules/core-rules/#Hazardous"">hazardous</a>, <a href=""/wh40k10ed/the-rules/core-rules/#Pistol"">pistol</a>",12,Ranged,1,4,8,-3,2
3893,Chainsword,,Melee,Melee,4,4,3,0,1
3893,Close combat weapon,,Melee,Melee,2,4,3,0,1
3893,Power weapon,,Melee,Melee,3,4,4,-2,1
3893,Trench club,,Melee,Melee,2,4,4,0,1
3894,Autocannon,"<a href=""/wh40k10ed/the-rules/core-rules/#Heavy"">heavy</a>",48,Ranged,2,5,9,-1,3
3894,Heavy bolter,"<a href=""/wh40k10ed/the-rules/core-rules/#Heavy"">heavy</a>, <a href=""/wh40k10ed/the-rules/core-rules/#Sustained-Hits"">sustained hits 1</a>",36,Ranged,3,5,5,-1,2
3894,Lasgun,"<a href=""/wh40k10ed/the-rules/core-rules/#Rapid-Fire"">rapid fire 1</a>",24,Ranged,1,4,3,0,1
3894,Lascannon,"<a href=""/wh40k10ed/the-rules/core-rules/#Heavy"">heavy</a>",48,Ranged,1,5,12,-3,D6+1
3894,Missile launcher – frag,"<a href=""/wh40k10ed/the-rules/core-rules/#Blast"">blast</a>, <a href=""/wh40k10ed/the-rules/core-rules/#Heavy"">heavy</a>",48,Ranged,D6,5,4,0,1
3894,Missile launcher – krak,"<a href=""/wh40k10ed/the-rules/core-rules/#Heavy"">heavy</a>",48,Ranged,1,5,9,-2,D6
3894,Mortar,"<a href=""/wh40k10ed/the-rules/core-rules/#Blast"">blast</a>, <a href=""/wh40k10ed/the-rules/core-rules/#Heavy"">heavy</a>, <a href=""/wh40k10ed/the-rules/core-rules/#Indirect-Fire"">indirect fire</a>",48,Ranged,D6,5,5,0,1
3894,Weapons team close combat weapons,,Melee,Melee,2,4,3,0,1
3895,Krieg heavy flamer,"<a href=""/wh40k10ed/the-rules/core-rules/#Ignores-Cover"">ignores cover</a>, <a href=""/wh40k10ed/the-rules/core-rules/#Torrent"">torrent</a>",18,Ranged,D6,N/A,5,-1,2
3895,Lascannon,"<a href=""/wh40k10ed/the-rules/core-rules/#Heavy"">heavy</a>",48,Ranged,1,5,12,-3,D6+1
3895,Laspistol,"<a href=""/wh40k10ed/the-rules/core-rules/#Pistol"">pistol</a>",12,Ranged,1,4,3,0,1
3895,Twin Krieg heavy stubber,"<a href=""/wh40k10ed/the-rules/core-rules/#Heavy"">heavy</a>, <a href=""/wh40k10ed/the-rules/core-rules/#Rapid-Fire"">rapid fire 3</a>, <a href=""/wh40k10ed/the-rules/core-rules/#Twin-linked"">twin-linked</a>",48,Ranged,3,5,6,-1,1
3895,Close combat weapon,,Melee,Melee,1,4,3,0,1
3896,Heavy mortar,"<a href=""/wh40k10ed/the-rules/core-rules/#Blast"">blast</a>, <a href=""/wh40k10ed/the-rules/core-rules/#Heavy"">heavy</a>, <a href=""/wh40k10ed/the-rules/core-rules/#Indirect-Fire"">indirect fire</a>",48,Ranged,D6+3,5,8,-1,2
3896,Heavy quad launcher,"<a href=""/wh40k10ed/the-rules/core-rules/#Blast"">blast</a>, <a href=""/wh40k10ed/the-rules/core-rules/#Heavy"">heavy</a>, <a href=""/wh40k10ed/the-rules/core-rules/#Indirect-Fire"">indirect fire</a>, <a href=""/wh40k10ed/the-rules/core-rules/#Twin-linked"">twin-linked</a>",48,Ranged,2D6,5,5,0,1
3896,Lasgun,"<a href=""/wh40k10ed/the-rules/core-rules/#Rapid-Fire"">rapid fire 1</a>",24,Ranged,1,4,3,0,1
3896,Multiple rocket launcher,"<a href=""/wh40k10ed/the-rules/core-rules/#Anti"">anti-infantry 3+</a>, <a href=""/wh40k10ed/the-rules/core-rules/#Blast"">blast</a>, <a href=""/wh40k10ed/the-rules/core-rules/#Heavy"">heavy</a>, <a href=""/wh40k10ed/the-rules/core-rules/#Indirect-Fire"">indirect fire</a>",48,Ranged,D6+3,5,2,-1,1
3896,Siege cannon,"<a href=""/wh40k10ed/the-rules/core-rules/#Blast"">blast</a>, <a href=""/wh40k10ed/the-rules/core-rules/#Heavy"">heavy</a>, <a href=""/wh40k10ed/the-rules/core-rules/#Indirect-Fire"">indirect fire</a>",48,Ranged,D6,5,12,-2,3
3896,Crew close combat weapons,,Melee,Melee,3,4,3,0,1
3897,Bombast field gun,"<a href=""/wh40k10ed/the-rules/core-rules/#Blast"">blast</a>, <a href=""/wh40k10ed/the-rules/core-rules/#Heavy"">heavy</a>, <a href=""/wh40k10ed/the-rules/core-rules/#Indirect-Fire"">indirect fire</a>",48,Ranged,D6,5,7,-1,2
3897,Heavy lascannon,"<a href=""/wh40k10ed/the-rules/core-rules/#Heavy"">heavy</a>",48,Ranged,2,5,14,-3,D6+1
3897,Lasgun,"<a href=""/wh40k10ed/the-rules/core-rules/#Rapid-Fire"">rapid fire 1</a>",24,Ranged,1,4,3,0,1
3897,Laspistol,"<a href=""/wh40k10ed/the-rules/core-rules/#Pistol"">pistol</a>",12,Ranged,1,4,3,0,1
3897,Malleus rocket launcher,"<a href=""/wh40k10ed/the-rules/core-rules/#Blast"">blast</a>, <a href=""/wh40k10ed/the-rules/core-rules/#Heavy"">heavy</a>",48,Ranged,D6+6,5,6,-1,1
3897,Battery close combat weapons,,Melee,Melee,3,4,3,0,1
3898,Death Rider lascarbine,"<a href=""/wh40k10ed/the-rules/core-rules/#Assault"">assault</a>",18,Ranged,2,4,3,0,1
3898,Frag lance,"<a href=""/wh40k10ed/the-rules/core-rules/#Lance"">lance</a>",Melee,Melee,D6,3,4,0,1
3898,Power sabre,,Melee,Melee,3,3,4,-2,1
3898,Steed's savage claws,"<a href=""/wh40k10ed/the-rules/core-rules/#Extra-Attacks"">extra attacks</a>",Melee,Melee,2,4,4,-1,1
3909,Brood Twain,"<a href=""/wh40k10ed/the-rules/core-rules/#Ignores-Cover"">ignores cover</a>, <a href=""/wh40k10ed/the-rules/core-rules/#Torrent"">torrent</a>, <a href=""/wh40k10ed/the-rules/core-rules/#Twin-linked"">twin-linked</a>",12,Ranged,D6+3,N/A,6,-2,1
3909,Spider’s Fangs,"<a href=""/wh40k10ed/the-rules/core-rules/#Extra-Attacks"">extra attacks</a>, <a href=""/wh40k10ed/the-rules/core-rules/#Lethal-Hits"">lethal hits</a>",Melee,Melee,5,2,4,-2,1
3909,Weaverender,"<a href=""/wh40k10ed/the-rules/core-rules/#Lethal-Hits"">lethal hits</a>",Melee,Melee,5,2,6,-2,2
3910,D-cannon,"<a href=""/wh40k10ed/the-rules/core-rules/#Blast"">blast</a>, <a href=""/wh40k10ed/the-rules/core-rules/#Devastating-Wounds"">devastating wounds</a>, <a href=""/wh40k10ed/the-rules/core-rules/#Indirect-Fire"">indirect fire</a>",24,Ranged,D3,3,16,-4,D6+2
3910,Shuriken catapult,"<a href=""/wh40k10ed/the-rules/core-rules/#Assault"">assault</a>",18,Ranged,2,3,4,-1,1
3910,Close combat weapon,,Melee,Melee,2,3,3,0,1
3911,Shadow weaver,"<a href=""/wh40k10ed/the-rules/core-rules/#Blast"">blast</a>, <a href=""/wh40k10ed/the-rules/core-rules/#Indirect-Fire"">indirect fire</a>",48,Ranged,D6+2,3,6,-1,1
3911,Shuriken catapult,"<a href=""/wh40k10ed/the-rules/core-rules/#Assault"">assault</a>",18,Ranged,2,3,4,-1,1
3911,Close combat weapon,,Melee,Melee,2,3,3,0,1
3912,Shuriken catapult,"<a href=""/wh40k10ed/the-rules/core-rules/#Assault"">assault</a>",18,Ranged,2,3,4,-1,1
3912,Vibro cannon,,48,Ranged,D6,3,9,-1,2
3912,Close combat weapon,,Melee,Melee,2,3,3,0,1
3913,Heavy wraithcannon,"<a href=""/wh40k10ed/the-rules/core-rules/#Devastating-Wounds"">devastating wounds</a>",36,Ranged,D3,3,20,-4,2D6
3913,Scatter laser,"<a href=""/wh40k10ed/the-rules/core-rules/#Sustained-Hits"">sustained hits 1</a>",36,Ranged,6,3,5,0,1
3913,Shuriken cannon,"<a href=""/wh40k10ed/the-rules/core-rules/#Lethal-Hits"">lethal hits</a>",24,Ranged,3,3,6,-1,2
3913,Starcannon,,36,Ranged,2,3,8,-3,2
3913,Titanic ghostglaive – strike,,Melee,Melee,5,3,16,-3,6
3913,Titanic ghostglaive – sweep,,Melee,Melee,15,3,8,-2,2
3914,Blast pistol,"<a href=""/wh40k10ed/the-rules/core-rules/#Pistol"">pistol</a>",6,Ranged,1,2,8,-3,D3
3914,Splinter pistol,"<a href=""/wh40k10ed/the-rules/core-rules/#Anti"">anti-infantry 3+</a>, <a href=""/wh40k10ed/the-rules/core-rules/#Assault"">assault</a>, <a href=""/wh40k10ed/the-rules/core-rules/#Pistol"">pistol</a>",12,Ranged,1,2,2,0,1
3914,Huskblade,"<a href=""/wh40k10ed/the-rules/core-rules/#Anti"">anti-infantry 3+</a>",Melee,Melee,5,2,3,-2,2
3915,Blast pistol,"<a href=""/wh40k10ed/the-rules/core-rules/#Pistol"">pistol</a>",6,Ranged,1,2,8,-3,D3
3915,Splinter pistol,"<a href=""/wh40k10ed/the-rules/core-rules/#Anti"">anti-infantry 3+</a>, <a href=""/wh40k10ed/the-rules/core-rules/#Assault"">assault</a>, <a href=""/wh40k10ed/the-rules/core-rules/#Pistol"">pistol</a>",12,Ranged,1,2,2,0,1
3915,Succubus weapons,"<a href=""/wh40k10ed/the-rules/core-rules/#Anti"">anti-infantry 3+</a>",Melee,Melee,6,2,3,-2,1
3916,Blast pistol,"<a href=""/wh40k10ed/the-rules/core-rules/#Pistol"">pistol</a>",6,Ranged,1,3,8,-3,D3
3916,Blaster,"<a href=""/wh40k10ed/the-rules/core-rules/#Assault"">assault</a>",18,Ranged,1,3,8,-4,D6+1
3916,Dark lance,"<a href=""/wh40k10ed/the-rules/core-rules/#Heavy"">heavy</a>",36,Ranged,1,4,12,-3,D6+2
3916,Shredder,"<a href=""/wh40k10ed/the-rules/core-rules/#Assault"">assault</a>, <a href=""/wh40k10ed/the-rules/core-rules/#Torrent"">torrent</a>",18,Ranged,D6,N/A,6,0,1
3916,Splinter cannon,"<a href=""/wh40k10ed/the-rules/core-rules/#Anti"">anti-infantry 3+</a>, <a href=""/wh40k10ed/the-rules/core-rules/#Heavy"">heavy</a>, <a href=""/wh40k10ed/the-rules/core-rules/#Sustained-Hits"">sustained hits 1</a>",36,Ranged,3,4,3,-1,2
3916,Splinter pistol,"<a href=""/wh40k10ed/the-rules/core-rules/#Anti"">anti-infantry 3+</a>, <a href=""/wh40k10ed/the-rules/core-rules/#Assault"">assault</a>, <a href=""/wh40k10ed/the-rules/core-rules/#Pistol"">pistol</a>",12,Ranged,1,3,2,0,1
3916,Splinter rifle,"<a href=""/wh40k10ed/the-rules/core-rules/#Anti"">anti-infantry 3+</a>, <a href=""/wh40k10ed/the-rules/core-rules/#Assault"">assault</a>",24,Ranged,2,3,2,0,1
3916,Close combat weapon,,Melee,Melee,2,3,3,0,1
3916,Sybarite weapon,"<a href=""/wh40k10ed/the-rules/core-rules/#Anti"">anti-infantry 3+</a>",Melee,Melee,3,3,3,-1,1
3917,Blast pistol,"<a href=""/wh40k10ed/the-rules/core-rules/#Pistol"">pistol</a>",6,Ranged,1,3,8,-4,D3
3917,Splinter pistol,"<a href=""/wh40k10ed/the-rules/core-rules/#Anti"">anti-infantry 3+</a>, <a href=""/wh40k10ed/the-rules/core-rules/#Assault"">assault</a>, <a href=""/wh40k10ed/the-rules/core-rules/#Pistol"">pistol</a>",12,Ranged,1,3,2,0,1
3917,Hekatarii blade,,Melee,Melee,3,3,3,-1,1
3918,Demiklaives – single blade,,Melee,Melee,3,3,4,-2,2
3918,Demiklaives – dual blades,"<a href=""/wh40k10ed/the-rules/core-rules/#Twin-linked"">twin-linked</a>",Melee,Melee,6,3,4,-1,1
3918,Klaive,,Melee,Melee,3,3,4,-2,2
3919,Blaster,"<a href=""/wh40k10ed/the-rules/core-rules/#Assault"">assault</a>",18,Ranged,1,3,8,-4,D6+1
3919,Heat lance,"<a href=""/wh40k10ed/the-rules/core-rules/#Assault"">assault</a>, <a href=""/wh40k10ed/the-rules/core-rules/#Melta"">melta 3</a>",18,Ranged,1,3,14,-4,D6
3919,Splinter pistol,"<a href=""/wh40k10ed/the-rules/core-rules/#Anti"">anti-infantry 3+</a>, <a href=""/wh40k10ed/the-rules/core-rules/#Assault"">assault</a>, <a href=""/wh40k10ed/the-rules/core-rules/#Pistol"">pistol</a>",12,Ranged,1,3,2,0,1
3919,Splinter rifle,"<a href=""/wh40k10ed/the-rules/core-rules/#Anti"">anti-infantry 3+</a>, <a href=""/wh40k10ed/the-rules/core-rules/#Assault"">assault</a>",24,Ranged,2,3,2,0,1
3919,Agoniser,"<a href=""/wh40k10ed/the-rules/core-rules/#Anti"">anti-infantry 3+</a>",Melee,Melee,4,3,3,-1,1
3919,Bladevanes,,Melee,Melee,3,3,4,0,1
3920,Dark lance,,36,Ranged,1,3,12,-3,D6+2
3920,Disintegrator cannon,,36,Ranged,3,3,5,-2,2
3920,Bladevanes,,Melee,Melee,3,4,6,0,1
3921,Splinter cannon,"<a href=""/wh40k10ed/the-rules/core-rules/#Anti"">anti-infantry 3+</a>, <a href=""/wh40k10ed/the-rules/core-rules/#Sustained-Hits"">sustained hits 1</a>",36,Ranged,3,3,3,-1,2
3921,Twin splinter rifle,"<a href=""/wh40k10ed/the-rules/core-rules/#Anti"">anti-infantry 3+</a>, <a href=""/wh40k10ed/the-rules/core-rules/#Assault"">assault</a>, <a href=""/wh40k10ed/the-rules/core-rules/#Rapid-Fire"">rapid fire 1</a>, <a href=""/wh40k10ed/the-rules/core-rules/#Twin-linked"">twin-linked</a>",24,Ranged,2,3,2,0,1
3921,Bladevanes,,Melee,Melee,3,4,5,0,1
3922,Bolt pistol,"<a href=""/wh40k10ed/the-rules/core-rules/#Pistol"">pistol</a>",12,Ranged,1,3,4,0,1
3922,Demolitions,"blast, one shot",6,Ranged,D6,4,9,-2,2
3922,Hot-shot laspistol,"<a href=""/wh40k10ed/the-rules/core-rules/#Pistol"">pistol</a>",12,Ranged,1,3,3,-1,1
3922,Meltagun,"<a href=""/wh40k10ed/the-rules/core-rules/#Melta"">melta 2</a>",12,Ranged,1,3,9,-4,D6
3922,Close combat weapon,,Melee,Melee,2,4,3,0,1
3922,Dirk,"<a href=""/wh40k10ed/the-rules/core-rules/#Precision"">precision</a>",Melee,Melee,3,3,3,-1,1
3922,Power weapon,,Melee,Melee,4,3,4,-2,1
3937,Sniper rifle,"<a href=""/wh40k10ed/the-rules/core-rules/#Heavy"">heavy</a>, <a href=""/wh40k10ed/the-rules/core-rules/#Precision"">precision</a>",36,Ranged,1,3,4,-2,2
3937,Close combat weapons,,Melee,Melee,2,5,2,0,1
3938,Close combat weapon,,Melee,Melee,3,4,3,0,1
3939,Bolt pistol,"<a href=""/wh40k10ed/the-rules/core-rules/#Pistol"">pistol</a>",12,Ranged,1,4,4,0,1
3939,Plasma pistol – standard,"<a href=""/wh40k10ed/the-rules/core-rules/#Pistol"">pistol</a>",12,Ranged,1,4,7,-2,1
3939,Plasma pistol – supercharge,"<a href=""/wh40k10ed/the-rules/core-rules/#Hazardous"">hazardous</a>, <a href=""/wh40k10ed/the-rules/core-rules/#Pistol"">pistol</a>",12,Ranged,1,4,8,-3,2
3940,Bolt pistol,"<a href=""/wh40k10ed/the-rules/core-rules/#Pistol"">PISTOL</a>",12,Ranged,1,4,4,0,1
3940,Boltgun,"<a href=""/wh40k10ed/the-rules/core-rules/#Rapid-Fire"">rapid fire 1</a>",24,Ranged,1,4,4,0,1
3940,Plasma pistol – standard,"<a href=""/wh40k10ed/the-rules/core-rules/#Pistol"">pistol</a>",12,Ranged,1,4,7,-2,1
3940,Plasma pistol – supercharge,"<a href=""/wh40k10ed/the-rules/core-rules/#Hazardous"">hazardous</a>, <a href=""/wh40k10ed/the-rules/core-rules/#Pistol"">pistol</a>",12,Ranged,1,4,8,-3,2
3940,Sniper rifle,"<a href=""/wh40k10ed/the-rules/core-rules/#Heavy"">heavy</a>, <a href=""/wh40k10ed/the-rules/core-rules/#Precision"">precision</a>",36,Ranged,1,4,4,-2,2
3941,Boltgun,"<a href=""/wh40k10ed/the-rules/core-rules/#Rapid-Fire"">rapid fire 1</a>",24,Ranged,1,4,4,0,1
3941,Bolt pistol,"<a href=""/wh40k10ed/the-rules/core-rules/#Pistol"">pistol</a>",12,Ranged,1,4,4,0,1
3941,Plasma pistol – standard,"<a href=""/wh40k10ed/the-rules/core-rules/#Pistol"">pistol</a>",12,Ranged,1,4,7,-2,1
3941,Plasma pistol – supercharge,"<a href=""/wh40k10ed/the-rules/core-rules/#Hazardous"">hazardous</a>, <a href=""/wh40k10ed/the-rules/core-rules/#Pistol"">pistol</a>",12,Ranged,1,4,8,-3,2
3942,Demolisher battle cannon,"<a href=""/wh40k10ed/the-rules/core-rules/#Blast"">blast</a>",24,Ranged,D6+1,4,14,-3,D6
3942,Eradicator nova cannon,"<a href=""/wh40k10ed/the-rules/core-rules/#Blast"">blast</a>, <a href=""/wh40k10ed/the-rules/core-rules/#Ignores-Cover"">ignores cover</a>",36,Ranged,D3+6,4,7,-1,2
3942,Executioner plasma cannon – standard,"<a href=""/wh40k10ed/the-rules/core-rules/#Blast"">blast</a>",36,Ranged,D6+3,4,7,-2,2
3942,Executioner plasma cannon – supercharge,"<a href=""/wh40k10ed/the-rules/core-rules/#Blast"">blast</a>, <a href=""/wh40k10ed/the-rules/core-rules/#Hazardous"">hazardous</a>",36,Ranged,D6+3,4,8,-3,3
3942,Exterminator autocannon,"<a href=""/wh40k10ed/the-rules/core-rules/#Rapid-Fire"">rapid fire 4</a>, <a href=""/wh40k10ed/the-rules/core-rules/#Twin-linked"">twin-linked</a>",48,Ranged,4,4,9,-1,3
3942,Punisher gatling cannon,,24,Ranged,20,4,6,0,1
3942,Vanquisher battle cannon,"<a href=""/wh40k10ed/the-rules/core-rules/#Heavy"">heavy</a>",72,Ranged,1,4,18,-4,D6+6
3950,Bolt pistol,"<a href=""/wh40k10ed/the-rules/core-rules/#Pistol"">PISTOL</a>",12,Ranged,1,4,4,0,1
3950,Boltgun,"<a href=""/wh40k10ed/the-rules/core-rules/#Rapid-Fire"">rapid fire 1</a>",24,Ranged,1,4,4,0,1
3950,Plasma pistol – standard,"<a href=""/wh40k10ed/the-rules/core-rules/#Pistol"">pistol</a>",12,Ranged,1,4,7,-2,1
3950,Plasma pistol – supercharge,"<a href=""/wh40k10ed/the-rules/core-rules/#Hazardous"">hazardous</a>, <a href=""/wh40k10ed/the-rules/core-rules/#Pistol"">pistol</a>",12,Ranged,1,4,8,-3,2
3976,Bolt pistol,"<a href=""/wh40k10ed/the-rules/core-rules/#Pistol"">PISTOL</a>",12,Ranged,1,4,4,0,1
3976,Plasma pistol – standard,"<a href=""/wh40k10ed/the-rules/core-rules/#Pistol"">pistol</a>",12,Ranged,1,4,7,-2,1
3976,Plasma pistol – supercharge,"<a href=""/wh40k10ed/the-rules/core-rules/#Hazardous"">hazardous</a>, <a href=""/wh40k10ed/the-rules/core-rules/#Pistol"">pistol</a>",12,Ranged,1,4,8,-3,2
3977,Bolt pistol,"<a href=""/wh40k10ed/the-rules/core-rules/#Pistol"">PISTOL</a>",12,Ranged,1,4,4,0,1
3977,Plasma pistol – standard,"<a href=""/wh40k10ed/the-rules/core-rules/#Pistol"">pistol</a>",12,Ranged,1,4,7,-2,1
3977,Plasma pistol – supercharge,"<a href=""/wh40k10ed/the-rules/core-rules/#Hazardous"">hazardous</a>, <a href=""/wh40k10ed/the-rules/core-rules/#Pistol"">pistol</a>",12,Ranged,1,4,8,-3,2
4074,Holy fire,"<a href=""/wh40k10ed/the-rules/core-rules/#Ignores-Cover"">ignores cover</a>, one shot, <a href=""/wh40k10ed/the-rules/core-rules/#Torrent"">torrent</a>",12,Ranged,D6,N/A,6,-1,2
4074,Meltagun,"<a href=""/wh40k10ed/the-rules/core-rules/#Melta"">melta 2</a>",12,Ranged,1,4,9,-4,D6
4074,Ministorum flamer,"<a href=""/wh40k10ed/the-rules/core-rules/#Ignores-Cover"">ignores cover</a>, <a href=""/wh40k10ed/the-rules/core-rules/#Torrent"">torrent</a>",12,Ranged,D6,N/A,5,0,1
4074,Ministorum hand flamer,"<a href=""/wh40k10ed/the-rules/core-rules/#Ignores-Cover"">ignores cover</a>, <a href=""/wh40k10ed/the-rules/core-rules/#Pistol"">pistol</a>, <a href=""/wh40k10ed/the-rules/core-rules/#Torrent"">torrent</a>",12,Ranged,D6,N/A,4,0,1
4074,Plasma gun – standard,"<a href=""/wh40k10ed/the-rules/core-rules/#Rapid-Fire"">rapid fire 1</a>",24,Ranged,1,4,7,-2,1
4074,Plasma gun – supercharge,"<a href=""/wh40k10ed/the-rules/core-rules/#Hazardous"">hazardous</a>, <a href=""/wh40k10ed/the-rules/core-rules/#Rapid-Fire"">rapid fire 1</a>",24,Ranged,1,4,8,-3,2
4074,Burning hands,"<a href=""/wh40k10ed/the-rules/core-rules/#Devastating-Wounds"">devastating wounds</a>",Melee,Melee,1,2,6,-2,3
4074,Close combat weapon,,Melee,Melee,2,3,3,0,1
4074,Death Cult blades,"<a href=""/wh40k10ed/the-rules/core-rules/#Precision"">precision</a>",Melee,Melee,4,2,4,-2,1
4074,Sanctifier melee weapon,,Melee,Melee,3,3,3,0,1
4075,Holy fire,"<a href=""/wh40k10ed/the-rules/core-rules/#Ignores-Cover"">ignores cover</a>, one shot, <a href=""/wh40k10ed/the-rules/core-rules/#Torrent"">torrent</a>",12,Ranged,D6,N/A,6,-1,2
4075,Meltagun,"<a href=""/wh40k10ed/the-rules/core-rules/#Melta"">melta 2</a>",12,Ranged,1,4,9,-4,D6
4075,Ministorum flamer,"<a href=""/wh40k10ed/the-rules/core-rules/#Ignores-Cover"">ignores cover</a>, <a href=""/wh40k10ed/the-rules/core-rules/#Torrent"">torrent</a>",12,Ranged,D6,N/A,5,0,1
4075,Ministorum hand flamer,"<a href=""/wh40k10ed/the-rules/core-rules/#Ignores-Cover"">ignores cover</a>, <a href=""/wh40k10ed/the-rules/core-rules/#Pistol"">pistol</a>, <a href=""/wh40k10ed/the-rules/core-rules/#Torrent"">torrent</a>",12,Ranged,D6,N/A,4,0,1
4075,Plasma gun – standard,"<a href=""/wh40k10ed/the-rules/core-rules/#Rapid-Fire"">rapid fire 1</a>",24,Ranged,1,4,7,-2,1
4075,Plasma gun – supercharge,"<a href=""/wh40k10ed/the-rules/core-rules/#Hazardous"">hazardous</a>, <a href=""/wh40k10ed/the-rules/core-rules/#Rapid-Fire"">rapid fire 1</a>",24,Ranged,1,4,8,-3,2
4075,Burning hands,"<a href=""/wh40k10ed/the-rules/core-rules/#Devastating-Wounds"">devastating wounds</a>",Melee,Melee,1,2,6,-2,3
4075,Close combat weapon,,Melee,Melee,2,3,3,0,1
4075,Death Cult blades,"<a href=""/wh40k10ed/the-rules/core-rules/#Precision"">precision</a>",Melee,Melee,4,2,4,-2,1
4075,Sanctifier melee weapon,,Melee,Melee,3,3,3,0,1
4076,Autopistol,"<a href=""/wh40k10ed/the-rules/core-rules/#Pistol"">pistol</a>",12,Ranged,1,4,3,0,1
4076,Blood harpoon,"<a href=""/wh40k10ed/the-rules/core-rules/#Assault"">assault</a>, <a href=""/wh40k10ed/the-rules/core-rules/#Sustained-Hits"">sustained hits d3</a>",18,Ranged,1,4,5,-1,2
4076,Chainblade,"<a href=""/wh40k10ed/the-rules/core-rules/#Lance"">lance</a>",Melee,Melee,3,4,3,0,1
4076,Close combat weapon,,Melee,Melee,2,4,3,0,1
4077,Malefic lash,"<a href=""/wh40k10ed/the-rules/core-rules/#Sustained-Hits"">sustained hits 1</a>",12,Ranged,6,2,8,-2,2
4077,Daemonic blades – strike,"<a href=""/wh40k10ed/the-rules/core-rules/#Sustained-Hits"">sustained hits 1</a>",Melee,Melee,6,2,14,-3,D6+1
4077,Daemonic blades – sweep,"<a href=""/wh40k10ed/the-rules/core-rules/#Sustained-Hits"">sustained hits 1</a>",Melee,Melee,12,2,8,-2,2
4077,Serpentine tail,"<a href=""/wh40k10ed/the-rules/core-rules/#Extra-Attacks"">extra attacks</a>",Melee,Melee,6,2,6,-1,1
4078,Bolt pistol,"<a href=""/wh40k10ed/the-rules/core-rules/#Pistol"">pistol</a>",12,Ranged,1,2,4,0,1
4078,Plasma pistol - standard,"<a href=""/wh40k10ed/the-rules/core-rules/#Pistol"">pistol</a>",12,Ranged,1,2,7,-2,1
4078,Plasma pistol - supercharge,"<a href=""/wh40k10ed/the-rules/core-rules/#Hazardous"">hazardous</a>, <a href=""/wh40k10ed/the-rules/core-rules/#Pistol"">pistol</a>",12,Ranged,1,2,8,-3,2
4078,Screamer pistol,"<a href=""/wh40k10ed/the-rules/core-rules/#Ignores-Cover"">ignores cover</a>, <a href=""/wh40k10ed/the-rules/core-rules/#Pistol"">pistol</a>",12,Ranged,3,2,5,-1,2
4078,Close combat weapon,,Melee,Melee,6,2,4,0,1
4078,Master-crafted power sword,"<a href=""/wh40k10ed/the-rules/core-rules/#Precision"">precision</a>",Melee,Melee,5,2,5,-2,2
4078,Phoenix power spear,"<a href=""/wh40k10ed/the-rules/core-rules/#Lance"">lance</a>",Melee,Melee,5,2,7,-2,2
4078,Power fist,,Melee,Melee,5,2,8,-2,2
4078,Rapture lash,"<a href=""/wh40k10ed/the-rules/core-rules/#Extra-Attacks"">extra attacks</a>",Melee,Melee,4,2,4,-1,1
4079,Bolt pistol,"<a href=""/wh40k10ed/the-rules/core-rules/#Pistol"">pistol</a>, <a href=""/wh40k10ed/the-rules/core-rules/#Precision"">precision</a>",12,Ranged,1,3,4,0,1
4079,Boltgun,"<a href=""/wh40k10ed/the-rules/core-rules/#Precision"">precision</a>",24,Ranged,2,3,4,0,1
4079,Meltagun,"<a href=""/wh40k10ed/the-rules/core-rules/#Melta"">melta 2</a>, <a href=""/wh40k10ed/the-rules/core-rules/#Precision"">precision</a>",12,Ranged,1,3,9,-4,D6
4079,Plasma gun - standard,"<a href=""/wh40k10ed/the-rules/core-rules/#Precision"">precision</a>, <a href=""/wh40k10ed/the-rules/core-rules/#Rapid-Fire"">rapid fire 1</a>",24,Ranged,1,3,7,-2,1
4079,Plasma gun - supercharge,"<a href=""/wh40k10ed/the-rules/core-rules/#Hazardous"">hazardous</a>, <a href=""/wh40k10ed/the-rules/core-rules/#Precision"">precision</a>, <a href=""/wh40k10ed/the-rules/core-rules/#Rapid-Fire"">rapid fire 1</a>",24,Ranged,1,3,8,-3,2
4079,Plasma pistol - standard,"<a href=""/wh40k10ed/the-rules/core-rules/#Pistol"">pistol</a>, <a href=""/wh40k10ed/the-rules/core-rules/#Precision"">precision</a>",12,Ranged,1,3,7,-2,1
4079,Plasma pistol - supercharge,"<a href=""/wh40k10ed/the-rules/core-rules/#Hazardous"">hazardous</a>, <a href=""/wh40k10ed/the-rules/core-rules/#Pistol"">pistol</a>, <a href=""/wh40k10ed/the-rules/core-rules/#Precision"">precision</a>",12,Ranged,1,3,8,-3,2
4079,Close combat weapon,,Melee,Melee,3,3,4,0,1
4079,Power sword,,Melee,Melee,4,3,5,-2,1
4079,Rapture lash,,Melee,Melee,6,3,4,-1,1
4080,Bolt pistol,"<a href=""/wh40k10ed/the-rules/core-rules/#Pistol"">pistol</a>",12,Ranged,1,3,4,0,1
4080,Plasma pistol - standard,"<a href=""/wh40k10ed/the-rules/core-rules/#Pistol"">pistol</a>",12,Ranged,1,3,7,-2,1
4080,Plasma pistol - supercharge,"<a href=""/wh40k10ed/the-rules/core-rules/#Hazardous"">hazardous</a>, <a href=""/wh40k10ed/the-rules/core-rules/#Pistol"">pistol</a>",12,Ranged,1,3,8,-3,2
4080,Duelling sabre,"<a href=""/wh40k10ed/the-rules/core-rules/#Precision"">precision</a>",Melee,Melee,4,3,4,-1,1
4080,Power sword,"<a href=""/wh40k10ed/the-rules/core-rules/#Precision"">precision</a>",Melee,Melee,4,3,5,-2,1
4080,Rapture lash,"<a href=""/wh40k10ed/the-rules/core-rules/#Precision"">precision</a>",Melee,Melee,6,3,4,-1,1
4081,Combi-bolter,"<a href=""/wh40k10ed/the-rules/core-rules/#Rapid-Fire"">rapid fire 2</a>",24,Ranged,2,3,4,0,1
4081,Combi-weapon,"<a href=""/wh40k10ed/the-rules/core-rules/#Anti"">anti-infantry 4+</a>, <a href=""/wh40k10ed/the-rules/core-rules/#Devastating-Wounds"">devastating wounds</a>, <a href=""/wh40k10ed/the-rules/core-rules/#Rapid-Fire"">rapid fire 1</a>",24,Ranged,1,4,4,0,1
4081,Heavy flamer,"<a href=""/wh40k10ed/the-rules/core-rules/#Ignores-Cover"">ignores cover</a>, <a href=""/wh40k10ed/the-rules/core-rules/#Torrent"">torrent</a>",12,Ranged,D6,N/A,5,-1,1
4081,Reaper autocannon,"<a href=""/wh40k10ed/the-rules/core-rules/#Devastating-Wounds"">devastating wounds</a>, <a href=""/wh40k10ed/the-rules/core-rules/#Sustained-Hits"">sustained hits 1</a>",36,Ranged,4,3,7,-1,1
4081,Accursed weapon,,Melee,Melee,4,3,5,-2,1
4081,Chainfist,"<a href=""/wh40k10ed/the-rules/core-rules/#Anti"">anti-vehicle 3+</a>",Melee,Melee,3,4,8,-2,2
4081,Paired accursed weapons,"<a href=""/wh40k10ed/the-rules/core-rules/#Twin-linked"">twin-linked</a>",Melee,Melee,5,3,5,-2,1
4081,Power fist,,Melee,Melee,3,3,8,-2,2
4082,Combi-bolter,"<a href=""/wh40k10ed/the-rules/core-rules/#Rapid-Fire"">rapid fire 2</a>",24,Ranged,2,3,4,0,1
4082,Combi-weapon,"<a href=""/wh40k10ed/the-rules/core-rules/#Anti"">anti-infantry 4+</a>, <a href=""/wh40k10ed/the-rules/core-rules/#Devastating-Wounds"">devastating wounds</a>, <a href=""/wh40k10ed/the-rules/core-rules/#Rapid-Fire"">rapid fire 1</a>",24,Ranged,1,4,4,0,1
4082,Havoc launcher,"<a href=""/wh40k10ed/the-rules/core-rules/#Blast"">blast</a>",48,Ranged,D6,3,5,0,1
4082,Soulshatter lascannon,,48,Ranged,2,3,12,-3,D6+1
4082,Twin heavy bolter,"<a href=""/wh40k10ed/the-rules/core-rules/#Sustained-Hits"">sustained hits 1</a>, <a href=""/wh40k10ed/the-rules/core-rules/#Twin-linked"">twin-linked</a>",36,Ranged,3,3,5,-1,2
4082,Armoured tracks,,Melee,Melee,6,4,8,0,1
4083,Blade of the Laer,"<a href=""/wh40k10ed/the-rules/core-rules/#Precision"">precision</a>",Melee,Melee,6,2,8,-3,3
4083,Lash of Torment,"<a href=""/wh40k10ed/the-rules/core-rules/#Sustained-Hits"">sustained hits 1</a>",Melee,Melee,10,2,4,-1,1
4084,Screamer pistol,"<a href=""/wh40k10ed/the-rules/core-rules/#Ignores-Cover"">ignores cover</a>, <a href=""/wh40k10ed/the-rules/core-rules/#Pistol"">pistol</a>",12,Ranged,3,2,5,-1,2
4084,Close combat weapon,,Melee,Melee,6,2,4,0,1
4084,Power sword,,Melee,Melee,6,2,5,-2,1
4085,Agonising Energies – witchfire,"<a href=""/wh40k10ed/the-rules/core-rules/#Psychic-Weapons-and-Abilities"">psychic</a>",18,Ranged,D6,3,5,-1,D3
4085,Agonising Energies – focused witchfire,"<a href=""/wh40k10ed/the-rules/core-rules/#Devastating-Wounds"">devastating wounds</a>, <a href=""/wh40k10ed/the-rules/core-rules/#Hazardous"">hazardous</a>, <a href=""/wh40k10ed/the-rules/core-rules/#Psychic-Weapons-and-Abilities"">psychic</a>",18,Ranged,D6,3,6,-2,D3
4085,Bolt pistol,"<a href=""/wh40k10ed/the-rules/core-rules/#Pistol"">pistol</a>",12,Ranged,1,3,4,0,1
4085,Force weapon,"<a href=""/wh40k10ed/the-rules/core-rules/#Psychic-Weapons-and-Abilities"">psychic</a>",Melee,Melee,4,3,6,-2,D3
4086,Infernal cannon,,24,Ranged,3,2,5,-1,2
4086,Hellforged weapons – strike,,Melee,Melee,6,2,8,-2,3
4086,Hellforged weapons – sweep,,Melee,Melee,14,2,6,0,1
4087,Infernal cannon,,24,Ranged,3,2,5,-1,2
4087,Hellforged weapons – strike,,Melee,Melee,6,2,8,-2,3
4087,Hellforged weapons – sweep,,Melee,Melee,14,2,6,0,1
4088,Blastmaster – single frequency,"<a href=""/wh40k10ed/the-rules/core-rules/#Ignores-Cover"">ignores cover</a>",18,Ranged,3,3,10,-2,3
4088,Blastmaster – varied frequency,"<a href=""/wh40k10ed/the-rules/core-rules/#Ignores-Cover"">ignores cover</a>",18,Ranged,6,3,6,-2,1
4088,Screamer pistol,"<a href=""/wh40k10ed/the-rules/core-rules/#Ignores-Cover"">ignores cover</a>, <a href=""/wh40k10ed/the-rules/core-rules/#Pistol"">pistol</a>",12,Ranged,3,3,5,-1,2
4088,Sonic blaster,"<a href=""/wh40k10ed/the-rules/core-rules/#Ignores-Cover"">ignores cover</a>",18,Ranged,3,3,5,-1,2
4088,Close combat weapon,,Melee,Melee,3,3,4,0,1
4088,Power sword,,Melee,Melee,4,3,5,-2,1
4089,Bolt pistol,"<a href=""/wh40k10ed/the-rules/core-rules/#Pistol"">pistol</a>",12,Ranged,1,3,4,0,1
4089,Blissblade,,Melee,Melee,4,2,6,-3,2
4090,Hideous mutations,,Melee,Melee,D6+2,4,5,-1,2
4091,Magma cutters,"<a href=""/wh40k10ed/the-rules/core-rules/#Melta"">melta 2</a>",6,Ranged,2,3,9,-4,D6
4091,Lasher tendrils,"<a href=""/wh40k10ed/the-rules/core-rules/#Extra-Attacks"">extra attacks</a>",Melee,Melee,6,3,7,-1,1
4091,Maulerfiend fists,,Melee,Melee,6,3,14,-2,D6+1
4092,Baleflamer,"<a href=""/wh40k10ed/the-rules/core-rules/#Ignores-Cover"">ignores cover</a>, <a href=""/wh40k10ed/the-rules/core-rules/#Torrent"">torrent</a>",12,Ranged,D6+3,N/A,6,-1,2
4092,Hades autocannon,,36,Ranged,6,3,8,-1,2
4092,Heldrake claws,"<a href=""/wh40k10ed/the-rules/core-rules/#Anti"">anti-fly 2+</a>, <a href=""/wh40k10ed/the-rules/core-rules/#Devastating-Wounds"">devastating wounds</a>",Melee,Melee,5,3,7,-1,2
4093,Combi-bolter,"<a href=""/wh40k10ed/the-rules/core-rules/#Rapid-Fire"">rapid fire 2</a>",24,Ranged,2,3,4,0,1
4093,Combi-weapon,"<a href=""/wh40k10ed/the-rules/core-rules/#Anti"">anti-infantry 4+</a>, <a href=""/wh40k10ed/the-rules/core-rules/#Devastating-Wounds"">devastating wounds</a>, <a href=""/wh40k10ed/the-rules/core-rules/#Rapid-Fire"">rapid fire 1</a>",24,Ranged,1,4,4,0,1
4093,Havoc launcher,"<a href=""/wh40k10ed/the-rules/core-rules/#Blast"">blast</a>",48,Ranged,D6,3,5,0,1
4093,Armoured tracks,,Melee,Melee,3,4,6,0,1
4094,Lash of Slaanesh,"<a href=""/wh40k10ed/the-rules/core-rules/#Assault"">assault</a>",12,Ranged,6,2,6,-1,2
4094,Pavane of Slaanesh – witchfire,"<a href=""/wh40k10ed/the-rules/core-rules/#Devastating-Wounds"">devastating wounds</a>, <a href=""/wh40k10ed/the-rules/core-rules/#Psychic-Weapons-and-Abilities"">psychic</a>",18,Ranged,D6,2,9,-1,D3
4094,Pavane of Slaanesh – focused witchfire,"<a href=""/wh40k10ed/the-rules/core-rules/#Hazardous"">hazardous</a>, <a href=""/wh40k10ed/the-rules/core-rules/#Devastating-Wounds"">devastating wounds</a>, <a href=""/wh40k10ed/the-rules/core-rules/#Psychic-Weapons-and-Abilities"">psychic</a>, <a href=""/wh40k10ed/the-rules/core-rules/#Sustained-Hits"">sustained hits 3</a>",18,Ranged,D6,2,9,-2,D3
4094,Snapping claws,"<a href=""/wh40k10ed/the-rules/core-rules/#Devastating-Wounds"">devastating wounds</a>, <a href=""/wh40k10ed/the-rules/core-rules/#Extra-Attacks"">extra attacks</a>",Melee,Melee,4,2,6,-2,3
4094,Soulpiercer,"<a href=""/wh40k10ed/the-rules/core-rules/#Precision"">precision</a>",Melee,Melee,6,2,12,-3,D6+2
4095,Slashing claws,"<a href=""/wh40k10ed/the-rules/core-rules/#Devastating-Wounds"">devastating wounds</a>",Melee,Melee,3,3,4,-1,1
4096,Barbed tail and dissecting claws,"<a href=""/wh40k10ed/the-rules/core-rules/#Devastating-Wounds"">devastating wounds</a>",Melee,Melee,5,3,5,-2,2
4097,Living whip,"<a href=""/wh40k10ed/the-rules/core-rules/#Assault"">assault</a>",12,Ranged,6,2,6,-1,2
4097,Phantasmagoria – witchfire,"<a href=""/wh40k10ed/the-rules/core-rules/#Devastating-Wounds"">devastating wounds</a>, <a href=""/wh40k10ed/the-rules/core-rules/#Psychic-Weapons-and-Abilities"">psychic</a>",18,Ranged,6,2,6,-2,1
4097,Phantasmagoria – focused witchfire,"<a href=""/wh40k10ed/the-rules/core-rules/#Devastating-Wounds"">devastating wounds</a>, <a href=""/wh40k10ed/the-rules/core-rules/#Hazardous"">hazardous</a>, <a href=""/wh40k10ed/the-rules/core-rules/#Psychic-Weapons-and-Abilities"">psychic</a>",18,Ranged,9,2,6,-2,1
4097,Ritual knife,"<a href=""/wh40k10ed/the-rules/core-rules/#Extra-Attacks"">extra attacks</a>",Melee,Melee,3,2,6,-2,2
4097,Snapping claws,"<a href=""/wh40k10ed/the-rules/core-rules/#Devastating-Wounds"">devastating wounds</a>, <a href=""/wh40k10ed/the-rules/core-rules/#Extra-Attacks"">extra attacks</a>",Melee,Melee,4,2,6,-2,3
4097,Witstealer sword,,Melee,Melee,6,2,8,-2,3
4098,Lashing tongue,"<a href=""/wh40k10ed/the-rules/core-rules/#Extra-Attacks"">extra attacks</a>, <a href=""/wh40k10ed/the-rules/core-rules/#Lethal-Hits"">lethal hits</a>",Melee,Melee,2,4,4,0,1
4098,Slashing claws,"<a href=""/wh40k10ed/the-rules/core-rules/#Devastating-Wounds"">devastating wounds</a>",Melee,Melee,3,3,4,-1,1
4100,Lashes of torment,"<a href=""/wh40k10ed/the-rules/core-rules/#Anti"">anti-infantry 3+</a>, <a href=""/wh40k10ed/the-rules/core-rules/#Assault"">assault</a>, <a href=""/wh40k10ed/the-rules/core-rules/#Pistol"">pistol</a>",12,Ranged,6,2,4,-1,2
4100,Lashes of torment,"<a href=""/wh40k10ed/the-rules/core-rules/#Anti"">anti-infantry 3+</a>, <a href=""/wh40k10ed/the-rules/core-rules/#Extra-Attacks"">extra attacks</a>",Melee,Melee,6,2,4,-1,2
4100,Seeker tongues,"<a href=""/wh40k10ed/the-rules/core-rules/#Extra-Attacks"">extra attacks</a>, <a href=""/wh40k10ed/the-rules/core-rules/#Lethal-Hits"">lethal hits</a>",Melee,Melee,4,4,4,0,1
4100,Slashing claws,"<a href=""/wh40k10ed/the-rules/core-rules/#Devastating-Wounds"">devastating wounds</a>",Melee,Melee,8,3,4,-1,1
4101,Lashes of torment,"<a href=""/wh40k10ed/the-rules/core-rules/#Anti"">anti-infantry 3+</a>, <a href=""/wh40k10ed/the-rules/core-rules/#Assault"">assault</a>, <a href=""/wh40k10ed/the-rules/core-rules/#Pistol"">pistol</a>",6,Ranged,6,3,4,0,1
4101,Bladed axle,"<a href=""/wh40k10ed/the-rules/core-rules/#Extra-Attacks"">extra attacks</a>",Melee,Melee,6,3,6,-1,2
4101,Seeker tongues,"<a href=""/wh40k10ed/the-rules/core-rules/#Extra-Attacks"">extra attacks</a>, <a href=""/wh40k10ed/the-rules/core-rules/#Lethal-Hits"">lethal hits</a>",Melee,Melee,4,4,4,0,1
4101,Slashing claws,"<a href=""/wh40k10ed/the-rules/core-rules/#Devastating-Wounds"">devastating wounds</a>",Melee,Melee,9,3,4,0,1
4102,Soul-rending fangs,"<a href=""/wh40k10ed/the-rules/core-rules/#Precision"">precision</a>",Melee,Melee,6,2,6,-1,2
4103,Lacerator and daemonic claw,,Melee,Melee,6,2,10,-2,2
4104,Bellow of endless fury,"<a href=""/wh40k10ed/the-rules/core-rules/#Ignores-Cover"">ignores cover</a>, <a href=""/wh40k10ed/the-rules/core-rules/#Torrent"">torrent</a>",12,Ranged,2D6,N/A,8,-1,1
4104,Slaughter and Carnage – strike,,Melee,Melee,8,2,16,-4,6
4104,Slaughter and Carnage – sweep,,Melee,Melee,16,2,8,-2,2
4105,Bloodflail,"<a href=""/wh40k10ed/the-rules/core-rules/#Devastating-Wounds"">devastating wounds</a>",12,Ranged,1,2,16,-3,D6+1
4105,Hellfire breath,"<a href=""/wh40k10ed/the-rules/core-rules/#Ignores-Cover"">ignores cover</a>, <a href=""/wh40k10ed/the-rules/core-rules/#Torrent"">torrent</a>",12,Ranged,D6,N/A,5,-1,1
4105,Lash of Khorne,,12,Ranged,9,2,8,-1,2
4105,Axe of Khorne – strike,,Melee,Melee,8,2,14,-4,D3+1
4105,Axe of Khorne – sweep,,Melee,Melee,16,2,8,-2,1
4105,Great axe of Khorne – strike,,Melee,Melee,7,2,16,-4,D6+2
4105,Great axe of Khorne – sweep,,Melee,Melee,14,2,10,-2,2
4106,Hellblade,,Melee,Melee,2,3,5,-2,2
4107,Hellblade,,Melee,Melee,2,3,5,-2,2
4107,Bladed horn,"<a href=""/wh40k10ed/the-rules/core-rules/#Extra-Attacks"">extra attacks</a>, <a href=""/wh40k10ed/the-rules/core-rules/#Lance"">lance</a>",Melee,Melee,4,4,6,-1,1
4108,Burning roar,"<a href=""/wh40k10ed/the-rules/core-rules/#Ignores-Cover"">ignores cover</a>, <a href=""/wh40k10ed/the-rules/core-rules/#Torrent"">torrent</a>",12,Ranged,D6,N/A,4,0,1
4108,Gore-drenched fangs,,Melee,Melee,3,3,5,-1,1
4109,Plasma pistol – standard,"<a href=""/wh40k10ed/the-rules/core-rules/#Pistol"">pistol</a>",12,Ranged,1,2,7,-2,1
4109,Plasma pistol – supercharge,"<a href=""/wh40k10ed/the-rules/core-rules/#Hazardous"">hazardous</a>, <a href=""/wh40k10ed/the-rules/core-rules/#Pistol"">pistol</a>",12,Ranged,1,2,8,-3,2
4109,Great plague blade,"<a href=""/wh40k10ed/the-rules/core-rules/#Devastating-Wounds"">devastating wounds</a>, <a href=""/wh40k10ed/the-rules/core-rules/#Lethal-Hits"">lethal Hits</a>",Melee,Melee,6,2,8,-2,2
4110,Heavy blight launcher,"<a href=""/wh40k10ed/the-rules/core-rules/#Blast"">blast</a>, <a href=""/wh40k10ed/the-rules/core-rules/#Lethal-Hits"">lethal hits</a>",36,Ranged,D6+2,3,10,-2,3
4110,Plague probe,"<a href=""/wh40k10ed/the-rules/core-rules/#Lethal-Hits"">lethal hits</a>",Melee,Melee,3,3,6,-1,1
4111,Streams of brackish filth,"<a href=""/wh40k10ed/the-rules/core-rules/#Devastating-Wounds"">devastating wounds</a>, <a href=""/wh40k10ed/the-rules/core-rules/#Ignores-Cover"">ignores cover</a>, <a href=""/wh40k10ed/the-rules/core-rules/#Torrent"">torrent</a>",12,Ranged,2D6,N/A,8,-2,1
4111,Gnarlrod – strike,"<a href=""/wh40k10ed/the-rules/core-rules/#Lethal-Hits"">lethal hits</a>, <a href=""/wh40k10ed/the-rules/core-rules/#Psychic-Weapons-and-Abilities"">psychic</a>",Melee,Melee,7,2,10,-3,3
4111,Gnarlrod – sweep,"<a href=""/wh40k10ed/the-rules/core-rules/#Lethal-Hits"">lethal hits</a>, <a href=""/wh40k10ed/the-rules/core-rules/#Psychic-Weapons-and-Abilities"">psychic</a>",Melee,Melee,14,2,8,-1,1
4112,Plague flail,,6,Ranged,D6+1,3,7,-2,2
4112,Putrid vomit,"<a href=""/wh40k10ed/the-rules/core-rules/#Ignores-Cover"">ignores cover</a>, <a href=""/wh40k10ed/the-rules/core-rules/#Torrent"">torrent</a>",12,Ranged,D6+3,N/A,5,-2,1
4112,Bileblade,"<a href=""/wh40k10ed/the-rules/core-rules/#Extra-Attacks"">extra attacks</a>, <a href=""/wh40k10ed/the-rules/core-rules/#Lethal-Hits"">lethal hits</a>",Melee,Melee,3,2,6,-2,2
4112,Bilesword – strike,"<a href=""/wh40k10ed/the-rules/core-rules/#Lethal-Hits"">lethal hits</a>",Melee,Melee,6,2,10,-2,D6+1
4112,Bilesword – sweep,"<a href=""/wh40k10ed/the-rules/core-rules/#Lethal-Hits"">lethal hits</a>",Melee,Melee,12,2,7,-1,1
4112,Doomsday bell,"<a href=""/wh40k10ed/the-rules/core-rules/#Lethal-Hits"">lethal hits</a>, Reverberating summons",Melee,Melee,6,2,7,-1,2
4113,Plaguesword,"<a href=""/wh40k10ed/the-rules/core-rules/#Lethal-Hits"">lethal hits</a>",Melee,Melee,2,3,4,-1,1
4114,Death’s heads,"<a href=""/wh40k10ed/the-rules/core-rules/#Blast"">blast</a>, <a href=""/wh40k10ed/the-rules/core-rules/#Lethal-Hits"">lethal hits</a>",12,Ranged,D3,4,4,0,1
4114,Foul mouthparts,"<a href=""/wh40k10ed/the-rules/core-rules/#Extra-Attacks"">extra attacks</a>, <a href=""/wh40k10ed/the-rules/core-rules/#Lethal-Hits"">lethal hits</a>",Melee,Melee,2,4,5,-1,2
4114,Plaguesword,"<a href=""/wh40k10ed/the-rules/core-rules/#Lethal-Hits"">lethal hits</a>",Melee,Melee,2,3,4,-1,1
4115,Putrid appendages,"<a href=""/wh40k10ed/the-rules/core-rules/#Devastating-Wounds"">devastating wounds</a>",Melee,Melee,6,4,6,-1,2
4116,Diseased claws and teeth,"<a href=""/wh40k10ed/the-rules/core-rules/#Lethal-Hits"">lethal hits</a>",Melee,Melee,4,5,2,0,1
4117,Venom bolt,"<a href=""/wh40k10ed/the-rules/core-rules/#Assault"">assault</a>, <a href=""/wh40k10ed/the-rules/core-rules/#Ignores-Cover"">ignores cover</a>, <a href=""/wh40k10ed/the-rules/core-rules/#Torrent"">torrent</a>",12,Ranged,D6+3,N/A,6,-1,1
4117,Prime claws and talons,"<a href=""/wh40k10ed/the-rules/core-rules/#Anti"">anti-monster 5+</a>, <a href=""/wh40k10ed/the-rules/core-rules/#Anti"">anti-vehicle 5+</a>, <a href=""/wh40k10ed/the-rules/core-rules/#Twin-linked"">twin-linked</a>",Melee,Melee,6,3,5,-2,2
4117,Ravener heavy claws and talons,"<a href=""/wh40k10ed/the-rules/core-rules/#Anti"">anti-monster 5+</a>, <a href=""/wh40k10ed/the-rules/core-rules/#Anti"">anti-vehicle 5+</a>, <a href=""/wh40k10ed/the-rules/core-rules/#Twin-linked"">twin-linked</a>",Melee,Melee,3,3,5,-2,2
4119,Heavy arc rifle,"<a href=""/wh40k10ed/the-rules/core-rules/#Anti"">anti-vehicle 4+</a>, <a href=""/wh40k10ed/the-rules/core-rules/#Rapid-Fire"">rapid fire 1</a>",30,Ranged,1,4,8,-2,3
4119,Heavy bolter,"<a href=""/wh40k10ed/the-rules/core-rules/#Heavy"">heavy</a>, <a href=""/wh40k10ed/the-rules/core-rules/#Sustained-Hits"">sustained hits 1</a>",36,Ranged,3,4,5,-1,2
4119,Incendine igniter,"<a href=""/wh40k10ed/the-rules/core-rules/#Ignores-Cover"">ignores cover</a>, <a href=""/wh40k10ed/the-rules/core-rules/#Torrent"">torrent</a>",12,Ranged,D6,N/A,3,0,1
4119,Mechanicus pistol,"<a href=""/wh40k10ed/the-rules/core-rules/#Devastating-Wounds"">devastating wounds</a>, <a href=""/wh40k10ed/the-rules/core-rules/#Pistol"">pistol</a>",12,Ranged,1,4,6,-1,1
4119,Meltagun,"<a href=""/wh40k10ed/the-rules/core-rules/#Melta"">melta 2</a>",12,Ranged,1,4,9,-4,D6
4119,Phosphor blaster,"<a href=""/wh40k10ed/the-rules/core-rules/#Ignores-Cover"">ignores cover</a>, <a href=""/wh40k10ed/the-rules/core-rules/#Rapid-Fire"">rapid fire 1</a>",24,Ranged,1,4,4,0,1
4119,Dataspikes,,Melee,Melee,4,4,4,0,1
4119,Servo-claw,,Melee,Melee,2,4,4,0,1
4120,Dark Blessing,"<a href=""/wh40k10ed/the-rules/core-rules/#Ignores-Cover"">ignores cover</a>, <a href=""/wh40k10ed/the-rules/core-rules/#Psychic-Weapons-and-Abilities"">psychic</a>, <a href=""/wh40k10ed/the-rules/core-rules/#Sustained-Hits"">sustained hits 1</a>",24,Ranged,9,2,4,-1,1
4120,Infernal cannon,,24,Ranged,3,2,5,-2,2
4120,Hellforged weapons – strike,"<a href=""/wh40k10ed/the-rules/core-rules/#Devastating-Wounds"">devastating wounds</a>, <a href=""/wh40k10ed/the-rules/core-rules/#Psychic-Weapons-and-Abilities"">psychic</a>",Melee,Melee,6,2,8,-2,3
4120,Hellforged weapons – sweep,"<a href=""/wh40k10ed/the-rules/core-rules/#Devastating-Wounds"">devastating wounds</a>, <a href=""/wh40k10ed/the-rules/core-rules/#Psychic-Weapons-and-Abilities"">psychic</a>",Melee,Melee,12,2,6,-1,1
4121,Heavy warpflamer,"<a href=""/wh40k10ed/the-rules/core-rules/#Ignores-Cover"">ignores cover</a>, <a href=""/wh40k10ed/the-rules/core-rules/#Torrent"">torrent</a>",12,Ranged,D6,N/A,5,-2,1
4121,Hellfyre missile rack,,36,Ranged,2,4,10,-2,3
4121,Pyreflux meltagun,"<a href=""/wh40k10ed/the-rules/core-rules/#Melta"">melta 2</a>",12,Ranged,1,4,10,-4,D6
4121,Warpflame projector,"<a href=""/wh40k10ed/the-rules/core-rules/#Ignores-Cover"">ignores cover</a>, <a href=""/wh40k10ed/the-rules/core-rules/#Torrent"">torrent</a>",12,Ranged,D3,N/A,3,-1,1
4121,Close combat weapon,,Melee,Melee,3,4,5,0,1
4121,Power claw,,Melee,Melee,3,4,10,-2,2
4122,Fatecaster greatbow,"<a href=""/wh40k10ed/the-rules/core-rules/#Ignores-Cover"">ignores cover</a>, <a href=""/wh40k10ed/the-rules/core-rules/#Lethal-Hits"">lethal hits</a>, <a href=""/wh40k10ed/the-rules/core-rules/#Precision"">precision</a>",30,Ranged,2,4,5,-2,2
4122,Close combat weapon,,Melee,Melee,2,4,4,0,1
4123,Infernal Gateway – witchfire,"<a href=""/wh40k10ed/the-rules/core-rules/#Blast"">blast</a>, <a href=""/wh40k10ed/the-rules/core-rules/#Indirect-Fire"">indirect fire</a>, <a href=""/wh40k10ed/the-rules/core-rules/#Psychic-Weapons-and-Abilities"">psychic</a>",24,Ranged,D6+3,2,9,-2,D3
4123,Infernal Gateway – focused witchfire,"<a href=""/wh40k10ed/the-rules/core-rules/#Blast"">blast</a>, <a href=""/wh40k10ed/the-rules/core-rules/#Indirect-Fire"">indirect fire</a>, <a href=""/wh40k10ed/the-rules/core-rules/#Hazardous"">hazardous</a>, <a href=""/wh40k10ed/the-rules/core-rules/#Psychic-Weapons-and-Abilities"">psychic</a>",24,Ranged,D3+6,2,9,-3,D3
4123,Staff of Tomorrow,"<a href=""/wh40k10ed/the-rules/core-rules/#Psychic-Weapons-and-Abilities"">psychic</a>",Melee,Melee,5,3,8,-2,2D3
4124,Rod of sorcery,"<a href=""/wh40k10ed/the-rules/core-rules/#Psychic-Weapons-and-Abilities"">psychic</a>",12,Ranged,6,2,8,-1,D3
4124,Bolt of Change – witchfire,"<a href=""/wh40k10ed/the-rules/core-rules/#Psychic-Weapons-and-Abilities"">psychic</a>",18,Ranged,9,2,9,-1,1
4124,Bolt of Change – focused witchfire,"<a href=""/wh40k10ed/the-rules/core-rules/#Hazardous"">hazardous</a>, <a href=""/wh40k10ed/the-rules/core-rules/#Psychic-Weapons-and-Abilities"">psychic</a>",18,Ranged,9,2,9,-2,D3
4124,Baleful sword,"<a href=""/wh40k10ed/the-rules/core-rules/#Extra-Attacks"">extra attacks</a>",Melee,Melee,3,3,7,-2,3
4124,Staff of Tzeentch,"<a href=""/wh40k10ed/the-rules/core-rules/#Psychic-Weapons-and-Abilities"">psychic</a>",Melee,Melee,5,3,6,-1,3
4125,Flickering flames,"<a href=""/wh40k10ed/the-rules/core-rules/#Ignores-Cover"">ignores cover</a>, <a href=""/wh40k10ed/the-rules/core-rules/#Psychic-Weapons-and-Abilities"">psychic</a>, <a href=""/wh40k10ed/the-rules/core-rules/#Torrent"">torrent</a>",12,Ranged,D6,N/A,4,-1,1
4125,Flamer mouths,,Melee,Melee,3,4,4,0,1
4126,Lamprey bite,"<a href=""/wh40k10ed/the-rules/core-rules/#Anti"">anti-monster 4+</a>, <a href=""/wh40k10ed/the-rules/core-rules/#Anti"">anti-vehicle 4+</a>",Melee,Melee,3,3,6,-2,2
4127,Coruscating blue flames,"<a href=""/wh40k10ed/the-rules/core-rules/#Pistol"">pistol</a>, <a href=""/wh40k10ed/the-rules/core-rules/#Psychic-Weapons-and-Abilities"">psychic</a>",18,Ranged,2,4,3,-1,1
4127,Coruscating pink flames,"<a href=""/wh40k10ed/the-rules/core-rules/#Pistol"">pistol</a>, <a href=""/wh40k10ed/the-rules/core-rules/#Psychic-Weapons-and-Abilities"">psychic</a>",18,Ranged,2,3,4,-1,1
4127,Coruscating yellow flames,"<a href=""/wh40k10ed/the-rules/core-rules/#Pistol"">pistol</a>, <a href=""/wh40k10ed/the-rules/core-rules/#Psychic-Weapons-and-Abilities"">psychic</a>",18,Ranged,2,5,2,-1,1
4127,Blue claws,,Melee,Melee,1,5,3,0,1
4127,Pink claws,,Melee,Melee,1,4,3,0,1
4127,Yellow claws,,Melee,Melee,2,5,2,0,1
4128,Coruscating blue flames,"<a href=""/wh40k10ed/the-rules/core-rules/#Pistol"">pistol</a>, <a href=""/wh40k10ed/the-rules/core-rules/#Psychic-Weapons-and-Abilities"">psychic</a>",18,Ranged,2,4,3,-1,1
4128,Coruscating yellow flames,"<a href=""/wh40k10ed/the-rules/core-rules/#Pistol"">pistol</a>, <a href=""/wh40k10ed/the-rules/core-rules/#Psychic-Weapons-and-Abilities"">psychic</a>",18,Ranged,2,5,2,-1,1
4128,Blue claws,,Melee,Melee,1,5,3,0,1
4128,Yellow claws,,Melee,Melee,2,5,2,0,1
4129,Absolvor bolt pistol,"<a href=""/wh40k10ed/the-rules/core-rules/#Pistol"">pistol</a>",18,Ranged,1,3,5,-1,2
4129,Crozius arcanum,,Melee,Melee,5,2,6,-1,2
4130,Master-crafted bolt carbine,,24,Ranged,2,3,4,0,2
4130,Master-crafted heavy bolt pistol,"<a href=""/wh40k10ed/the-rules/core-rules/#Pistol"">pistol</a>",18,Ranged,1,3,4,-1,2
4130,Plasma pistol – standard,"<a href=""/wh40k10ed/the-rules/core-rules/#Pistol"">pistol</a>",12,Ranged,1,3,7,-2,1
4130,Plasma pistol – supercharge,"<a href=""/wh40k10ed/the-rules/core-rules/#Hazardous"">hazardous</a>, <a href=""/wh40k10ed/the-rules/core-rules/#Pistol"">pistol</a>",12,Ranged,1,3,8,-3,2
4130,Master-crafted power weapon,,Melee,Melee,7,2,5,-2,2
4130,Thunder hammer,"<a href=""/wh40k10ed/the-rules/core-rules/#Devastating-Wounds"">devastating wounds</a>",Melee,Melee,5,3,8,-2,2
4131,Heavy bolt pistol,"<a href=""/wh40k10ed/the-rules/core-rules/#Pistol"">pistol</a>",18,Ranged,1,3,4,-1,1
4131,Master-crafted power weapon,,Melee,Melee,4,3,5,-2,2
4131,Paired master-crafted power weapons,,Melee,Melee,6,3,5,-2,2
4131,Teeth and claws,,Melee,Melee,3,4,4,0,1
4132,Stormfrag auto-launcher,"<a href=""/wh40k10ed/the-rules/core-rules/#Assault"">assault</a>, <a href=""/wh40k10ed/the-rules/core-rules/#Blast"">blast</a>",12,Ranged,D3,4,4,0,1
4132,Thunder hammer,"<a href=""/wh40k10ed/the-rules/core-rules/#Anti"">anti-monster 3+</a>,<a href=""/wh40k10ed/the-rules/core-rules/#Anti"">anti-vehicle 3+</a>",Melee,Melee,2,3,5,-2,3
4133,Heavy flamer,"<a href=""/wh40k10ed/the-rules/core-rules/#Ignores-Cover"">ignores cover</a>, <a href=""/wh40k10ed/the-rules/core-rules/#Torrent"">torrent</a>",12,Ranged,D6,N/A,5,-1,1
4133,Storm bolter,"<a href=""/wh40k10ed/the-rules/core-rules/#Rapid-Fire"">rapid fire 2</a>",24,Ranged,2,3,4,0,1
4133,Fenrisian greataxe – strike,,Melee,Melee,6,3,10,-2,D6+1
4133,Fenrisian greataxe – sweep,,Melee,Melee,12,3,6,-2,1
4133,Great wolf claw,,Melee,Melee,6,3,10,-3,3
4134,Darkflame lance,"<a href=""/wh40k10ed/the-rules/core-rules/#Ignores-Cover"">ignores cover</a>, <a href=""/wh40k10ed/the-rules/core-rules/#Torrent"">torrent</a>",18,Ranged,2D6,N/A,8,-1,2
4134,Terrorpulse missiles,"<a href=""/wh40k10ed/the-rules/core-rules/#Blast"">blast</a>",36,Ranged,2D6,3,8,-2,2
4134,Fellbore – strike,"<a href=""/wh40k10ed/the-rules/core-rules/#Anti"">anti-monster 2+</a>, <a href=""/wh40k10ed/the-rules/core-rules/#Anti"">anti-vehicle 2+</a>",Melee,Melee,4,3,14,-3,6
4134,Fellbore – sweep,,Melee,Melee,10,3,9,-2,2
4135,Absolvor bolt pistol,"<a href=""/wh40k10ed/the-rules/core-rules/#Pistol"">pistol</a>",18,Ranged,1,3,5,-1,2
4135,Pyre pistol,"<a href=""/wh40k10ed/the-rules/core-rules/#Ignores-Cover"">ignores cover</a>, <a href=""/wh40k10ed/the-rules/core-rules/#Pistol"">pistol</a>, <a href=""/wh40k10ed/the-rules/core-rules/#Torrent"">torrent</a>",12,Ranged,D6,N/A,4,0,1
4135,Crozius arcanum,,Melee,Melee,5,2,6,-1,2
4135,Master-crafted power weapon,"<a href=""/wh40k10ed/the-rules/core-rules/#Extra-Attacks"">extra attacks</a>, <a href=""/wh40k10ed/the-rules/core-rules/#Lethal-Hits"">lethal hits</a>",Melee,Melee,3,2,5,-2,2
4136,Bolt pistol,"<a href=""/wh40k10ed/the-rules/core-rules/#Pistol"">pistol</a>",12,Ranged,1,3,4,0,1
4136,Master-crafted power weapon,"<a href=""/wh40k10ed/the-rules/core-rules/#Lethal-Hits"">lethal hits</a>",Melee,Melee,5,2,5,-2,2
4137,Combi-weapon,"<a href=""/wh40k10ed/the-rules/core-rules/#Anti"">anti-infantry 4+</a>, <a href=""/wh40k10ed/the-rules/core-rules/#Devastating-Wounds"">devastating wounds</a>, <a href=""/wh40k10ed/the-rules/core-rules/#Rapid-Fire"">rapid fire 1</a>",24,Ranged,1,4,4,0,1
4137,Pyrecannon,"<a href=""/wh40k10ed/the-rules/core-rules/#Ignores-Cover"">ignores cover</a>,<a href=""/wh40k10ed/the-rules/core-rules/#Torrent"">torrent</a>",12,Ranged,D6+1,N/A,6,-1,1
4137,Sternguard bolt pistol,"<a href=""/wh40k10ed/the-rules/core-rules/#Devastating-Wounds"">devastating wounds</a>, <a href=""/wh40k10ed/the-rules/core-rules/#Pistol"">pistol</a>",12,Ranged,1,3,4,0,1
4137,Sternguard bolt rifle,"<a href=""/wh40k10ed/the-rules/core-rules/#Assault"">assault</a>, <a href=""/wh40k10ed/the-rules/core-rules/#Devastating-Wounds"">devastating wounds</a>, <a href=""/wh40k10ed/the-rules/core-rules/#Heavy"">heavy</a>, <a href=""/wh40k10ed/the-rules/core-rules/#Rapid-Fire"">rapid fire 1</a>",24,Ranged,2,3,4,-1,1
4137,Sternguard heavy bolter,"<a href=""/wh40k10ed/the-rules/core-rules/#Devastating-Wounds"">devastating wounds</a>, <a href=""/wh40k10ed/the-rules/core-rules/#Heavy"">heavy</a>, <a href=""/wh40k10ed/the-rules/core-rules/#Sustained-Hits"">sustained hits 1</a>",36,Ranged,3,4,5,-1,2
4137,Astartes chainsword,,Melee,Melee,4,3,4,-1,1
4137,Close combat weapon,,Melee,Melee,4,3,4,0,1
4137,Power fist,,Melee,Melee,3,3,8,-2,2
4137,Power weapon,,Melee,Melee,5,2,5,-2,1
4138,Assault cannon,"<a href=""/wh40k10ed/the-rules/core-rules/#Devastating-Wounds"">devastating wounds</a>",24,Ranged,6,3,6,0,1
4138,Cyclone missile launcher – frag,"<a href=""/wh40k10ed/the-rules/core-rules/#Blast"">blast</a>",36,Ranged,2D6,3,4,0,1
4138,Cyclone missile launcher – krak,,36,Ranged,2,3,9,-2,D6
4138,Heavy flamer,"<a href=""/wh40k10ed/the-rules/core-rules/#Ignores-Cover"">ignores cover</a>, <a href=""/wh40k10ed/the-rules/core-rules/#Torrent"">torrent</a>",12,Ranged,D6,N/A,5,-1,1
4138,Storm bolter,"<a href=""/wh40k10ed/the-rules/core-rules/#Rapid-Fire"">rapid fire 2</a>",24,Ranged,2,3,4,0,1
4138,Chainfist,"<a href=""/wh40k10ed/the-rules/core-rules/#Anti"">anti-vehicle 3+</a>",Melee,Melee,3,4,8,-2,2
4138,Power fist,,Melee,Melee,3,3,8,-2,2
4138,Power weapon,,Melee,Melee,4,3,5,-2,1
4139,Hunter-killer missile,one shot,48,Ranged,1,2,14,-3,D6
4139,Hurricane bolter,"<a href=""/wh40k10ed/the-rules/core-rules/#Rapid-Fire"">rapid fire 6</a>, <a href=""/wh40k10ed/the-rules/core-rules/#Twin-linked"">twin-linked</a>",24,Ranged,6,3,4,0,1
4139,Multi-melta,"<a href=""/wh40k10ed/the-rules/core-rules/#Melta"">melta 2</a>",18,Ranged,2,3,9,-4,D6
4139,Storm bolter,"<a href=""/wh40k10ed/the-rules/core-rules/#Rapid-Fire"">rapid fire 2</a>",24,Ranged,2,3,4,0,1
4139,Twin assault cannon,"<a href=""/wh40k10ed/the-rules/core-rules/#Devastating-Wounds"">devastating wounds</a>, <a href=""/wh40k10ed/the-rules/core-rules/#Twin-linked"">twin-linked</a>",24,Ranged,6,3,6,0,1
4139,Armoured tracks,,Melee,Melee,6,4,8,0,1
4140,Autoch-pattern bolt pistol,"<a href=""/wh40k10ed/the-rules/core-rules/#Pistol"">pistol</a>",12,Ranged,1,2,4,0,1
4140,Bane – strike,"<a href=""/wh40k10ed/the-rules/core-rules/#Precision"">precision</a>",Melee,Melee,5,2,12,-3,3
4140,Bane – sweep,,Melee,Melee,10,2,6,-2,1
4141,Autoch-pattern bolt pistol,"<a href=""/wh40k10ed/the-rules/core-rules/#Pistol"">pistol</a>",12,Ranged,1,4,4,0,1
4141,Close combat weapon,,Melee,Melee,1,4,3,0,1
4142,Transmatter inverter – half charge,"<a href=""/wh40k10ed/the-rules/core-rules/#Rapid-Fire"">rapid fire 1</a>",12,Ranged,3,2,8,-1,1
4142,Transmatter inverter – full charge,"<a href=""/wh40k10ed/the-rules/core-rules/#Hazardous"">hazardous</a>, <a href=""/wh40k10ed/the-rules/core-rules/#Rapid-Fire"">rapid fire 2</a>",18,Ranged,3,2,8,-2,2
4142,Transmatter inverter – overcharge,"<a href=""/wh40k10ed/the-rules/core-rules/#Hazardous"">hazardous</a>, overcharge, <a href=""/wh40k10ed/the-rules/core-rules/#Rapid-Fire"">rapid fire 3</a>",24,Ranged,3,2,8,-3,3
4142,Close combat weapon,,Melee,Melee,1,4,3,0,1
4143,Autoch-pattern bolter,"<a href=""/wh40k10ed/the-rules/core-rules/#Pistol"">pistol</a>",24,Ranged,2,4,4,0,1
4143,Heavy volkanite disintegrator,"<a href=""/wh40k10ed/the-rules/core-rules/#Devastating-Wounds"">devastating wounds</a>",24,Ranged,6,4,6,-1,1
4143,Plasma knife,,Melee,Melee,2,3,6,-2,1
4143,Plasma sword,"<a href=""/wh40k10ed/the-rules/core-rules/#Sustained-Hits"">sustained hits 1</a>",Melee,Melee,6,3,6,-2,1
4144,Autoch-pattern bolter,"<a href=""/wh40k10ed/the-rules/core-rules/#Pistol"">pistol</a>",24,Ranged,2,4,4,0,1
4144,Concussion gauntlet,"<a href=""/wh40k10ed/the-rules/core-rules/#Lethal-Hits"">lethal hits</a>",Melee,Melee,3,4,10,-2,2
4144,Plasma sword,"<a href=""/wh40k10ed/the-rules/core-rules/#Sustained-Hits"">sustained hits 1</a>",Melee,Melee,6,3,6,-2,1
4145,Autoch-pattern bolt pistol,"<a href=""/wh40k10ed/the-rules/core-rules/#Pistol"">pistol</a>",12,Ranged,1,4,4,0,1
4145,Breacher ordnance,"<a href=""/wh40k10ed/the-rules/core-rules/#Blast"">blast</a>, <a href=""/wh40k10ed/the-rules/core-rules/#Heavy"">heavy</a>, <a href=""/wh40k10ed/the-rules/core-rules/#Indirect-Fire"">indirect fire</a>",24,Ranged,D6+1,5,10,-1,2
4145,Tremor shells,"<a href=""/wh40k10ed/the-rules/core-rules/#Blast"">blast</a>, <a href=""/wh40k10ed/the-rules/core-rules/#Heavy"">heavy</a>, <a href=""/wh40k10ed/the-rules/core-rules/#Indirect-Fire"">indirect fire</a>",36,Ranged,D6+4,5,6,-1,1
4145,Plasma picks,,Melee,Melee,4,3,5,-2,1
4146,HYLas rotary cannon,"<a href=""/wh40k10ed/the-rules/core-rules/#Sustained-Hits"">sustained hits 1</a>",24,Ranged,6,4,6,-1,2
4146,Magna-rail cannon,"<a href=""/wh40k10ed/the-rules/core-rules/#Devastating-Wounds"">devastating wounds</a>, <a href=""/wh40k10ed/the-rules/core-rules/#Heavy"">heavy</a>",24,Ranged,1,4,14,-4,D3+3
4146,Twin magna-coil autocannon,"<a href=""/wh40k10ed/the-rules/core-rules/#Twin-linked"">twin-linked</a>",24,Ranged,3,4,7,-1,2
4146,Armoured hull,,Melee,Melee,3,4,6,0,1
4147,Magna-coil autocannon,,24,Ranged,3,4,7,-1,2
4147,Twin magna-coil autocannon,"<a href=""/wh40k10ed/the-rules/core-rules/#Twin-linked"">twin-linked</a>",24,Ranged,3,4,7,-1,2
4147,Armoured hull,,Melee,Melee,3,4,6,0,1
4148,Heavy bolt pistol,"<a href=""/wh40k10ed/the-rules/core-rules/#Pistol"">pistol</a>",18,Ranged,1,2,4,-1,1
4148,Claws of Severax,"<a href=""/wh40k10ed/the-rules/core-rules/#Sustained-Hits"">sustained hits 2</a>, <a href=""/wh40k10ed/the-rules/core-rules/#Twin-linked"">twin-linked</a>",Melee,Melee,7,2,5,-2,2
4149,Conversion beam obliterator,"conversion, <a href=""/wh40k10ed/the-rules/core-rules/#Sustained-Hits"">sustained hits d3</a>",36,Ranged,3,3,12,-2,4
4149,Plasma executor – standard,"<a href=""/wh40k10ed/the-rules/core-rules/#Blast"">blast</a>",36,Ranged,D6+3,3,8,-2,2
4149,Plasma executor – supercharge,"<a href=""/wh40k10ed/the-rules/core-rules/#Blast"">blast</a>, <a href=""/wh40k10ed/the-rules/core-rules/#Hazardous"">hazardous</a>",36,Ranged,D6+3,3,9,-3,3
4149,Phosphor blaster,"<a href=""/wh40k10ed/the-rules/core-rules/#Ignores-Cover"">ignores cover</a>, <a href=""/wh40k10ed/the-rules/core-rules/#Rapid-Fire"">rapid fire 1</a>",24,Ranged,1,3,5,0,1
4149,Twin incendine combustor,"<a href=""/wh40k10ed/the-rules/core-rules/#Ignores-Cover"">ignores cover</a>, <a href=""/wh40k10ed/the-rules/core-rules/#Torrent"">torrent</a>, <a href=""/wh40k10ed/the-rules/core-rules/#Twin-linked"">twin-linked</a>",12,Ranged,D6,N/A,6,-1,1
4149,Titanic feet,,Melee,Melee,4,4,8,-1,2