datasheet_id,ability_id,type
1,8346,Core
1,3676,Faction
1,,Datasheet
1,,Datasheet
2,8346,Core
2,3676,Faction
2,,Datasheet
2,,Datasheet
3,8346,Core
3,3676,Faction
3,,Datasheet
3,,Datasheet
4,8339,Core
4,8346,Core
4,3676,Faction
4,,Datasheet
4,,Datasheet
6,8346,Core
6,3676,Faction
6,,Datasheet
6,,Datasheet
6,,Wargear
6,,Wargear
7,8346,Core
7,3676,Faction
7,,Wargear
7,,Datasheet
7,,Datasheet
8,8346,Core
8,3676,Faction
8,,Datasheet
8,,Datasheet
8,,Special (правая колонка)
9,8346,Core
9,3676,Faction
9,,Datasheet
9,,Datasheet
10,8343,Core
10,8338,Core
10,8346,Core
10,3676,Faction
10,,Datasheet
10,,Datasheet
11,8345,Core
11,8346,Core
11,8336,Core
11,8337,Core
11,3676,Faction
11,,Datasheet
11,,Datasheet
12,8346,Core
12,3676,Faction
12,,Datasheet
12,,Datasheet
13,8346,Core
13,3676,Faction
13,,Wargear
13,,Datasheet
13,,Datasheet
14,8346,Core
14,3676,Faction
14,,Datasheet
14,,Datasheet
15,8338,Core
15,8346,Core
15,3676,Faction
15,,Datasheet
15,,Datasheet
16,3676,Faction
16,,Datasheet
16,,Special (правая колонка)
17,3676,Faction
17,,Datasheet
17,,Datasheet
19,3676,Faction
19,,Datasheet
20,3676,Faction
20,,Datasheet
20,,Datasheet
20,,Wargear
20,,Fortification (левая колонка)
21,3676,Faction
21,,Datasheet
21,,Wargear
22,8346,Core
22,3676,Faction
22,,Datasheet
22,,Datasheet
23,3676,Faction
23,,Datasheet
23,,Special (правая колонка)
24,3676,Faction
24,,Datasheet
25,8345,Core
25,8337,Core
25,3676,Faction
25,,Wargear
25,,Wargear
25,,Datasheet
25,,Fortification (левая колонка)
26,8339,Core
26,8334,Core
26,3676,Faction
26,,Datasheet
27,8343,Core
27,3676,Faction
27,,Datasheet
28,8343,Core
28,3676,Faction
28,,Datasheet
29,8339,Core
29,3676,Faction
29,,Datasheet
30,8339,Core
30,3676,Faction
30,,Datasheet
31,8339,Core
31,3676,Faction
31,,Datasheet
32,8339,Core
32,3676,Faction
32,,Datasheet
32,,Wargear
33,3676,Faction
33,,Datasheet
34,3676,Faction
34,,Datasheet
34,,Special (правая колонка)
35,3676,Faction
35,,Datasheet
35,,Special (правая колонка)
36,3676,Faction
36,,Datasheet
36,,Special (правая колонка)
37,3676,Faction
37,,Datasheet
37,,Special (правая колонка)
38,3676,Faction
38,,Datasheet
38,,Wargear profile
39,8339,Core
39,8334,Core
39,3676,Faction
39,,Datasheet
39,,Wargear
40,8339,Core
40,3676,Faction
40,,Datasheet
40,,Wargear profile
41,8339,Core
41,3676,Faction
41,,Datasheet
42,8339,Core
42,3676,Faction
42,,Datasheet
42,,Datasheet
43,8339,Core
43,3676,Faction
43,,Datasheet
43,,Datasheet
44,3676,Faction
44,,Datasheet
45,3676,Faction
45,,Datasheet
45,,Wargear
46,8339,Core
46,3676,Faction
46,,Datasheet
46,,Datasheet
49,8339,Core
49,3676,Faction
49,,Datasheet
50,8339,Core
50,3676,Faction
50,,Datasheet
51,8339,Core
51,8334,Core
51,3676,Faction
51,,Datasheet
52,8339,Core
52,3676,Faction
52,,Datasheet
52,,Datasheet
53,8339,Core
53,3676,Faction
53,,Datasheet
54,8339,Core
54,8334,Core
54,3676,Faction
54,,Datasheet
55,8339,Core
55,8334,Core
55,3676,Faction
55,,Datasheet
56,8339,Core
56,3676,Faction
56,,Datasheet
57,8339,Core
57,8343,Core
57,8334,Core
57,3676,Faction
57,,Wargear
57,,Datasheet
59,8339,Core
59,8334,Core
59,3676,Faction
59,,Datasheet
59,,Datasheet
60,8346,Core
60,8350,Faction
60,,Datasheet
60,,Datasheet
61,8350,Faction
61,,Wargear
61,,Datasheet
63,8346,Core
63,8350,Faction
63,,Datasheet
63,,Datasheet
64,8343,Core
64,8350,Faction
64,,Wargear
64,,Datasheet
65,8339,Core
65,8350,Faction
65,,Datasheet
65,,Wargear profile
66,8339,Core
66,8350,Faction
66,,Datasheet
66,,Wargear profile
67,8339,Core
67,8350,Faction
67,,Datasheet
67,,Datasheet
67,,Wargear profile
68,8343,Core
68,8350,Faction
68,,Datasheet
70,8350,Faction
70,,Datasheet
71,8350,Faction
71,,Datasheet
72,8339,Core
72,8342,Core
72,8350,Faction
72,,Datasheet
73,8346,Core
73,8350,Faction
73,,Wargear
73,,Datasheet
73,,Datasheet
76,8338,Core
76,8345,Core
76,8336,Core
76,8337,Core
76,8350,Faction
76,,Datasheet
76,,Datasheet
76,,Special (правая колонка)
79,8343,Core
79,8346,Core
79,8350,Faction
79,,Datasheet
79,,Datasheet
81,8346,Core
81,8350,Faction
81,,Datasheet
81,,Datasheet
83,8343,Core
83,8346,Core
83,8350,Faction
83,,Datasheet
83,,Datasheet
83,,Wargear
84,8339,Core
84,8350,Faction
84,,Datasheet
85,8339,Core
85,8350,Faction
85,,Datasheet
85,,Datasheet
85,,Wargear profile
86,8350,Faction
86,,Datasheet
87,8339,Core
87,8343,Core
87,8350,Faction
87,,Datasheet
87,,Datasheet
87,,Datasheet
87,,Без заголовка
91,8339,Core
91,8350,Faction
91,,Datasheet
92,8339,Core
92,8350,Faction
92,,Datasheet
92,,Wargear profile
93,8339,Core
93,8350,Faction
93,,Datasheet
94,8346,Core
94,8350,Faction
94,,Datasheet
94,,Datasheet
95,8350,Faction
95,,Datasheet
95,,Datasheet
95,,Datasheet
95,,Fortification (левая колонка)
96,8339,Core
96,8350,Faction
96,,Datasheet
96,,Datasheet
96,,Wargear profile
97,8339,Core
97,8350,Faction
97,,Datasheet
97,,Datasheet
97,,Datasheet
98,8350,Faction
98,,Datasheet
99,8339,Core
99,,Datasheet
103,8350,Faction
103,,Datasheet
104,8343,Core
104,8350,Faction
104,,Datasheet
104,,Wargear
104,,Special (правая колонка)
107,8339,Core
107,8343,Core
107,8350,Faction
107,,Datasheet
107,,Wargear profile
110,8350,Faction
110,,Datasheet
111,8339,Core
111,8350,Faction
111,,Datasheet
112,8343,Core
112,8346,Core
112,8350,Faction
112,,Datasheet
112,,Datasheet
113,8339,Core
113,8342,Core
113,8350,Faction
113,,Datasheet
114,8339,Core
114,8343,Core
114,8350,Faction
114,,Datasheet
115,8343,Core
115,8346,Core
115,8350,Faction
115,,Datasheet
115,,Datasheet
115,,Wargear
116,8350,Faction
116,,Datasheet
116,,Special (правая колонка)
117,8339,Core
117,8350,Faction
117,,Datasheet
118,8343,Core
118,8350,Faction
118,,Datasheet
118,,Datasheet
118,,Wargear
119,8345,Core
119,8346,Core
119,8350,Faction
119,,Datasheet
119,,Datasheet
120,8339,Core
120,8350,Faction
120,,Datasheet
121,8346,Core
121,8350,Faction
121,,Datasheet
121,,Datasheet
122,8339,Core
122,8343,Core
122,8350,Faction
122,,Datasheet
123,8339,Core
123,8350,Faction
123,,Datasheet
123,,Wargear profile
124,8339,Core
124,8343,Core
124,8350,Faction
124,,Datasheet
125,8343,Core
125,8350,Faction
125,,Datasheet
126,8350,Faction
126,,Datasheet
127,8346,Core
127,8350,Faction
127,,Datasheet
127,,Datasheet
127,,Datasheet
127,,Fortification (левая колонка)
128,8345,Core
128,8350,Faction
128,,Datasheet
128,,Wargear
128,,Wargear
129,8339,Core
129,8350,Faction
129,,Datasheet
129,,Wargear profile
131,8339,Core
131,8350,Faction
131,,Datasheet
131,,Wargear profile
132,8339,Core
132,8334,Core
132,8350,Faction
132,,Datasheet
134,,Datasheet
134,,Special (правая колонка)
135,8343,Core
135,8346,Core
135,8350,Faction
135,,Datasheet
135,,Datasheet
136,8339,Core
136,8350,Faction
136,,Datasheet
137,8344,Core
137,8350,Faction
137,,Datasheet
138,8350,Faction
138,,Datasheet
138,,Datasheet
138,,Datasheet
138,,Special (правая колонка)
138,,Primarch
138,,Primarch
138,,Primarch
139,8339,Core
139,8342,Core
139,8350,Faction
139,,Wargear
139,,Datasheet
140,8346,Core
140,8350,Faction
140,,Datasheet
140,,Datasheet
140,,Datasheet
146,8339,Core
146,8350,Faction
146,,Datasheet
146,,Wargear profile
147,8343,Core
147,8350,Faction
147,,Datasheet
147,,Wargear
148,8346,Core
148,8350,Faction
148,,Datasheet
148,,Datasheet
151,8343,Core
151,8346,Core
151,8350,Faction
151,,Datasheet
151,,Datasheet
152,8346,Core
152,8350,Faction
152,,Datasheet
152,,Datasheet
152,,Special (правая колонка)
153,8346,Core
153,8338,Core
153,8350,Faction
153,,Datasheet
153,,Datasheet
153,,Datasheet
153,,Special (правая колонка)
154,8339,Core
154,8350,Faction
154,,Datasheet
154,,Datasheet
155,8338,Core
155,8340,Core
155,8336,Core
155,8350,Faction
155,,Datasheet
155,,Datasheet
156,8343,Core
156,8340,Core
156,8336,Core
156,8350,Faction
156,,Datasheet
156,,Datasheet
157,8343,Core
157,8346,Core
157,8350,Faction
157,,Datasheet
157,,Datasheet
158,8346,Core
158,8350,Faction
158,,Datasheet
158,,Datasheet
159,8346,Core
159,8350,Faction
159,,Datasheet
159,,Datasheet
160,8346,Core
160,8350,Faction
160,,Datasheet
160,,Datasheet
164,8343,Core
164,8338,Core
164,8346,Core
164,8350,Faction
164,,Datasheet
164,,Datasheet
165,8343,Core
165,8350,Faction
165,,Datasheet
165,,Datasheet
165,,Wargear
165,,Special (правая колонка)
166,8339,Core
166,8338,Core
166,8350,Faction
166,,Datasheet
166,,Datasheet
167,8339,Core
167,8350,Faction
167,,Datasheet
167,,Wargear
168,8339,Core
168,8350,Faction
168,,Datasheet
168,,Wargear profile
169,8346,Core
169,8350,Faction
169,,Datasheet
169,,Datasheet
169,,Fortification (левая колонка)
218,8346,Core
218,8350,Faction
218,,Wargear
218,,Datasheet
218,,Datasheet
219,8343,Core
219,8346,Core
219,8350,Faction
219,,Datasheet
219,,Datasheet
225,8346,Core
225,8350,Faction
225,,Datasheet
225,,Datasheet
226,8346,Core
226,8350,Faction
226,,Datasheet
226,,Datasheet
226,,Wargear
230,8343,Core
230,8350,Faction
230,,Datasheet
230,,Datasheet
230,,Special (правая колонка)
230,,Wargear
231,8343,Core
231,8350,Faction
231,,Datasheet
231,,Datasheet
231,,Wargear
231,,Special (правая колонка)
238,8339,Core
238,8350,Faction
238,,Datasheet
239,8339,Core
239,8342,Core
239,8350,Faction
239,,Datasheet
240,8339,Core
240,8342,Core
240,8350,Faction
240,,Datasheet
241,8350,Faction
241,,Datasheet
241,,Special (правая колонка)
242,8339,Core
242,8350,Faction
242,,Datasheet
243,8537,Faction
243,8339,Core
243,8334,Core
243,,Datasheet
243,,Datasheet
243,,Datasheet
243,,Fortification (левая колонка)
282,8343,Core
282,8346,Core
282,8350,Faction
282,,Datasheet
282,,Datasheet
282,,Fortification (левая колонка)
285,8346,Core
285,8350,Faction
285,,Datasheet
285,,Datasheet
292,8346,Core
292,8350,Faction
292,,Datasheet
292,,Datasheet
297,8338,Core
297,8346,Core
297,8350,Faction
297,,Datasheet
297,,Datasheet
302,8339,Core
302,8338,Core
302,8350,Faction
302,,Datasheet
302,,Datasheet
303,8350,Faction
303,,Datasheet
305,8350,Faction
305,,Datasheet
306,8346,Core
306,8350,Faction
306,,Datasheet
306,,Datasheet
306,,Datasheet
308,8346,Core
308,8350,Faction
308,,Datasheet
308,,Datasheet
308,,Datasheet
311,10256,Faction
311,8350,Faction
311,,Datasheet
311,,Wargear
314,8339,Core
314,8338,Core
314,10256,Faction
314,8350,Faction
314,,Datasheet
314,,Datasheet
314,,Fortification (левая колонка)
317,8343,Core
317,8346,Core
317,8350,Faction
317,,Datasheet
317,,Datasheet
318,8343,Core
318,8350,Faction
318,,Datasheet
318,,Wargear
322,8350,Faction
322,,Datasheet
322,,Wargear
323,8350,Faction
323,,Datasheet
323,,Datasheet
358,8339,Core
358,8342,Core
358,8337,Core
358,8521,Faction
358,8350,Faction
358,,Datasheet
358,,Wargear
358,,Wargear
374,8343,Core
374,8346,Core
374,10345,Faction
374,,Datasheet
374,,Datasheet
375,8343,Core
375,8346,Core
375,10345,Faction
375,,Datasheet
375,,Datasheet
376,8343,Core
376,8346,Core
376,10345,Faction
376,,Datasheet
376,,Datasheet
379,8343,Core
379,8346,Core
379,10345,Faction
379,,Datasheet
379,,Datasheet
380,8343,Core
380,8346,Core
380,10345,Faction
380,,Datasheet
380,,Datasheet
381,8343,Core
381,8344,Core
381,10345,Faction
381,,Datasheet
382,8343,Core
382,10345,Faction
382,,Datasheet
382,,Wargear
382,,Wargear
383,8343,Core
383,10345,Faction
383,,Datasheet
384,8343,Core
384,10345,Faction
384,,Datasheet
384,,Wargear
384,,Wargear
387,8343,Core
387,10345,Faction
387,,Datasheet
388,8343,Core
388,10345,Faction
388,,Datasheet
389,8339,Core
389,8343,Core
389,10345,Faction
389,,Datasheet
390,8339,Core
390,,Datasheet
391,8339,Core
391,,Datasheet
391,,Wargear profile
392,8339,Core
392,,Datasheet
392,,Wargear profile
393,8339,Core
393,,Datasheet
393,,Wargear profile
395,8339,Core
395,,Datasheet
395,,Wargear profile
396,8339,Core
396,8334,Core
396,,Datasheet
396,,Wargear profile
398,8339,Core
398,8342,Core
398,,Datasheet
399,8343,Core
399,8346,Core
399,10345,Faction
399,,Datasheet
399,,Datasheet
399,,Datasheet
400,8339,Core
400,8343,Core
400,10345,Faction
400,,Datasheet
402,8343,Core
402,8346,Core
402,8439,Faction
402,,Datasheet
402,,Wargear
402,,Wargear
402,,Wargear
403,8343,Core
404,8346,Core
404,8439,Faction
404,,Wargear
404,,Datasheet
404,,Datasheet
405,8346,Core
405,8439,Faction
405,,Datasheet
405,,Datasheet
406,8343,Core
406,8346,Core
406,8439,Faction
406,,Datasheet
406,,Datasheet
406,,Special (правая колонка)
407,8345,Core
407,8336,Core
407,8337,Core
407,8439,Faction
407,,Wargear
407,,Datasheet
407,,Wargear
407,,Datasheet
407,,Special (правая колонка)
408,8346,Core
408,,Datasheet
408,,Datasheet
409,8336,Core
409,,Datasheet
409,,Datasheet
409,,Datasheet
410,8345,Core
410,8346,Core
410,8344,Core
410,8439,Faction
410,,Datasheet
410,,Datasheet
411,8439,Faction
411,,Datasheet
411,,Datasheet
412,8439,Faction
412,,Datasheet
412,,Datasheet
413,8344,Core
413,8337,Core
413,,Datasheet
413,,Special (правая колонка)
414,8344,Core
414,,Datasheet
415,8344,Core
415,8337,Core
415,,Datasheet
415,,Datasheet
417,8345,Core
417,8337,Core
417,8439,Faction
417,,Wargear
417,,Wargear
417,,Datasheet
418,8343,Core
418,8439,Faction
418,,Wargear
418,,Wargear
418,,Wargear
418,,Datasheet
420,8339,Core
420,8345,Core
420,8336,Core
420,8337,Core
420,8439,Faction
420,,Wargear
420,,Datasheet
421,8339,Core
421,8439,Faction
421,,Datasheet
421,,Datasheet
421,,Datasheet
422,8344,Core
422,8439,Faction
422,,Datasheet
422,,Wargear
422,,Wargear
422,,Wargear
423,8339,Core
423,8344,Core
423,8439,Faction
423,,Datasheet
423,,Wargear profile
424,8339,Core
424,8439,Faction
424,,Datasheet
424,,Wargear profile
425,8339,Core
425,8439,Faction
425,,Datasheet
425,,Wargear profile
426,8339,Core
426,8439,Faction
426,,Datasheet
426,,Wargear profile
427,8343,Core
427,,Datasheet
427,,Wargear
428,8345,Core
428,8336,Core
428,8337,Core
428,8439,Faction
428,,Datasheet
430,8339,Core
430,8439,Faction
430,,Datasheet
430,,Datasheet
431,8339,Core
431,8439,Faction
431,,Datasheet
431,,Datasheet
431,,Datasheet
431,,Wargear profile
432,8339,Core
432,8439,Faction
432,,Datasheet
432,,Datasheet
432,,Wargear profile
433,8439,Faction
433,,Datasheet
433,,Wargear
433,,Wargear profile
434,8339,Core
434,8439,Faction
434,,Datasheet
434,,Datasheet
434,,Datasheet
435,8339,Core
435,8334,Core
435,,Datasheet
435,,Datasheet
435,,Datasheet
436,8339,Core
436,8334,Core
436,,Datasheet
436,,Datasheet
436,,Datasheet
437,8339,Core
437,8334,Core
437,,Datasheet
437,,Datasheet
439,8343,Core
439,8346,Core
439,8439,Faction
439,,Wargear
439,,Datasheet
439,,Datasheet
443,8343,Core
443,8439,Faction
443,,Wargear
443,,Wargear
443,,Wargear
443,,Datasheet
444,8339,Core
444,8439,Faction
444,,Datasheet
444,,Datasheet
444,,Datasheet
445,8339,Core
445,8439,Faction
445,,Datasheet
445,,Datasheet
445,,Datasheet
446,8339,Core
446,8439,Faction
446,,Datasheet
446,,Datasheet
447,8339,Core
447,8345,Core
447,8439,Faction
447,,Datasheet
448,8339,Core
448,8344,Core
448,8439,Faction
448,,Datasheet
449,,Datasheet
449,,Wargear
452,8345,Core
452,8337,Core
452,8439,Faction
452,,Datasheet
452,,Wargear profile
453,8339,Core
453,8439,Faction
453,,Datasheet
453,,Wargear profile
454,8339,Core
454,8439,Faction
454,,Wargear
454,,Datasheet
454,,Wargear profile
455,8339,Core
455,8439,Faction
455,,Datasheet
455,,Wargear profile
456,8339,Core
456,8342,Core
456,8439,Faction
456,,Datasheet
457,8339,Core
457,8342,Core
457,8439,Faction
457,,Datasheet
457,,Datasheet
457,,Wargear profile
458,,Datasheet
458,,Datasheet
458,,Datasheet
459,,Datasheet
459,,Datasheet
459,,Datasheet
460,8339,Core
460,8346,Core
460,707,Faction
460,705,Faction
460,,Datasheet
460,,Datasheet
461,8339,Core
461,8346,Core
461,707,Faction
461,705,Faction
461,,Datasheet
461,,Datasheet
461,,Datasheet
462,8338,Core
462,8346,Core
462,705,Faction
462,,Datasheet
462,,Datasheet
463,8346,Core
463,8344,Core
463,705,Faction
463,707,Faction
463,,Datasheet
463,,Datasheet
465,8339,Core
465,707,Faction
465,705,Faction
465,,Datasheet
465,,Datasheet
467,8344,Core
467,705,Faction
467,,Datasheet
468,705,Faction
468,,Datasheet
469,705,Faction
469,,Datasheet
470,8343,Core
470,705,Faction
470,,Datasheet
471,705,Faction
471,,Datasheet
472,705,Faction
472,,Datasheet
473,8340,Core
473,8345,Core
473,8336,Core
473,8337,Core
473,705,Faction
473,,Datasheet
473,,Datasheet
474,8339,Core
474,707,Faction
474,705,Faction
474,,Datasheet
475,707,Faction
475,705,Faction
475,,Datasheet
475,,Datasheet
476,8337,Core
476,705,Faction
476,,Datasheet
477,8339,Core
477,705,Faction
477,,Datasheet
478,8339,Core
478,705,Faction
478,,Datasheet
479,8340,Core
479,8345,Core
479,8336,Core
479,8337,Core
479,705,Faction
479,,Datasheet
479,,Datasheet
479,,Special (правая колонка)
482,8343,Core
482,705,Faction
482,,Datasheet
483,8343,Core
483,705,Faction
483,,Datasheet
484,8343,Core
484,705,Faction
484,,Datasheet
485,8339,Core
485,8342,Core
485,705,Faction
485,,Datasheet
486,8339,Core
486,8342,Core
486,705,Faction
486,,Datasheet
487,8343,Core
487,705,Faction
487,,Datasheet
487,,Datasheet
488,8343,Core
488,705,Faction
488,,Datasheet
488,,Datasheet
489,8339,Core
489,8343,Core
489,705,Faction
489,,Datasheet
490,8339,Core
490,705,Faction
490,,Datasheet
491,8339,Core
491,705,Faction
491,,Datasheet
493,8343,Core
493,705,Faction
493,,Datasheet
494,8343,Core
494,705,Faction
494,,Datasheet
495,8339,Core
495,705,Faction
495,,Datasheet
496,8339,Core
496,705,Faction
496,,Datasheet
497,8339,Core
497,705,Faction
497,,Datasheet
497,,Datasheet
498,8339,Core
498,705,Faction
498,,Datasheet
498,,Datasheet
499,8346,Core
499,8337,Core
499,707,Faction
499,705,Faction
499,,Datasheet
499,,Datasheet
500,8339,Core
500,705,Faction
500,,Datasheet
503,8339,Core
503,705,Faction
503,,Datasheet
504,8339,Core
504,8342,Core
504,705,Faction
504,,Datasheet
505,8339,Core
505,705,Faction
505,,Datasheet
505,,Datasheet
506,8339,Core
506,705,Faction
506,,Datasheet
507,8343,Core
507,8345,Core
507,8346,Core
507,,Datasheet
507,,Datasheet
507,,Datasheet
507,,Special (правая колонка)
508,8343,Core
508,8346,Core
508,,Datasheet
508,,Datasheet
508,,Datasheet
509,8343,Core
509,8346,Core
509,,Datasheet
509,,Datasheet
510,8343,Core
510,8346,Core
510,8344,Core
510,,Datasheet
510,,Datasheet
511,8343,Core
511,8501,Faction
511,,Datasheet
511,,Wargear
512,8343,Core
512,8501,Faction
512,,Datasheet
512,,Wargear
513,8343,Core
513,8338,Core
513,8344,Core
513,8501,Faction
513,,Datasheet
513,,Wargear
514,8343,Core
514,8338,Core
514,8501,Faction
514,,Datasheet
515,8343,Core
515,8345,Core
515,8501,Faction
515,,Datasheet
516,8339,Core
516,8334,Core
516,,Datasheet
521,8339,Core
521,8334,Core
521,,Datasheet
522,8346,Core
522,8369,Faction
522,,Datasheet
522,,Datasheet
523,8346,Core
523,8369,Faction
523,,Wargear
523,,Datasheet
523,,Datasheet
523,,Wargear profile
524,8346,Core
524,8369,Faction
524,,Wargear
524,,Datasheet
524,,Datasheet
527,8346,Core
527,8369,Faction
527,,Datasheet
527,,Datasheet
528,8346,Core
528,8369,Faction
528,,Datasheet
528,,Datasheet
530,8346,Core
530,8369,Faction
530,,Datasheet
530,,Datasheet
531,8346,Core
531,8369,Faction
531,,Datasheet
531,,Datasheet
531,,Wargear profile
532,8346,Core
532,8369,Faction
532,,Datasheet
532,,Datasheet
533,8339,Core
533,8369,Faction
533,,Wargear
533,,Datasheet
533,,Datasheet
534,8369,Faction
534,,Datasheet
535,8369,Faction
535,,Datasheet
536,8369,Faction
536,,Wargear
536,,Datasheet
537,8343,Core
537,8369,Faction
537,,Datasheet
538,8345,Core
538,8337,Core
538,8369,Faction
538,,Datasheet
539,8343,Core
539,8369,Faction
539,,Datasheet
540,8339,Core
540,8344,Core
540,8369,Faction
540,,Datasheet
541,8339,Core
541,8338,Core
541,8369,Faction
541,,Datasheet
541,,Datasheet
541,,Special (правая колонка)
542,8339,Core
542,8337,Core
542,8338,Core
542,8369,Faction
542,,Datasheet
542,,Datasheet
542,,Special (правая колонка)
543,8339,Core
543,8369,Faction
543,,Datasheet
544,8339,Core
544,8343,Core
544,8369,Faction
544,,Datasheet
544,,Datasheet
545,8339,Core
545,8369,Faction
545,,Datasheet
546,8369,Faction
546,,Datasheet
548,8344,Core
548,8369,Faction
548,,Wargear
548,,Wargear
548,,Wargear
548,,Datasheet
551,8339,Core
551,8369,Faction
551,,Wargear
551,,Wargear
551,,Datasheet
552,8339,Core
552,8343,Core
552,8369,Faction
552,,Datasheet
553,8339,Core
553,8369,Faction
553,,Datasheet
554,8339,Core
554,8369,Faction
554,,Datasheet
555,8339,Core
555,8338,Core
555,8343,Core
555,8369,Faction
555,,Datasheet
555,,Datasheet
555,,Special (правая колонка)
555,,Special (правая колонка)
556,8339,Core
556,8369,Faction
556,,Datasheet
557,8339,Core
557,8343,Core
557,8369,Faction
557,,Datasheet
558,8343,Core
558,8369,Faction
558,,Wargear
558,,Datasheet
559,8345,Core
559,8369,Faction
559,,Datasheet
560,8343,Core
560,8369,Faction
560,,Wargear
560,,Datasheet
561,8339,Core
561,8369,Faction
561,,Datasheet
562,8339,Core
562,8369,Faction
562,,Datasheet
562,,Datasheet
562,,Fortification (левая колонка)
564,8339,Core
564,8369,Faction
564,,Datasheet
567,8339,Core
567,8369,Faction
567,,Datasheet
567,,Datasheet
567,,Fortification (левая колонка)
568,8346,Core
568,9894,Faction
568,,Datasheet
568,,Datasheet
569,8346,Core
569,9894,Faction
569,,Datasheet
569,,Datasheet
570,8345,Core
570,8346,Core
570,8337,Core
570,9894,Faction
570,,Datasheet
570,,Datasheet
571,8346,Core
571,9894,Faction
571,,Datasheet
571,,Datasheet
572,8340,Core
572,8346,Core
572,9894,Faction
572,,Datasheet
572,,Datasheet
573,8345,Core
573,8346,Core
573,9894,Faction
573,,Wargear
573,,Datasheet
573,,Datasheet
574,8346,Core
574,9894,Faction
574,,Datasheet
574,,Datasheet
575,8343,Core
575,8346,Core
575,9894,Faction
575,,Datasheet
575,,Datasheet
576,8346,Core
576,9894,Faction
576,,Datasheet
576,,Datasheet
577,8346,Core
577,9894,Faction
577,,Datasheet
577,,Datasheet
577,,Fortification (левая колонка)
580,8346,Core
580,9894,Faction
580,,Datasheet
580,,Datasheet
581,8339,Core
581,9894,Faction
581,,Datasheet
581,,Datasheet
582,8346,Core
582,9894,Faction
582,,Datasheet
582,,Datasheet
583,8346,Core
583,9894,Faction
583,,Datasheet
583,,Datasheet
584,8346,Core
584,9894,Faction
584,,Datasheet
584,,Datasheet
585,8346,Core
585,9894,Faction
585,,Datasheet
585,,Datasheet
587,8346,Core
587,9894,Faction
587,,Datasheet
587,,Datasheet
588,8337,Core
588,9894,Faction
588,,Datasheet
588,,Datasheet
588,,Datasheet
589,9894,Faction
589,,Datasheet
589,,Datasheet
590,9894,Faction
590,,Datasheet
590,,Datasheet
590,,Wargear
591,9894,Faction
591,,Datasheet
592,8345,Core
592,8337,Core
592,9894,Faction
592,,Datasheet
593,9894,Faction
593,,Datasheet
593,,Wargear
593,,Wargear
594,8340,Core
594,9894,Faction
594,,Datasheet
594,,Wargear
595,8345,Core
595,8344,Core
595,8337,Core
595,9894,Faction
595,,Datasheet
595,,Wargear
596,9894,Faction
596,,Datasheet
596,,Wargear
597,,Datasheet
597,,Datasheet
598,,Datasheet
598,,Datasheet
598,,Wargear
599,8339,Core
599,9894,Faction
599,,Datasheet
600,8343,Core
600,9894,Faction
600,,Datasheet
600,,Wargear
601,8343,Core
601,9894,Faction
601,,Datasheet
601,,Wargear
602,9894,Faction
602,,Datasheet
602,,Wargear
603,,Datasheet
605,8339,Core
605,9894,Faction
605,,Datasheet
606,,Datasheet
607,9894,Faction
607,,Datasheet
607,,Wargear
609,8339,Core
609,8343,Core
609,9894,Faction
609,,Datasheet
610,8339,Core
610,9894,Faction
610,,Datasheet
610,,Wargear profile
611,8339,Core
611,9894,Faction
611,,Datasheet
612,8344,Core
612,9894,Faction
612,,Datasheet
613,8339,Core
613,,Datasheet
613,,Datasheet
614,8339,Core
614,9894,Faction
614,,Datasheet
614,,Datasheet
614,,Wargear
615,8343,Core
615,8337,Core
615,9894,Faction
615,,Datasheet
616,8343,Core
616,9894,Faction
616,,Datasheet
617,8339,Core
617,9894,Faction
617,,Datasheet
618,8339,Core
618,9894,Faction
618,,Datasheet
619,8339,Core
619,9894,Faction
619,,Datasheet
620,8339,Core
620,9894,Faction
620,,Datasheet
621,8339,Core
621,9894,Faction
621,,Datasheet
622,8339,Core
622,9894,Faction
622,,Datasheet
623,8342,Core
623,9894,Faction
623,,Datasheet
624,8339,Core
624,9894,Faction
624,,Datasheet
625,8339,Core
625,8342,Core
625,9894,Faction
625,,Datasheet
626,8339,Core
626,8342,Core
626,9894,Faction
626,,Datasheet
627,8339,Core
627,8343,Core
627,9894,Faction
627,,Datasheet
627,,Datasheet
627,,Wargear
628,8339,Core
628,9894,Faction
628,,Datasheet
628,,Datasheet
628,,Datasheet
629,8344,Core
629,,Datasheet
630,8343,Core
630,8346,Core
630,8337,Core
630,9894,Faction
630,,Datasheet
630,,Datasheet
631,8339,Core
631,9894,Faction
631,,Datasheet
631,,Datasheet
631,,Datasheet
632,,Datasheet
632,,Special (правая колонка)
633,8343,Core
633,,Datasheet
634,8346,Core
634,8507,Faction
634,,Datasheet
634,,Datasheet
639,8346,Core
639,8507,Faction
639,,Datasheet
639,,Datasheet
640,8340,Core
640,8346,Core
640,8507,Faction
640,,Datasheet
640,,Datasheet
641,8338,Core
641,8346,Core
641,8507,Faction
641,,Datasheet
641,,Datasheet
642,8338,Core
642,8346,Core
642,8507,Faction
642,,Datasheet
642,,Datasheet
642,,Wargear profile
643,8346,Core
643,8507,Faction
643,,Datasheet
643,,Datasheet
644,8507,Faction
644,,Wargear
644,,Datasheet
646,8507,Faction
646,,Datasheet
646,,Wargear
648,8507,Faction
648,,Datasheet
649,8345,Core
649,8337,Core
649,8507,Faction
649,,Datasheet
650,8338,Core
650,8507,Faction
650,,Datasheet
651,8338,Core
651,8507,Faction
651,,Datasheet
652,8344,Core
652,8507,Faction
652,,Datasheet
656,8339,Core
656,8343,Core
656,8334,Core
656,8507,Faction
656,,Datasheet
657,8339,Core
657,8343,Core
657,8334,Core
657,8337,Core
657,8507,Faction
657,,Datasheet
658,8507,Faction
658,,Datasheet
658,,Wargear
658,,Wargear
659,8507,Faction
659,,Datasheet
659,,Wargear
660,8339,Core
660,8337,Core
660,8507,Faction
660,,Datasheet
661,8339,Core
661,8337,Core
661,8507,Faction
661,,Datasheet
662,8343,Core
662,8507,Faction
662,,Datasheet
663,8339,Core
663,8338,Core
663,8507,Faction
663,,Datasheet
664,8339,Core
664,8338,Core
664,8507,Faction
664,,Datasheet
665,8339,Core
665,8343,Core
665,8507,Faction
665,,Datasheet
666,8339,Core
666,8343,Core
666,8507,Faction
666,,Datasheet
667,8339,Core
667,8343,Core
667,8334,Core
667,8507,Faction
667,,Datasheet
680,8339,Core
680,8377,Faction
680,,Datasheet
680,,Datasheet
680,,Special (правая колонка)
680,,Wargear profile
686,,Datasheet
686,,Special (правая колонка)
690,8339,Core
690,8344,Core
690,,Datasheet
690,,Wargear profile
691,8339,Core
691,,Datasheet
691,,Wargear profile
692,8339,Core
692,8334,Core
692,,Datasheet
692,,Wargear profile
693,8339,Core
693,,Datasheet
694,8339,Core
694,,Datasheet
694,,Wargear profile
695,8339,Core
695,,Datasheet
695,,Wargear profile
696,8339,Core
696,,Datasheet
696,,Wargear profile
697,8339,Core
697,,Datasheet
697,,Wargear profile
698,8339,Core
698,,Datasheet
698,,Wargear profile
699,8339,Core
699,,Datasheet
699,,Wargear profile
699,,Wargear profile
700,8339,Core
700,,Datasheet
700,,Wargear profile
701,8339,Core
701,,Datasheet
701,,Wargear profile
702,8339,Core
702,,Datasheet
703,8339,Core
703,8334,Core
703,,Datasheet
704,8339,Core
704,,Datasheet
705,8339,Core
705,8334,Core
705,,Datasheet
706,8339,Core
706,,Datasheet
707,8339,Core
707,,Datasheet
708,8339,Core
708,8334,Core
708,,Datasheet
709,8339,Core
709,,Datasheet
713,8346,Core
713,8344,Core
713,8377,Faction
713,,Datasheet
713,,Datasheet
713,,Special (правая колонка)
714,8338,Core
714,8346,Core
714,8344,Core
714,8377,Faction
714,,Datasheet
714,,Datasheet
714,,Special (правая колонка)
716,8346,Core
716,8377,Faction
716,,Datasheet
716,,Datasheet
716,,Fortification (левая колонка)
719,8343,Core
719,8346,Core
719,8377,Faction
719,,Datasheet
719,,Wargear
719,,Wargear
719,,Wargear
719,,Wargear
719,,Special (правая колонка)
721,8339,Core
721,,Datasheet
722,8338,Core
722,,Datasheet
723,8338,Core
723,,Datasheet
723,,Wargear
723,,Wargear
724,8345,Core
724,8337,Core
724,,Datasheet
724,,Wargear
724,,Wargear
725,8338,Core
725,,Datasheet
725,,Datasheet
725,,Fortification (левая колонка)
727,8339,Core
727,8342,Core
727,,Datasheet
728,8339,Core
728,,Datasheet
728,,Wargear profile
729,8339,Core
729,,Datasheet
729,,Wargear profile
730,8343,Core
730,,Datasheet
731,8339,Core
731,,Datasheet
731,,Wargear profile
733,8339,Core
733,,Datasheet
733,,Wargear profile
735,8339,Core
735,8344,Core
735,,Datasheet
735,,Wargear profile
736,8339,Core
736,8344,Core
736,,Datasheet
736,,Wargear profile
737,8339,Core
737,,Datasheet
737,,Wargear profile
739,8339,Core
739,,Datasheet
739,,Wargear profile
740,8339,Core
740,,Datasheet
740,,Wargear profile
741,8339,Core
741,,Datasheet
741,,Datasheet
741,,Special (правая колонка)
743,,Datasheet
744,8339,Core
744,,Datasheet
745,,Datasheet
745,,Special (правая колонка)
746,,Datasheet
746,,Special (правая колонка)
747,8339,Core
747,,Datasheet
747,,Datasheet
747,,Fortification (левая колонка)
751,8339,Core
751,,Datasheet
751,,Wargear profile
752,8339,Core
752,,Datasheet
752,,Wargear profile
753,8339,Core
753,,Datasheet
753,,Wargear profile
754,8339,Core
754,,Wargear profile
754,,Datasheet
755,8339,Core
755,,Datasheet
755,,Datasheet
755,,Fortification (левая колонка)
756,,Datasheet
757,,Datasheet
758,,Wargear
758,,Datasheet
758,,Fortification (левая колонка)
759,8339,Core
759,,Datasheet
760,8339,Core
760,,Datasheet
760,,Wargear profile
762,8339,Core
762,,Datasheet
763,8339,Core
763,,Datasheet
763,,Wargear profile
764,8339,Core
764,,Datasheet
764,,Wargear profile
766,8339,Core
766,,Datasheet
767,8339,Core
767,,Datasheet
767,,Wargear profile
768,8339,Core
768,,Datasheet
768,,Wargear profile
769,8339,Core
769,,Datasheet
769,,Wargear profile
770,8339,Core
770,,Datasheet
770,,Wargear profile
771,8339,Core
771,,Datasheet
771,,Wargear profile
772,8339,Core
772,,Datasheet
772,,Wargear profile
773,8339,Core
773,,Wargear
773,,Wargear
774,8339,Core
774,,Datasheet
775,8339,Core
775,,Datasheet
776,8339,Core
776,,Datasheet
777,8339,Core
777,,Datasheet
777,,Wargear profile
778,8339,Core
778,8342,Core
778,,Datasheet
779,8339,Core
779,8342,Core
779,,Datasheet
780,8339,Core
780,,Datasheet
781,8339,Core
781,,Datasheet
783,8339,Core
783,8342,Core
783,,Datasheet
784,8339,Core
784,8342,Core
784,,Datasheet
785,8537,Faction
785,8339,Core
785,8334,Core
785,,Datasheet
785,,Datasheet
785,,Datasheet
785,,Fortification (левая колонка)
785,,Primarch
786,8537,Faction
786,8339,Core
786,,Datasheet
786,,Datasheet
786,,Datasheet
786,,Fortification (левая колонка)
838,8382,Faction
838,,Datasheet
838,,Datasheet
838,,Datasheet
838,,Special (правая колонка)
838,,Primarch
838,,Primarch
838,,Primarch
839,8382,Faction
839,8346,Core
839,,Datasheet
839,,Datasheet
840,8382,Faction
840,8346,Core
840,,Datasheet
840,,Datasheet
840,,Datasheet
841,8382,Faction
841,,Datasheet
842,8382,Faction
842,,Datasheet
843,8382,Faction
843,8338,Core
843,,Datasheet
844,8382,Faction
844,8338,Core
844,,Datasheet
845,8339,Core
845,8382,Faction
845,,Datasheet
845,,Datasheet
846,8346,Core
846,8382,Faction
846,,Datasheet
847,8382,Faction
847,,Datasheet
847,,Special (правая колонка)
848,8344,Core
848,8382,Faction
848,,Wargear
848,,Wargear
848,,Datasheet
849,8382,Faction
849,,Wargear
849,,Wargear
849,,Datasheet
850,8345,Core
850,8337,Core
850,8382,Faction
850,,Datasheet
850,,Datasheet
851,8337,Core
851,8382,Faction
851,,Datasheet
852,8339,Core
852,8382,Faction
852,,Datasheet
852,,Datasheet
853,8339,Core
853,8337,Core
853,8382,Faction
853,,Datasheet
853,,Datasheet
854,8339,Core
854,8382,Faction
854,,Wargear
854,,Datasheet
854,,Datasheet
855,8339,Core
855,8458,Faction
855,8460,Faction
855,,Datasheet
855,,Datasheet
856,8339,Core
856,8458,Faction
856,8460,Faction
856,,Datasheet
856,,Datasheet
857,8339,Core
857,8458,Faction
857,8460,Faction
857,,Datasheet
857,,Datasheet
858,8339,Core
858,8458,Faction
858,8460,Faction
858,,Datasheet
858,,Datasheet
859,8339,Core
859,8458,Faction
859,8460,Faction
859,,Datasheet
859,,Datasheet
860,8339,Core
860,8458,Faction
860,8460,Faction
860,,Datasheet
861,8339,Core
861,8458,Faction
861,8460,Faction
861,,Datasheet
861,,Datasheet
862,8339,Core
862,8458,Faction
862,8460,Faction
862,,Datasheet
862,,Datasheet
863,8339,Core
863,8458,Faction
863,8460,Faction
863,,Datasheet
863,,Datasheet
864,8339,Core
864,8458,Faction
864,8460,Faction
864,,Datasheet
864,,Datasheet
865,8339,Core
865,8458,Faction
865,8460,Faction
865,,Datasheet
865,,Datasheet
866,8339,Core
866,8458,Faction
866,8460,Faction
866,,Datasheet
866,,Datasheet
867,8339,Core
867,8538,Faction
867,,Datasheet
867,,Datasheet
868,8339,Core
868,8538,Faction
868,,Datasheet
868,,Datasheet
869,8339,Core
869,8538,Faction
869,,Datasheet
869,,Datasheet
870,8345,Core
870,8336,Core
870,8337,Core
870,8452,Faction
870,,Datasheet
870,,Datasheet
870,,Special (правая колонка)
871,8343,Core
871,8340,Core
871,8345,Core
871,8336,Core
871,8452,Faction
871,,Datasheet
871,,Datasheet
871,,Special (правая колонка)
872,8339,Core
872,8336,Core
872,8344,Core
872,8452,Faction
872,,Datasheet
872,,Datasheet
872,,Special (правая колонка)
873,8343,Core
873,8336,Core
873,8337,Core
873,8452,Faction
873,,Datasheet
873,,Datasheet
873,,Datasheet
873,,Wargear profile
873,,Special (правая колонка)
874,8346,Core
874,8452,Faction
874,,Datasheet
874,,Datasheet
874,,Datasheet
875,8339,Core
875,8452,Faction
875,,Datasheet
875,,Datasheet
876,8346,Core
876,8452,Faction
876,,Datasheet
876,,Datasheet
876,,Datasheet
876,,Wargear
877,8346,Core
877,8452,Faction
877,,Datasheet
877,,Datasheet
877,,Wargear
877,,Wargear
882,8343,Core
882,8391,Faction
882,,Wargear
882,,Wargear
882,,Datasheet
882,,Datasheet
883,8339,Core
883,8391,Faction
883,,Datasheet
884,8339,Core
884,8391,Faction
884,,Datasheet
884,,Wargear profile
889,8346,Core
889,,Datasheet
889,,Datasheet
894,8466,Faction
894,,Datasheet
894,,Fortification (левая колонка)
895,8340,Core
895,8345,Core
895,8336,Core
895,8466,Faction
895,,Datasheet
896,8338,Core
896,8466,Faction
896,,Datasheet
897,8339,Core
897,8338,Core
897,8466,Faction
897,,Datasheet
898,8343,Core
898,8346,Core
898,8466,Faction
898,,Datasheet
898,,Datasheet
898,,Datasheet
899,8346,Core
899,8466,Faction
899,,Datasheet
899,,Datasheet
899,,Wargear
899,,Wargear
899,,Wargear profile
900,8346,Core
900,8466,Faction
900,,Datasheet
900,,Datasheet
901,8346,Core
901,8466,Faction
901,,Datasheet
901,,Datasheet
902,8346,Core
902,8466,Faction
902,,Datasheet
902,,Datasheet
903,8466,Faction
903,,Datasheet
903,,Datasheet
903,,Wargear
904,8343,Core
904,8466,Faction
904,,Datasheet
907,8338,Core
907,8466,Faction
907,,Datasheet
908,8466,Faction
908,,Datasheet
908,,Datasheet
909,8344,Core
909,8466,Faction
909,,Datasheet
909,,Datasheet
909,,Special (правая колонка)
909,,Wargear
910,8339,Core
910,8334,Core
910,8466,Faction
910,,Datasheet
910,,Wargear profile
911,8339,Core
911,8466,Faction
911,,Datasheet
911,,Wargear profile
912,8339,Core
912,8466,Faction
912,,Datasheet
912,,Wargear profile
914,8537,Faction
914,8339,Core
914,8334,Core
914,,Datasheet
914,,Datasheet
914,,Wargear
914,,Fortification (левая колонка)
917,8537,Faction
917,8339,Core
917,,Datasheet
917,,Datasheet
917,,Fortification (левая колонка)
918,8537,Faction
918,8339,Core
918,8334,Core
918,,Datasheet
918,,Datasheet
918,,Wargear
918,,Fortification (левая колонка)
919,8537,Faction
919,8339,Core
919,8334,Core
919,,Datasheet
919,,Datasheet
919,,Fortification (левая колонка)
920,8537,Faction
920,8339,Core
920,8334,Core
920,,Datasheet
920,,Datasheet
920,,Datasheet
920,,Fortification (левая колонка)
921,8537,Faction
921,8339,Core
921,8334,Core
921,,Datasheet
921,,Datasheet
921,,Datasheet
921,,Fortification (левая колонка)
922,8537,Faction
922,8339,Core
922,,Datasheet
922,,Datasheet
922,,Fortification (левая колонка)
923,8537,Faction
923,8339,Core
923,,Datasheet
923,,Datasheet
923,,Datasheet
923,,Fortification (левая колонка)
924,8343,Core
924,8346,Core
924,8359,Faction
924,,Datasheet
924,,Datasheet
924,,Special (правая колонка)
924,,Primarch
924,,Primarch
924,,Primarch
925,8346,Core
925,8359,Faction
925,,Datasheet
925,,Datasheet
925,,Datasheet
926,8336,Core
926,8359,Faction
926,,Datasheet
926,,Datasheet
928,8338,Core
928,8346,Core
928,8359,Faction
928,,Datasheet
928,,Datasheet
928,,Datasheet
929,8346,Core
929,8359,Faction
929,,Datasheet
929,,Datasheet
930,8343,Core
930,8346,Core
930,8359,Faction
930,,Datasheet
930,,Datasheet
931,8346,Core
931,8359,Faction
931,,Datasheet
931,,Datasheet
932,8346,Core
932,8359,Faction
932,,Datasheet
932,,Datasheet
933,8346,Core
933,8359,Faction
933,,Datasheet
933,,Datasheet
934,8346,Core
934,8359,Faction
934,,Datasheet
934,,Datasheet
935,8346,Core
935,8359,Faction
935,,Datasheet
935,,Datasheet
936,8346,Core
936,8359,Faction
936,,Datasheet
936,,Datasheet
936,,Datasheet
937,8339,Core
937,8359,Faction
937,,Datasheet
937,,Datasheet
937,,Datasheet
937,,Primarch
937,,Primarch
937,,Primarch
937,,Primarch
937,,Primarch
938,8346,Core
938,8359,Faction
938,,Datasheet
938,,Datasheet
939,8343,Core
939,8346,Core
939,8359,Faction
939,,Wargear
939,,Datasheet
939,,Datasheet
940,8346,Core
940,8359,Faction
940,,Datasheet
940,,Datasheet
941,8346,Core
941,8359,Faction
941,,Datasheet
941,,Datasheet
942,8346,Core
942,8359,Faction
942,,Datasheet
942,,Datasheet
943,8346,Core
943,8359,Faction
943,,Datasheet
943,,Datasheet
944,8346,Core
944,8359,Faction
944,,Datasheet
944,,Datasheet
944,,Datasheet
946,8359,Faction
946,,Datasheet
947,8343,Core
947,8359,Faction
947,,Datasheet
952,8359,Faction
952,,Wargear
952,,Datasheet
953,8359,Faction
953,,Datasheet
953,,Wargear
954,8339,Core
954,8359,Faction
954,,Datasheet
954,,Datasheet
955,8343,Core
955,8359,Faction
955,,Datasheet
955,,Special (правая колонка)
956,8339,Core
956,8334,Core
956,8359,Faction
956,,Datasheet
957,8359,Faction
957,,Datasheet
957,,Wargear
958,8343,Core
958,8359,Faction
958,,Datasheet
958,,Datasheet
959,8343,Core
959,8359,Faction
959,,Datasheet
960,8338,Core
960,8359,Faction
960,,Datasheet
961,8339,Core
961,8342,Core
961,8359,Faction
961,,Datasheet
962,8339,Core
962,8359,Faction
962,,Datasheet
963,8339,Core
963,8359,Faction
963,,Datasheet
964,8339,Core
964,8359,Faction
964,,Datasheet
965,8343,Core
965,8359,Faction
965,,Datasheet
966,8359,Faction
966,,Datasheet
967,8339,Core
967,8359,Faction
967,,Datasheet
968,8339,Core
968,8359,Faction
968,,Datasheet
969,8339,Core
969,8359,Faction
969,,Datasheet
969,,Datasheet
970,8339,Core
970,8359,Faction
970,,Datasheet
1016,8346,Core
1016,8424,Faction
1016,,Datasheet
1016,,Datasheet
1017,8343,Core
1017,8346,Core
1017,8424,Faction
1017,,Datasheet
1017,,Datasheet
1020,8424,Faction
1020,,Datasheet
1020,,Wargear
1021,8339,Core
1021,,Datasheet
1021,,Datasheet
1022,8339,Core
1022,8334,Core
1022,,Datasheet
1023,8338,Core
1023,,Datasheet
1024,8339,Core
1024,8342,Core
1024,,Datasheet
1025,8339,Core
1025,,Datasheet
1026,8339,Core
1026,,Datasheet
1027,8339,Core
1027,,Datasheet
1028,8339,Core
1028,,Datasheet
1029,8339,Core
1029,,Datasheet
1030,8339,Core
1030,8338,Core
1030,,Datasheet
1030,,Datasheet
1031,8339,Core
1031,8343,Core
1031,8424,Faction
1031,,Datasheet
1031,,Datasheet
1031,,Primarch
1031,,Primarch
1031,,Primarch
1031,,Fortification (левая колонка)
1032,8346,Core
1032,8424,Faction
1032,,Datasheet
1032,,Datasheet
1033,8346,Core
1033,8424,Faction
1033,,Datasheet
1033,,Datasheet
1034,8344,Core
1034,,Datasheet
1034,,Wargear
1034,,Wargear
1035,8343,Core
1035,8424,Faction
1035,,Datasheet
1036,8339,Core
1036,8424,Faction
1036,,Datasheet
1036,,Datasheet
1036,,Datasheet
1044,8396,Faction
1044,,Datasheet
1044,,Wargear
1045,8396,Faction
1045,,Wargear
1045,,Datasheet
1045,,Special (правая колонка)
1046,8339,Core
1046,8396,Faction
1046,,Datasheet
1046,,Datasheet
1047,8339,Core
1047,8334,Core
1047,8396,Faction
1047,,Datasheet
1048,8339,Core
1048,8338,Core
1048,8344,Core
1048,8396,Faction
1048,,Datasheet
1049,8339,Core
1049,8396,Faction
1049,,Datasheet
1050,8339,Core
1050,8396,Faction
1050,,Datasheet
1051,8339,Core
1051,8396,Faction
1051,,Datasheet
1051,,Datasheet
1052,8339,Core
1052,8396,Faction
1052,,Datasheet
1052,,Datasheet
1052,,Datasheet
1053,8343,Core
1053,8346,Core
1053,8396,Faction
1053,,Datasheet
1053,,Datasheet
1054,8343,Core
1054,8346,Core
1054,8396,Faction
1054,,Datasheet
1054,,Datasheet
1055,8346,Core
1055,8396,Faction
1055,,Datasheet
1055,,Datasheet
1056,8345,Core
1056,8338,Core
1056,8396,Faction
1056,,Datasheet
1057,8339,Core
1057,8396,Faction
1057,,Datasheet
1058,8346,Core
1058,8396,Faction
1058,,Datasheet
1058,,Datasheet
1094,8339,Core
1094,8512,Faction
1094,8513,Faction
1094,,Datasheet
1094,,Datasheet
1095,8339,Core
1095,8512,Faction
1095,8513,Faction
1095,,Datasheet
1095,,Datasheet
1096,8339,Core
1096,8512,Faction
1096,8513,Faction
1096,,Datasheet
1096,,Datasheet
1097,8339,Core
1097,8512,Faction
1097,8513,Faction
1097,,Datasheet
1097,,Datasheet
1098,8339,Core
1098,8512,Faction
1098,8513,Faction
1098,,Datasheet
1098,,Datasheet
1099,8339,Core
1099,8512,Faction
1099,8513,Faction
1099,,Datasheet
1100,8339,Core
1100,8512,Faction
1100,8513,Faction
1100,,Datasheet
1100,,Datasheet
1104,8343,Core
1104,8346,Core
1104,8433,Faction
1104,,Datasheet
1104,,Datasheet
1104,,Wargear
1105,8339,Core
1105,8343,Core
1105,8433,Faction
1105,,Datasheet
1105,,Datasheet
1105,,Datasheet
1106,8343,Core
1106,8346,Core
1106,8433,Faction
1106,,Datasheet
1106,,Datasheet
1111,8343,Core
1111,8433,Faction
1111,,Datasheet
1111,,Datasheet
1112,8343,Core
1112,8433,Faction
1112,,Wargear
1112,,Datasheet
1114,8343,Core
1114,8433,Faction
1114,,Wargear
1114,,Wargear
1114,,Datasheet
1115,8343,Core
1115,8433,Faction
1115,,Wargear
1115,,Wargear
1115,,Datasheet
1116,8343,Core
1116,8433,Faction
1116,,Datasheet
1117,8339,Core
1117,8343,Core
1117,8433,Faction
1117,,Datasheet
1117,,Datasheet
1117,,Datasheet
1118,8343,Core
1118,8336,Core
1118,8337,Core
1118,8433,Faction
1118,,Datasheet
1118,,Datasheet
1119,8343,Core
1119,8336,Core
1119,8433,Faction
1119,,Datasheet
1119,,Datasheet
1120,8339,Core
1120,8343,Core
1120,8433,Faction
1120,,Datasheet
1120,,Datasheet
1120,,Datasheet
1125,8343,Core
1125,8433,Faction
1125,,Datasheet
1126,8343,Core
1126,8346,Core
1126,8433,Faction
1126,,Datasheet
1126,,Datasheet
1126,,Special (правая колонка)
1127,8343,Core
1127,8433,Faction
1127,,Datasheet
1128,8343,Core
1128,8433,Faction
1128,,Datasheet
1129,8343,Core
1129,8346,Core
1129,8433,Faction
1129,,Datasheet
1129,,Datasheet
1130,8339,Core
1130,8343,Core
1130,8338,Core
1130,8433,Faction
1130,,Datasheet
1130,,Datasheet
1130,,Datasheet
1130,,Wargear profile
1132,8343,Core
1132,8433,Faction
1132,,Wargear
1132,,Wargear
1132,,Datasheet
1133,8343,Core
1133,8345,Core
1133,8433,Faction
1133,,Datasheet
1134,8339,Core
1134,8343,Core
1134,8344,Core
1134,8433,Faction
1134,,Datasheet
1135,8343,Core
1135,8433,Faction
1135,,Wargear
1135,,Wargear
1135,,Datasheet
1136,8343,Core
1136,8340,Core
1136,8336,Core
1136,8433,Faction
1136,,Datasheet
1136,,Datasheet
1137,8339,Core
1137,8343,Core
1137,8433,Faction
1137,,Wargear
1137,,Datasheet
1137,,Datasheet
1137,,Datasheet
1138,8343,Core
1138,8340,Core
1138,8346,Core
1138,8433,Faction
1138,,Datasheet
1138,,Datasheet
1139,8343,Core
1139,8346,Core
1139,8344,Core
1139,8433,Faction
1139,,Datasheet
1139,,Datasheet
1141,8343,Core
1141,8433,Faction
1141,,Datasheet
1141,,Datasheet
1142,8343,Core
1142,8340,Core
1142,8433,Faction
1142,,Datasheet
1142,,Wargear
1142,,Wargear
1143,8343,Core
1143,8433,Faction
1143,,Datasheet
1144,8343,Core
1144,8433,Faction
1144,,Datasheet
1145,8343,Core
1145,8344,Core
1145,8433,Faction
1145,,Wargear
1145,,Wargear
1145,,Datasheet
1146,8343,Core
1146,8433,Faction
1146,,Datasheet
1147,8343,Core
1147,8433,Faction
1147,,Datasheet
1148,8339,Core
1148,8343,Core
1148,8337,Core
1148,8433,Faction
1148,,Datasheet
1148,,Datasheet
1148,,Special (правая колонка)
1148,,Primarch
1148,,Primarch
1148,,Primarch
1149,8339,Core
1149,8343,Core
1149,8433,Faction
1149,,Datasheet
1149,,Datasheet
1149,,Special (правая колонка)
1149,,Primarch
1149,,Primarch
1149,,Primarch
1149,,Primarch
1150,8343,Core
1150,8433,Faction
1150,,Datasheet
1150,,Special (правая колонка)
1151,8339,Core
1151,8343,Core
1151,8433,Faction
1151,,Datasheet
1151,,Fortification (левая колонка)
1153,8339,Core
1153,8350,Faction
1153,,Datasheet
1154,8344,Core
1154,8350,Faction
1154,,Wargear
1154,,Datasheet
1156,8339,Core
1156,8344,Core
1156,8350,Faction
1156,,Datasheet
1157,8350,Faction
1157,,Datasheet
1157,,Datasheet
1158,8350,Faction
1158,,Datasheet
1159,8344,Core
1159,8350,Faction
1159,,Datasheet
1159,,Wargear
1160,8345,Core
1160,8344,Core
1160,8350,Faction
1160,,Datasheet
1161,8339,Core
1161,8350,Faction
1161,,Datasheet
1161,,Wargear profile
1162,8345,Core
1162,8346,Core
1162,8344,Core
1162,8337,Core
1162,8350,Faction
1162,,Datasheet
1162,,Datasheet
1163,8339,Core
1163,8350,Faction
1163,,Datasheet
1163,,Wargear profile
1164,8350,Faction
1164,,Datasheet
1164,,Datasheet
1165,8346,Core
1165,8350,Faction
1165,,Datasheet
1165,,Datasheet
1166,8350,Faction
1166,,Wargear
1166,,Datasheet
1166,,Special (правая колонка)
1167,8346,Core
1167,8350,Faction
1167,,Datasheet
1167,,Datasheet
1168,8339,Core
1168,8343,Core
1168,8350,Faction
1168,,Datasheet
1169,8339,Core
1169,8343,Core
1169,8350,Faction
1169,,Datasheet
1172,8346,Core
1172,8350,Faction
1172,,Datasheet
1172,,Datasheet
1174,8346,Core
1174,8350,Faction
1174,,Datasheet
1174,,Datasheet
1175,8339,Core
1175,8350,Faction
1175,,Datasheet
1175,,Wargear profile
1177,8350,Faction
1177,,Datasheet
1178,8339,Core
1178,8350,Faction
1178,,Datasheet
1178,,Wargear profile
1179,8339,Core
1179,8342,Core
1179,8350,Faction
1179,,Datasheet
1182,8346,Core
1182,8350,Faction
1182,,Datasheet
1182,,Datasheet
1183,8343,Core
1183,8350,Faction
1183,,Datasheet
1183,,Datasheet
1184,8339,Core
1184,8350,Faction
1184,,Datasheet
1184,,Wargear profile
1185,8339,Core
1185,8350,Faction
1185,,Datasheet
1185,,Wargear profile
1188,8339,Core
1188,8350,Faction
1188,,Datasheet
1188,,Wargear profile
1189,8339,Core
1189,8350,Faction
1189,,Datasheet
1190,8339,Core
1190,8342,Core
1190,8350,Faction
1190,,Datasheet
1191,8339,Core
1191,8342,Core
1191,8350,Faction
1191,,Datasheet
1192,8339,Core
1192,8350,Faction
1192,,Datasheet
1193,8350,Faction
1193,,Datasheet
1196,8339,Core
1196,,Datasheet
1196,,Wargear profile
1197,8339,Core
1197,8342,Core
1197,,Wargear
1197,,Datasheet
1199,8339,Core
1199,8334,Core
1199,8466,Faction
1199,,Datasheet
1199,,Wargear profile
1237,8339,Core
1237,8342,Core
1237,,Datasheet
1293,8339,Core
1293,8359,Faction
1293,,Datasheet
1293,,Wargear profile
1294,8339,Core
1294,8343,Core
1294,8359,Faction
1294,,Datasheet
1295,8339,Core
1295,8359,Faction
1295,,Datasheet
1295,,Wargear profile
1297,8339,Core
1297,8359,Faction
1297,,Datasheet
1297,,Datasheet
1298,8339,Core
1298,8359,Faction
1298,,Datasheet
1298,,Datasheet
1302,8339,Core
1302,8359,Faction
1302,,Datasheet
1302,,Wargear profile
1302,,Wargear profile
1310,8339,Core
1310,8343,Core
1310,8359,Faction
1310,,Datasheet
1311,8343,Core
1311,8339,Core
1311,8359,Faction
1311,,Datasheet
1317,8339,Core
1317,8359,Faction
1317,,Datasheet
1318,8339,Core
1318,8359,Faction
1318,,Datasheet
1321,8339,Core
1321,8342,Core
1321,8359,Faction
1321,,Wargear
1321,,Datasheet
1329,8339,Core
1329,8343,Core
1329,8433,Faction
1329,,Datasheet
1329,,Datasheet
1332,8339,Core
1332,8343,Core
1332,8433,Faction
1332,,Datasheet
1332,,Datasheet
1333,8339,Core
1333,8343,Core
1333,8433,Faction
1333,,Datasheet
1333,,Datasheet
1336,8343,Core
1336,8433,Faction
1336,,Datasheet
1336,,Special (правая колонка)
1337,8343,Core
1337,8433,Faction
1337,,Wargear
1337,,Wargear
1337,,Datasheet
1337,,Special (правая колонка)
1338,8343,Core
1338,8433,Faction
1338,,Datasheet
1338,,Special (правая колонка)
1338,,Primarch
1338,,Primarch
1338,,Primarch
1338,,Primarch
1339,8343,Core
1339,8338,Core
1339,8433,Faction
1339,,Datasheet
1339,,Special (правая колонка)
1339,,Primarch
1339,,Primarch
1339,,Primarch
1339,,Primarch
1340,8339,Core
1340,8343,Core
1340,8338,Core
1340,8433,Faction
1340,,Datasheet
1340,,Datasheet
1344,8343,Core
1344,8346,Core
1344,8350,Faction
1344,,Datasheet
1344,,Datasheet
1345,8346,Core
1345,8344,Core
1345,8350,Faction
1345,,Datasheet
1345,,Datasheet
1346,8346,Core
1346,8350,Faction
1346,,Datasheet
1346,,Datasheet
1346,,Wargear
1347,8339,Core
1347,8350,Faction
1347,,Datasheet
1347,,Wargear profile
1348,8346,Core
1348,8350,Faction
1348,,Datasheet
1348,,Datasheet
1355,8346,Core
1355,8359,Faction
1355,,Datasheet
1355,,Datasheet
1360,8339,Core
1360,8343,Core
1360,10345,Faction
1360,,Datasheet
1360,,Datasheet
1361,8343,Core
1361,8346,Core
1361,10345,Faction
1361,,Datasheet
1361,,Datasheet
1362,8343,Core
1362,8346,Core
1362,10345,Faction
1362,,Datasheet
1362,,Datasheet
1363,8339,Core
1363,8342,Core
1363,,Datasheet
1364,8339,Core
1364,8342,Core
1364,,Datasheet
1367,8346,Core
1367,8396,Faction
1367,,Datasheet
1367,,Datasheet
1368,8339,Core
1368,8346,Core
1368,8396,Faction
1368,,Datasheet
1368,,Datasheet
1369,8346,Core
1369,8396,Faction
1369,,Datasheet
1369,,Datasheet
1370,8346,Core
1370,8396,Faction
1370,,Datasheet
1370,,Datasheet
1371,8343,Core
1371,8396,Faction
1371,,Datasheet
1371,,Datasheet
1371,,Wargear
1372,8343,Core
1372,8396,Faction
1372,,Datasheet
1374,8339,Core
1374,8396,Faction
1374,,Datasheet
1376,8339,Core
1376,8396,Faction
1376,,Datasheet
1377,8339,Core
1377,8343,Core
1377,8338,Core
1377,8396,Faction
1377,,Datasheet
1377,,Datasheet
1377,,Primarch
1377,,Primarch
1377,,Primarch
1377,,Fortification (левая колонка)
1383,8344,Core
1383,,Datasheet
1385,3676,Faction
1385,,Datasheet
1385,,Wargear profile
1386,8339,Core
1386,3676,Faction
1386,,Wargear
1386,,Datasheet
1387,8339,Core
1387,3676,Faction
1387,,Wargear
1387,,Datasheet
1387,,Wargear profile
1388,8339,Core
1388,8334,Core
1388,3676,Faction
1388,,Datasheet
1389,8339,Core
1389,8334,Core
1389,3676,Faction
1389,,Datasheet
1390,8339,Core
1390,8337,Core
1390,8507,Faction
1390,,Datasheet
1391,8344,Core
1391,8337,Core
1391,,Datasheet
1392,8344,Core
1392,,Datasheet
1392,,Wargear
1392,,Wargear profile
1393,8339,Core
1393,9894,Faction
1393,,Datasheet
1394,8346,Core
1394,,Datasheet
1394,,Datasheet
1396,8346,Core
1396,,Datasheet
1396,,Datasheet
1396,,Datasheet
1397,,Datasheet
1397,,Special (правая колонка)
1398,8338,Core
1398,,Datasheet
1398,,Wargear
1398,,Wargear
1398,,Fortification (левая колонка)
1400,8346,Core
1400,9894,Faction
1400,,Datasheet
1400,,Datasheet
1400,,Datasheet
1406,8345,Core
1406,8336,Core
1406,8337,Core
1406,,Datasheet
1406,,Datasheet
1406,,Special (правая колонка)
1423,8339,Core
1423,8350,Faction
1423,,Datasheet
1423,,Datasheet
1423,,Datasheet
1446,8343,Core
1446,8338,Core
1446,8346,Core
1446,8391,Faction
1446,,Datasheet
1446,,Datasheet
1446,,Special (правая колонка)
1447,8343,Core
1447,8346,Core
1447,8391,Faction
1447,,Datasheet
1447,,Datasheet
1447,,Wargear
1448,8343,Core
1448,8346,Core
1448,8391,Faction
1448,,Datasheet
1448,,Datasheet
1449,8346,Core
1449,8391,Faction
1449,,Datasheet
1449,,Datasheet
1450,8343,Core
1450,8391,Faction
1450,,Wargear
1450,,Datasheet
1450,,Datasheet
1453,8343,Core
1453,8391,Faction
1453,,Wargear
1453,,Datasheet
1453,,Datasheet
1454,8391,Faction
1454,,Datasheet
1454,,Datasheet
1455,8343,Core
1455,8346,Core
1455,8433,Faction
1455,,Datasheet
1455,,Datasheet
1456,8343,Core
1456,8346,Core
1456,8433,Faction
1456,,Datasheet
1456,,Datasheet
1458,8339,Core
1458,8391,Faction
1458,,Datasheet
1460,8339,Core
1460,8391,Faction
1460,,Datasheet
1461,8339,Core
1461,8391,Faction
1461,,Datasheet
1462,8343,Core
1462,8346,Core
1462,8433,Faction
1462,,Datasheet
1462,,Datasheet
1463,8343,Core
1463,8346,Core
1463,8433,Faction
1463,,Datasheet
1463,,Datasheet
1464,8343,Core
1464,8346,Core
1464,8433,Faction
1464,,Datasheet
1464,,Datasheet
1465,8339,Core
1465,8343,Core
1465,8338,Core
1465,8433,Faction
1465,,Datasheet
1465,,Datasheet
1465,,Datasheet
1466,8343,Core
1466,8346,Core
1466,8433,Faction
1466,,Datasheet
1466,,Datasheet
1467,8343,Core
1467,8338,Core
1467,8346,Core
1467,8433,Faction
1467,,Datasheet
1467,,Datasheet
1468,8343,Core
1468,8346,Core
1468,8433,Faction
1468,,Datasheet
1468,,Datasheet
1469,8343,Core
1469,8346,Core
1469,8433,Faction
1469,,Datasheet
1469,,Datasheet
1470,8345,Core
1470,8433,Faction
1470,,Datasheet
1470,,Datasheet
1470,,Datasheet
1472,8346,Core
1472,8424,Faction
1472,,Datasheet
1472,,Datasheet
1474,,Datasheet
1476,8339,Core
1476,8338,Core
1476,,Datasheet
1476,,Datasheet
1477,8343,Core
1477,8346,Core
1477,8439,Faction
1477,,Datasheet
1477,,Wargear
1477,,Wargear
1477,,Wargear
1478,8343,Core
1478,8346,Core
1478,8439,Faction
1478,,Datasheet
1478,,Wargear
1478,,Wargear
1478,,Wargear
1479,8339,Core
1479,8391,Faction
1479,,Datasheet
1479,,Datasheet
1481,8339,Core
1481,8458,Faction
1481,,Datasheet
1482,8339,Core
1482,8458,Faction
1482,,Datasheet
1483,8339,Core
1483,8458,Faction
1483,8460,Faction
1483,,Datasheet
1483,,Datasheet
1484,8339,Core
1484,8458,Faction
1484,8460,Faction
1484,,Datasheet
1484,,Datasheet
1485,8339,Core
1485,8458,Faction
1485,8460,Faction
1485,,Datasheet
1485,,Datasheet
1486,8339,Core
1486,8458,Faction
1486,8460,Faction
1486,,Datasheet
1486,,Datasheet
1523,8345,Core
1523,8337,Core
1523,8350,Faction
1523,,Datasheet
1524,8350,Faction
1524,,Datasheet
1524,,Datasheet
1524,,Special (правая колонка)
1525,8382,Faction
1525,,Wargear
1525,,Wargear
1525,,Datasheet
1525,,Special (правая колонка)
1526,8382,Faction
1526,,Wargear
1526,,Wargear
1526,,Datasheet
1526,,Special (правая колонка)
1527,8346,Core
1527,8350,Faction
1527,,Datasheet
1527,,Datasheet
1527,,Datasheet
1527,,Wargear profile
1533,8339,Core
1533,8343,Core
1533,8382,Faction
1533,,Datasheet
1536,8346,Core
1536,3676,Faction
1536,,Datasheet
1536,,Datasheet
1536,,Wargear
1537,8339,Core
1537,8346,Core
1537,3676,Faction
1537,,Datasheet
1537,,Datasheet
1538,8339,Core
1538,3676,Faction
1538,,Datasheet
1539,8339,Core
1539,3676,Faction
1539,,Datasheet
1540,8339,Core
1540,3676,Faction
1540,,Datasheet
1541,8339,Core
1541,3676,Faction
1541,,Datasheet
1542,8339,Core
1542,3676,Faction
1542,,Datasheet
1542,,Datasheet
1545,8339,Core
1545,3676,Faction
1545,,Datasheet
1545,,Datasheet
1545,,Datasheet
1546,8343,Core
1546,8338,Core
1546,8346,Core
1546,,Datasheet
1546,,Datasheet
1553,8346,Core
1553,8466,Faction
1553,,Datasheet
1553,,Datasheet
1553,,Special (правая колонка)
1556,8343,Core
1556,8346,Core
1556,8359,Faction
1556,,Datasheet
1556,,Datasheet
1557,8339,Core
1557,8391,Faction
1557,,Datasheet
1558,8343,Core
1558,8391,Faction
1558,,Datasheet
1558,,Datasheet
1558,,Special (правая колонка)
1559,8343,Core
1559,8391,Faction
1559,,Datasheet
1559,,Datasheet
1559,,Special (правая колонка)
1560,8391,Faction
1560,,Datasheet
1560,,Datasheet
1560,,Special (правая колонка)
1561,8343,Core
1561,8391,Faction
1561,,Wargear
1561,,Datasheet
1561,,Datasheet
1561,,Special (правая колонка)
1562,8339,Core
1562,8391,Faction
1562,,Datasheet
1563,8343,Core
1563,8391,Faction
1563,,Datasheet
1563,,Datasheet
1563,,Special (правая колонка)
1564,8339,Core
1564,8342,Core
1564,8391,Faction
1564,,Datasheet
1565,8346,Core
1565,8344,Core
1565,8337,Core
1565,,Datasheet
1565,,Datasheet
1567,8343,Core
1567,8346,Core
1567,,Datasheet
1567,,Datasheet
1568,8343,Core
1568,8340,Core
1568,8346,Core
1568,,Datasheet
1568,,Datasheet
1569,8343,Core
1569,8345,Core
1569,8336,Core
1569,8337,Core
1569,,Datasheet
1569,,Datasheet
1569,,Datasheet
1570,8343,Core
1570,8336,Core
1570,,Datasheet
1570,,Datasheet
1571,8343,Core
1571,8346,Core
1571,,Datasheet
1571,,Datasheet
1572,8343,Core
1572,8346,Core
1572,,Datasheet
1572,,Datasheet
1572,,Wargear
1573,8339,Core
1573,8344,Core
1573,,Datasheet
1573,,Wargear
1573,,Wargear
1573,,Wargear
1574,8344,Core
1574,8337,Core
1574,8501,Faction
1574,,Datasheet
1574,,Datasheet
1576,8339,Core
1576,,Datasheet
1576,,Datasheet
1576,,Datasheet
1576,,Fortification (левая колонка)
1577,8339,Core
1577,8369,Faction
1577,,Datasheet
1577,,Datasheet
1579,8338,Core
1579,8346,Core
1579,8452,Faction
1579,,Datasheet
1579,,Datasheet
1579,,Datasheet
1580,8382,Faction
1580,8346,Core
1580,,Datasheet
1580,,Datasheet
1581,8346,Core
1581,8359,Faction
1581,,Datasheet
1581,,Datasheet
1583,8359,Faction
1583,,Datasheet
1583,,Datasheet
1584,8346,Core
1584,8359,Faction
1584,,Datasheet
1584,,Datasheet
1586,8339,Core
1586,8359,Faction
1586,,Datasheet
1587,8339,Core
1587,8359,Faction
1587,,Datasheet
1587,,Datasheet
1587,,Datasheet
1588,8345,Core
1588,8433,Faction
1588,,Datasheet
1588,,Datasheet
1588,,Datasheet
1589,8343,Core
1589,8340,Core
1589,8346,Core
1589,8433,Faction
1589,,Datasheet
1589,,Datasheet
1596,8345,Core
1596,8336,Core
1596,8337,Core
1596,,Datasheet
1596,,Datasheet
1596,,Wargear profile
1598,8345,Core
1598,8336,Core
1598,8337,Core
1598,9894,Faction
1598,,Datasheet
1598,,Datasheet
1600,8346,Core
1600,8359,Faction
1600,,Datasheet
1600,,Datasheet
1601,8338,Core
1601,8359,Faction
1601,,Datasheet
1601,,Special (правая колонка)
1603,8537,Faction
1603,8338,Core
1603,,Datasheet
1604,8359,Faction
1604,,Datasheet
1606,8350,Faction
1606,,Datasheet
1607,8339,Core
1607,8350,Faction
1607,,Datasheet
1607,,Wargear profile
1608,8339,Core
1608,8350,Faction
1608,,Wargear
1608,,Datasheet
1608,,Wargear profile
1609,8339,Core
1609,8342,Core
1609,8350,Faction
1609,,Datasheet
1610,8339,Core
1610,8343,Core
1610,8350,Faction
1610,,Datasheet
1611,8346,Core
1611,8350,Faction
1611,,Datasheet
1611,,Datasheet
1630,8537,Faction
1630,8343,Core
1630,8338,Core
1630,,Wargear
1630,,Datasheet
1647,8343,Core
1647,8340,Core
1647,8346,Core
1647,8433,Faction
1647,,Datasheet
1647,,Datasheet
1648,8339,Core
1648,8343,Core
1648,8433,Faction
1648,,Datasheet
1648,,Datasheet
1648,,Datasheet
1649,8343,Core
1649,8346,Core
1649,8433,Faction
1649,,Datasheet
1649,,Datasheet
1650,8339,Core
1650,8334,Core
1650,8382,Faction
1650,,Datasheet
1650,,Datasheet
1651,8339,Core
1651,8382,Faction
1651,,Datasheet
1651,,Datasheet
1658,8339,Core
1658,8512,Faction
1658,8513,Faction
1658,,Datasheet
1658,,Datasheet
1659,8339,Core
1659,8512,Faction
1659,8513,Faction
1659,,Datasheet
1659,,Datasheet
1660,8339,Core
1660,8512,Faction
1660,8513,Faction
1660,,Datasheet
1660,,Datasheet
1661,8339,Core
1661,8512,Faction
1661,8513,Faction
1661,,Datasheet
1661,,Datasheet
1662,8339,Core
1662,8512,Faction
1662,8513,Faction
1662,,Datasheet
1662,,Wargear profile
1663,8339,Core
1663,8512,Faction
1663,,Datasheet
1663,,Wargear profile
1664,8339,Core
1664,8458,Faction
1664,8460,Faction
1664,,Datasheet
1664,,Wargear profile
1666,8339,Core
1666,8350,Faction
1666,,Datasheet
1667,8339,Core
1667,8350,Faction
1667,,Datasheet
1668,8345,Core
1668,8337,Core
1668,8350,Faction
1668,,Datasheet
1668,,Datasheet
1680,8339,Core
1680,8342,Core
1680,8391,Faction
1680,,Datasheet
1822,8382,Faction
1822,,Datasheet
1822,,Datasheet
1822,,Special (правая колонка)
1825,8339,Core
1825,8350,Faction
1825,,Datasheet
1991,8339,Core
1991,8343,Core
1991,8350,Faction
1991,,Datasheet
1993,8346,Core
1993,3676,Faction
1993,,Datasheet
1993,,Datasheet
1994,8339,Core
1994,,Datasheet
1994,,Wargear profile
1997,8338,Core
1997,8350,Faction
1997,,Datasheet
1997,,Datasheet
1997,,Special (правая колонка)
2063,8346,Core
2063,8466,Faction
2063,,Datasheet
2063,,Datasheet
2063,,Primarch
2063,,Primarch
2063,,Primarch
2063,,Primarch
2063,,Primarch
2063,,Primarch
2064,8339,Core
2064,8346,Core
2064,8466,Faction
2064,,Datasheet
2064,,Datasheet
2066,8343,Core
2066,8466,Faction
2066,,Datasheet
2066,,Wargear
2067,8339,Core
2067,8338,Core
2067,8466,Faction
2067,,Datasheet
2067,,Wargear
2068,8339,Core
2068,8466,Faction
2068,,Datasheet
2068,,Datasheet
2068,,Primarch
2076,8350,Faction
2076,,Datasheet
2077,8339,Core
2077,8538,Faction
2077,,Datasheet
2077,,Datasheet
2080,8346,Core
2080,3676,Faction
2080,,Wargear
2080,,Datasheet
2080,,Datasheet
2081,8382,Faction
2081,,Datasheet
2082,8344,Core
2082,8382,Faction
2082,,Wargear
2082,,Datasheet
2083,8343,Core
2083,8382,Faction
2083,,Datasheet
2084,8343,Core
2084,8382,Faction
2084,,Datasheet
2085,8339,Core
2085,8343,Core
2085,8342,Core
2085,8382,Faction
2085,,Wargear
2085,,Wargear
2085,,Datasheet
2086,8339,Core
2086,8342,Core
2086,8382,Faction
2086,,Wargear
2086,,Wargear
2086,,Datasheet
2087,8339,Core
2087,8342,Core
2087,8382,Faction
2087,,Wargear
2087,,Wargear
2087,,Datasheet
2088,8338,Core
2088,8346,Core
2088,8344,Core
2088,,Datasheet
2088,,Datasheet
2088,,Datasheet
2090,8346,Core
2090,8452,Faction
2090,,Datasheet
2090,,Datasheet
2090,,Datasheet
2092,8338,Core
2092,8369,Faction
2092,,Datasheet
2092,,Datasheet
2092,,Datasheet
2093,8537,Faction
2093,8336,Core
2093,,Datasheet
2093,,Datasheet
2098,8350,Faction
2098,,Datasheet
2098,,Datasheet
2099,8350,Faction
2099,,Datasheet
2100,8346,Core
2100,8350,Faction
2100,,Datasheet
2100,,Datasheet
2102,8339,Core
2102,8343,Core
2102,8350,Faction
2102,,Datasheet
2103,8350,Faction
2103,,Wargear
2103,,Datasheet
2103,,Datasheet
2103,,Datasheet
2105,8343,Core
2105,8346,Core
2105,8350,Faction
2105,,Datasheet
2105,,Datasheet
2105,,Fortification (левая колонка)
2108,8346,Core
2108,8369,Faction
2108,,Datasheet
2108,,Datasheet
2109,8346,Core
2109,8369,Faction
2109,,Datasheet
2109,,Datasheet
2110,8369,Faction
2110,,Wargear
2110,,Datasheet
2111,8369,Faction
2111,,Datasheet
2111,,Datasheet
2111,,Special (правая колонка)
2112,8338,Core
2112,8369,Faction
2112,,Datasheet
2114,8369,Faction
2114,,Datasheet
2114,,Datasheet
2115,8339,Core
2115,8369,Faction
2115,,Datasheet
2116,8369,Faction
2116,,Datasheet
2173,8339,Core
2173,8350,Faction
2173,,Datasheet
2173,,Wargear profile
2199,8346,Core
2199,8350,Faction
2199,,Datasheet
2199,,Datasheet
2199,,Datasheet
2202,8350,Faction
2202,,Datasheet
2202,,Datasheet
2202,,Datasheet
2234,8346,Core
2234,8350,Faction
2234,,Datasheet
2234,,Datasheet
2252,8339,Core
2252,8350,Faction
2252,,Datasheet
2255,8350,Faction
2255,,Datasheet
2258,8339,Core
2258,8350,Faction
2258,,Datasheet
2258,,Wargear profile
2266,8346,Core
2266,8350,Faction
2266,,Datasheet
2266,,Datasheet
2267,8339,Core
2267,8343,Core
2267,8350,Faction
2267,,Datasheet
2268,8339,Core
2268,8350,Faction
2268,,Datasheet
2268,,Wargear profile
2268,,Wargear profile
2269,8339,Core
2269,8350,Faction
2269,,Datasheet
2270,8350,Faction
2270,,Datasheet
2285,8338,Core
2285,8350,Faction
2285,,Datasheet
2285,,Datasheet
2285,,Special (правая колонка)
2291,8346,Core
2291,8350,Faction
2291,,Datasheet
2291,,Datasheet
2296,8346,Core
2296,8350,Faction
2296,,Datasheet
2296,,Datasheet
2302,8343,Core
2302,8350,Faction
2302,,Wargear
2302,,Datasheet
2302,,Datasheet
2302,,Datasheet
2302,,Special (правая колонка)
2350,8346,Core
2350,8369,Faction
2350,,Datasheet
2350,,Datasheet
2351,8346,Core
2351,8369,Faction
2351,,Wargear
2351,,Wargear
2351,,Datasheet
2351,,Datasheet
2352,8346,Core
2352,8369,Faction
2352,,Datasheet
2352,,Datasheet
2353,8346,Core
2353,8369,Faction
2353,,Datasheet
2353,,Datasheet
2354,8346,Core
2354,8369,Faction
2354,,Datasheet
2354,,Datasheet
2355,8343,Core
2355,8336,Core
2355,8369,Faction
2355,,Datasheet
2355,,Datasheet
2357,8339,Core
2357,8338,Core
2357,8369,Faction
2357,,Datasheet
2357,,Datasheet
2357,,Special (правая колонка)
2358,8343,Core
2358,8369,Faction
2358,,Wargear
2358,,Datasheet
2359,8369,Faction
2359,,Datasheet
2360,8339,Core
2360,8369,Faction
2360,,Datasheet
2360,,Datasheet
2360,,Special (правая колонка)
2360,,Special (правая колонка)
2360,,Primarch
2360,,Primarch
2360,,Primarch
2361,8369,Faction
2361,,Datasheet
2361,,Datasheet
2361,,Datasheet
2361,,Special (правая колонка)
2362,8339,Core
2362,8369,Faction
2362,,Datasheet
2362,,Datasheet
2362,,Fortification (левая колонка)
2363,8338,Core
2363,8537,Faction
2363,,Datasheet
2374,,Wargear
2374,,Datasheet
2374,,Special (правая колонка)
2375,8346,Core
2375,,Datasheet
2375,,Datasheet
2377,8343,Core
2377,,Datasheet
2377,,Special (правая колонка)
2378,8346,Core
2378,8377,Faction
2378,,Datasheet
2378,,Datasheet
2378,,Special (правая колонка)
2379,8339,Core
2379,8334,Core
2379,,Datasheet
2379,,Wargear profile
2453,8339,Core
2453,3676,Faction
2453,,Datasheet
2453,,Datasheet
2459,8339,Core
2459,,Datasheet
2459,,Datasheet
2459,,Datasheet
2459,,Special (правая колонка)
2460,8343,Core
2460,8346,Core
2460,8396,Faction
2460,,Datasheet
2460,,Datasheet
2461,8339,Core
2461,8396,Faction
2461,,Datasheet
2462,8339,Core
2462,8396,Faction
2462,,Datasheet
2462,,Datasheet
2462,,Datasheet
2462,,Fortification (левая колонка)
2468,8343,Core
2468,8346,Core
2468,8350,Faction
2468,,Wargear
2468,,Datasheet
2468,,Datasheet
2471,8507,Faction
2471,,Datasheet
2471,,Datasheet
2471,,Datasheet
2471,,Datasheet
2471,,Special (правая колонка)
2472,8346,Core
2472,8466,Faction
2472,,Datasheet
2472,,Datasheet
2473,8346,Core
2473,8350,Faction
2473,,Datasheet
2473,,Datasheet
2477,8382,Faction
2477,8346,Core
2477,,Datasheet
2477,,Datasheet
2478,8346,Core
2478,8382,Faction
2478,,Datasheet
2478,,Datasheet
2479,8339,Core
2479,8346,Core
2479,8466,Faction
2479,,Datasheet
2479,,Datasheet
2479,,Special (правая колонка)
2480,8346,Core
2480,8466,Faction
2480,,Datasheet
2480,,Datasheet
2481,8466,Faction
2481,,Datasheet
2482,8346,Core
2482,8466,Faction
2482,,Datasheet
2482,,Datasheet
2483,8466,Faction
2483,,Datasheet
2484,8339,Core
2484,8466,Faction
2484,,Datasheet
2484,,Wargear profile
2485,8340,Core
2485,8345,Core
2485,8336,Core
2485,8337,Core
2485,8377,Faction
2485,,Datasheet
2485,,Datasheet
2485,,Special (правая колонка)
2488,8338,Core
2488,8346,Core
2488,3676,Faction
2488,,Datasheet
2488,,Datasheet
2489,8338,Core
2489,8346,Core
2489,3676,Faction
2489,,Datasheet
2489,,Datasheet
2490,8338,Core
2490,8346,Core
2490,3676,Faction
2490,,Datasheet
2490,,Datasheet
2491,8338,Core
2491,8346,Core
2491,3676,Faction
2491,,Wargear
2491,,Datasheet
2491,,Datasheet
2492,8339,Core
2492,8338,Core
2492,8346,Core
2492,3676,Faction
2492,,Datasheet
2492,,Datasheet
2493,8338,Core
2493,8346,Core
2493,3676,Faction
2493,,Datasheet
2493,,Datasheet
2494,8338,Core
2494,3676,Faction
2494,,Datasheet
2496,8338,Core
2496,3676,Faction
2496,,Datasheet
2496,,Wargear
2497,8339,Core
2497,8338,Core
2497,3676,Faction
2497,,Datasheet
2497,,Wargear profile
2498,8339,Core
2498,8338,Core
2498,8334,Core
2498,3676,Faction
2498,,Datasheet
2498,,Wargear profile
2499,8339,Core
2499,8334,Core
2499,3676,Faction
2499,,Datasheet
2499,,Datasheet
2499,,Datasheet
2500,8346,Core
2500,8424,Faction
2500,,Datasheet
2500,,Datasheet
2501,8339,Core
2501,,Datasheet
2507,8345,Core
2507,8466,Faction
2507,,Datasheet
2507,,Wargear
2507,,Wargear
2509,8452,Faction
2509,,Datasheet
2509,,Special (правая колонка)
2518,8343,Core
2518,8346,Core
2518,8391,Faction
2518,,Datasheet
2518,,Datasheet
2519,8343,Core
2519,8338,Core
2519,8346,Core
2519,8391,Faction
2519,,Datasheet
2519,,Datasheet
2520,8346,Core
2520,8344,Core
2520,,Datasheet
2520,,Datasheet
2520,,Datasheet
2521,,Datasheet
2521,,Datasheet
2522,,Datasheet
2522,,Datasheet
2523,8344,Core
2523,,Datasheet
2523,,Datasheet
2524,8339,Core
2524,8334,Core
2524,,Datasheet
2524,,Datasheet
2524,,Wargear profile
2525,8343,Core
2525,8345,Core
2525,8336,Core
2525,8337,Core
2525,,Datasheet
2525,,Datasheet
2525,,Wargear profile
2528,8339,Core
2528,8343,Core
2528,707,Faction
2528,705,Faction
2528,,Datasheet
2528,,Datasheet
2529,8343,Core
2529,8336,Core
2529,8337,Core
2529,705,Faction
2529,,Datasheet
2529,,Datasheet
2530,8343,Core
2530,8345,Core
2530,8346,Core
2530,8344,Core
2530,8350,Faction
2530,,Datasheet
2530,,Datasheet
2531,8344,Core
2531,9894,Faction
2531,,Datasheet
2531,,Wargear
2532,8344,Core
2532,9894,Faction
2532,,Datasheet
2532,,Wargear
2532,,Wargear
2532,,Wargear
2533,8344,Core
2533,8337,Core
2533,9894,Faction
2533,,Datasheet
2534,8346,Core
2534,9894,Faction
2534,9896,Faction
2534,,Datasheet
2534,,Datasheet
2534,,Fortification (левая колонка)
2534,,Wargear
2535,8346,Core
2535,8337,Core
2535,9894,Faction
2535,9896,Faction
2535,,Datasheet
2535,,Datasheet
2535,,Wargear
2535,,Fortification (левая колонка)
2536,9894,Faction
2536,9896,Faction
2536,,Datasheet
2536,,Wargear
2537,8336,Core
2537,9894,Faction
2537,9896,Faction
2537,,Datasheet
2537,,Datasheet
2537,,Wargear
2537,,Fortification (левая колонка)
2538,8340,Core
2538,8336,Core
2538,8337,Core
2538,9894,Faction
2538,9896,Faction
2538,,Datasheet
2538,,Datasheet
2538,,Fortification (левая колонка)
2538,,Wargear
2539,9894,Faction
2539,9896,Faction
2539,,Datasheet
2540,8339,Core
2540,8337,Core
2540,9894,Faction
2540,9896,Faction
2540,,Datasheet
2541,8339,Core
2541,8334,Core
2541,9894,Faction
2541,9896,Faction
2541,,Datasheet
2542,8346,Core
2542,9894,Faction
2542,9896,Faction
2542,,Datasheet
2542,,Datasheet
2542,,Fortification (левая колонка)
2543,8346,Core
2543,9894,Faction
2543,9896,Faction
2543,,Datasheet
2543,,Datasheet
2543,,Fortification (левая колонка)
2544,8339,Core
2544,8343,Core
2544,9894,Faction
2544,9896,Faction
2544,,Datasheet
2544,,Datasheet
2544,,Fortification (левая колонка)
2562,8339,Core
2562,8512,Faction
2562,,Datasheet
2563,8339,Core
2563,8344,Core
2563,8512,Faction
2563,,Datasheet
2564,8339,Core
2564,8512,Faction
2564,,Datasheet
2565,8339,Core
2565,8512,Faction
2565,,Datasheet
2566,8339,Core
2566,8512,Faction
2566,,Datasheet
2567,8339,Core
2567,8512,Faction
2567,8513,Faction
2567,,Datasheet
2567,,Datasheet
2568,8339,Core
2568,8334,Core
2568,8350,Faction
2568,,Datasheet
2568,,Wargear
2568,,Wargear
2569,8346,Core
2569,8359,Faction
2569,,Datasheet
2569,,Datasheet
2569,,Wargear
2570,8359,Faction
2570,,Datasheet
2570,,Wargear
2571,8338,Core
2571,8344,Core
2571,8359,Faction
2571,,Datasheet
2572,8339,Core
2572,8359,Faction
2572,,Datasheet
2582,8339,Core
2582,8343,Core
2582,8433,Faction
2582,,Datasheet
2582,,Datasheet
2582,,Datasheet
2583,8343,Core
2583,8345,Core
2583,8433,Faction
2583,,Datasheet
2583,,Datasheet
2583,,Datasheet
2584,8343,Core
2584,8433,Faction
2584,,Wargear
2584,,Wargear
2584,,Datasheet
2584,,Special (правая колонка)
2587,8452,Faction
2587,,Datasheet
2587,,Datasheet
2587,,Datasheet
2587,,Wargear
2587,,Wargear profile
2588,8345,Core
2588,8337,Core
2588,,Wargear
2588,,Datasheet
2589,8346,Core
2589,8359,Faction
2589,,Datasheet
2589,,Datasheet
2590,8359,Faction
2590,,Datasheet
2591,8338,Core
2591,8359,Faction
2591,,Datasheet
2592,8338,Core
2592,8359,Faction
2592,,Datasheet
2593,8346,Core
2593,10432,Faction
2593,,Datasheet
2593,,Datasheet
2593,,Wargear
2594,8346,Core
2594,10432,Faction
2594,,Datasheet
2594,,Datasheet
2594,,Wargear
2594,,Wargear
2595,8346,Core
2595,10432,Faction
2595,,Datasheet
2595,,Datasheet
2595,,Wargear
2595,,Wargear
2596,8346,Core
2596,10432,Faction
2596,,Datasheet
2596,,Datasheet
2597,8346,Core
2597,10432,Faction
2597,,Datasheet
2597,,Datasheet
2597,,Datasheet
2598,8338,Core
2598,10432,Faction
2598,,Datasheet
2598,,Datasheet
2598,,Wargear
2599,10432,Faction
2599,,Datasheet
2599,,Wargear
2599,,Wargear
2600,8338,Core
2600,10432,Faction
2600,,Datasheet
2600,,Datasheet
2601,8344,Core
2601,10432,Faction
2601,,Datasheet
2601,,Wargear
2601,,Wargear
2601,,Wargear
2602,8339,Core
2602,10432,Faction
2602,,Datasheet
2603,10432,Faction
2603,,Datasheet
2603,,Wargear profile
2604,8339,Core
2604,10432,Faction
2604,,Datasheet
2604,,Wargear
2604,,Wargear profile
2604,,Wargear profile
2605,8346,Core
2605,8377,Faction
2605,,Datasheet
2605,,Datasheet
2605,,Special (правая колонка)
2605,,Special (правая колонка)
2606,8346,Core
2606,8377,Faction
2606,,Datasheet
2606,,Datasheet
2606,,Special (правая колонка)
2607,8346,Core
2607,8377,Faction
2607,,Datasheet
2607,,Datasheet
2607,,Special (правая колонка)
2609,8346,Core
2609,8377,Faction
2609,,Datasheet
2609,,Wargear
2609,,Wargear
2609,,Wargear
2609,,Special (правая колонка)
2610,,Datasheet
2610,,Datasheet
2610,,Datasheet
2610,,Special (правая колонка)
2612,,Datasheet
2612,,Wargear
2613,,Datasheet
2613,,Wargear
2613,,Wargear
2614,8344,Core
2614,,Datasheet
2614,,Wargear
2615,8344,Core
2615,,Datasheet
2615,,Wargear
2615,,Wargear
2616,,Datasheet
2617,8339,Core
2617,,Datasheet
2619,,Datasheet
2619,,Datasheet
2619,,Datasheet
2619,,Datasheet
2619,,Special (правая колонка)
2621,8339,Core
2621,8343,Core
2621,8428,Faction
2621,,Datasheet
2621,,Datasheet
2621,,Fortification (левая колонка)
2621,,Primarch
2621,,Primarch
2621,,Primarch
2622,8346,Core
2622,8428,Faction
2622,,Datasheet
2622,,Datasheet
2622,,Datasheet
2623,8346,Core
2623,8343,Core
2623,8344,Core
2623,8428,Faction
2623,,Datasheet
2623,,Datasheet
2624,8339,Core
2624,8428,Faction
2624,,Datasheet
2624,,Datasheet
2624,,Datasheet
2625,8346,Core
2625,8428,Faction
2625,,Datasheet
2625,,Datasheet
2626,8346,Core
2626,8428,Faction
2626,,Datasheet
2626,,Datasheet
2627,8428,Faction
2627,,Datasheet
2627,,Wargear
2628,8428,Faction
2628,,Datasheet
2628,,Wargear
2629,8343,Core
2629,8428,Faction
2629,,Datasheet
2630,8344,Core
2630,8428,Faction
2630,,Datasheet
2631,8343,Core
2631,8428,Faction
2631,,Datasheet
2632,8339,Core
2632,8428,Faction
2632,,Datasheet
2632,,Datasheet
2633,8338,Core
2633,8344,Core
2633,8428,Faction
2633,,Datasheet
2634,8339,Core
2634,8428,Faction
2634,,Datasheet
2635,8339,Core
2635,8428,Faction
2635,,Datasheet
2635,,Datasheet
2636,8339,Core
2636,8428,Faction
2636,,Datasheet
2637,8339,Core
2637,8428,Faction
2637,,Datasheet
2638,8339,Core
2638,8428,Faction
2638,,Datasheet
2639,8339,Core
2639,8428,Faction
2639,,Datasheet
2639,,Datasheet
2640,8339,Core
2640,8334,Core
2640,8428,Faction
2640,,Datasheet
2641,8339,Core
2641,8342,Core
2641,8428,Faction
2641,,Datasheet
2642,8339,Core
2642,8428,Faction
2642,,Datasheet
2642,,Datasheet
2677,8343,Core
2677,8346,Core
2677,8350,Faction
2677,,Datasheet
2677,,Datasheet
2677,,Wargear
2678,8338,Core
2678,8346,Core
2678,8350,Faction
2678,,Datasheet
2678,,Datasheet
2679,8339,Core
2679,8343,Core
2679,8359,Faction
2679,,Datasheet
2679,,Datasheet
2679,,Datasheet
2682,8343,Core
2682,8340,Core
2682,8350,Faction
2682,,Datasheet
2682,,Datasheet
2682,,Datasheet
2682,,Special (правая колонка)
2682,,Primarch
2682,,Primarch
2682,,Primarch
2683,8452,Faction
2683,,Datasheet
2683,,Wargear
2684,8452,Faction
2684,,Datasheet
2684,,Wargear
2685,8452,Faction
2685,,Datasheet
2685,,Wargear
2685,,Wargear
2685,,Wargear
2686,705,Faction
2686,,Datasheet
2687,705,Faction
2687,,Datasheet
2688,8346,Core
2688,705,Faction
2688,707,Faction
2688,,Datasheet
2688,,Datasheet
2688,,Datasheet
2689,8339,Core
2689,8338,Core
2689,705,Faction
2689,,Datasheet
2689,,Datasheet
2690,8339,Core
2690,705,Faction
2690,,Datasheet
2691,707,Faction
2691,705,Faction
2691,,Datasheet
2692,707,Faction
2692,705,Faction
2692,,Datasheet
2693,8340,Core
2693,8345,Core
2693,8337,Core
2693,705,Faction
2693,,Datasheet
2694,8343,Core
2694,8346,Core
2694,707,Faction
2694,705,Faction
2694,,Datasheet
2694,,Datasheet
2700,8339,Core
2700,8350,Faction
2700,,Datasheet
2701,8345,Core
2701,8346,Core
2701,8337,Core
2701,8350,Faction
2701,,Datasheet
2701,,Datasheet
2702,8346,Core
2702,8350,Faction
2702,,Wargear
2702,,Datasheet
2702,,Datasheet
2703,8350,Faction
2703,,Datasheet
2703,,Wargear
2704,8339,Core
2704,8350,Faction
2704,,Datasheet
2705,8339,Core
2705,8350,Faction
2705,,Datasheet
2706,8339,Core
2706,8350,Faction
2706,,Wargear
2706,,Datasheet
2706,,Wargear profile
2707,8346,Core
2707,8350,Faction
2707,,Datasheet
2707,,Datasheet
2708,8343,Core
2708,8346,Core
2708,8336,Core
2708,8337,Core
2708,8350,Faction
2708,,Datasheet
2708,,Datasheet
2708,,Fortification (левая колонка)
2709,8346,Core
2709,8350,Faction
2709,,Datasheet
2709,,Datasheet
2709,,Fortification (левая колонка)
2710,8339,Core
2710,8350,Faction
2710,,Datasheet
2710,,Wargear profile
2711,8339,Core
2711,8343,Core
2711,8350,Faction
2711,,Datasheet
2712,8350,Faction
2712,,Datasheet
2713,8338,Core
2713,8346,Core
2713,8350,Faction
2713,,Datasheet
2713,,Datasheet
2713,,Fortification (левая колонка)
2713,,Fortification (левая колонка)
2714,8339,Core
2714,8350,Faction
2714,,Datasheet
2714,,Wargear profile
2715,8339,Core
2715,8350,Faction
2715,,Datasheet
2715,,Wargear profile
2717,8339,Core
2717,8350,Faction
2717,,Datasheet
2718,8344,Core
2718,8350,Faction
2718,,Datasheet
2718,,Datasheet
2718,,Wargear
2718,,Wargear
2719,8339,Core
2719,8350,Faction
2719,,Datasheet
2719,,Wargear profile
2720,8339,Core
2720,8350,Faction
2720,,Datasheet
2720,,Wargear profile
2721,8339,Core
2721,8350,Faction
2721,,Datasheet
2721,,Wargear profile
2722,8339,Core
2722,8350,Faction
2722,,Datasheet
2723,8339,Core
2723,8334,Core
2723,8350,Faction
2723,,Datasheet
2723,,Wargear profile
2724,8339,Core
2724,8342,Core
2724,8350,Faction
2724,,Datasheet
2725,8350,Faction
2725,,Datasheet
2726,8338,Core
2726,8346,Core
2726,8350,Faction
2726,,Datasheet
2726,,Datasheet
2727,8339,Core
2727,8350,Faction
2727,,Datasheet
2727,,Wargear profile
2728,8339,Core
2728,8350,Faction
2728,,Datasheet
2728,,Wargear profile
2729,8339,Core
2729,8350,Faction
2729,,Datasheet
2730,8339,Core
2730,8343,Core
2730,8359,Faction
2730,,Datasheet
2730,,Datasheet
2730,,Primarch
2730,,Primarch
2730,,Primarch
2730,,Primarch
2730,,Primarch
2731,8346,Core
2731,8359,Faction
2731,,Datasheet
2731,,Datasheet
2732,8359,Faction
2732,,Datasheet
2732,,Special (правая колонка)
2733,8359,Faction
2733,,Datasheet
2734,8359,Faction
2734,,Datasheet
2734,,Special (правая колонка)
2735,8338,Core
2735,8359,Faction
2735,,Datasheet
2735,,Special (правая колонка)
2736,8343,Core
2736,3676,Faction
2736,,Datasheet
2737,8343,Core
2737,8338,Core
2737,8350,Faction
2737,,Datasheet
2737,,Datasheet
2737,,Special (правая колонка)
2738,8343,Core
2738,8346,Core
2738,8350,Faction
2738,,Datasheet
2738,,Datasheet
2739,8339,Core
2739,,Datasheet
2739,,Datasheet
2739,,Fortification (левая колонка)
2740,8339,Core
2740,8343,Core
2740,,Datasheet
2740,,Wargear profile
2741,8339,Core
2741,,Datasheet
2741,,Wargear profile
2742,8339,Core
2742,,Datasheet
2742,,Wargear profile
2743,8339,Core
2743,,Datasheet
2743,,Wargear profile
2744,8339,Core
2744,,Datasheet
2744,,Wargear profile
2745,8339,Core
2745,,Datasheet
2745,,Wargear profile
2746,8343,Core
2746,,Datasheet
2746,,Wargear
2748,8350,Faction
2748,8346,Core
2748,,Datasheet
2748,,Datasheet
2748,,Datasheet
2749,8339,Core
2749,8343,Core
2749,8396,Faction
2749,,Datasheet
2749,,Datasheet
2750,8346,Core
2750,8396,Faction
2750,,Datasheet
2750,,Datasheet
2751,8339,Core
2751,707,Faction
2751,705,Faction
2751,,Datasheet
2751,,Datasheet
2752,8339,Core
2752,707,Faction
2752,705,Faction
2752,,Datasheet
2752,,Datasheet
2752,,Wargear profile
2753,8345,Core
2753,8336,Core
2753,8337,Core
2753,707,Faction
2753,705,Faction
2753,,Datasheet
2753,,Datasheet
2753,,Datasheet
2755,8346,Core
2755,8424,Faction
2755,,Datasheet
2755,,Datasheet
2757,8339,Core
2757,8343,Core
2757,8428,Faction
2757,,Datasheet
2757,,Datasheet
2758,8339,Core
2758,8343,Core
2758,8433,Faction
2758,,Datasheet
2758,,Datasheet
2758,,Special (правая колонка)
2758,,Primarch
2758,,Primarch
2758,,Primarch
2758,,Primarch
2759,8343,Core
2759,8346,Core
2759,9894,Faction
2759,,Datasheet
2759,,Datasheet
2760,8343,Core
2760,8346,Core
2760,8452,Faction
2760,,Datasheet
2760,,Datasheet
2760,,Wargear
2760,,Wargear
2761,8343,Core
2761,8452,Faction
2761,,Datasheet
2762,8346,Core
2762,8452,Faction
2762,,Datasheet
2762,,Datasheet
2762,,Wargear
2763,8345,Core
2763,8346,Core
2763,8452,Faction
2763,,Datasheet
2763,,Datasheet
2764,8345,Core
2764,8346,Core
2764,8452,Faction
2764,,Datasheet
2764,,Datasheet
2765,8346,Core
2765,8452,Faction
2765,,Datasheet
2765,,Datasheet
2766,8336,Core
2766,8452,Faction
2766,,Datasheet
2766,,Datasheet
2767,8452,Faction
2767,,Datasheet
2767,,Wargear
2767,,Special (правая колонка)
2768,8339,Core
2768,,Datasheet
2768,,Wargear profile
2769,8339,Core
2769,8458,Faction
2769,,Datasheet
2769,,Wargear profile
2770,8336,Core
2770,,Fortification (левая колонка)
2771,8343,Core
2771,8340,Core
2771,8336,Core
2771,8466,Faction
2771,,Datasheet
2771,,Datasheet
2772,8350,Faction
2772,,Datasheet
2772,,Datasheet
2772,,Special (правая колонка)
2773,8346,Core
2773,8350,Faction
2773,,Datasheet
2773,,Datasheet
2775,8346,Core
2775,8350,Faction
2775,,Datasheet
2775,,Datasheet
2776,8343,Core
2776,8350,Faction
2776,,Datasheet
2779,8345,Core
2779,8344,Core
2779,8521,Faction
2779,8350,Faction
2779,,Datasheet
2779,,Wargear
2779,,Wargear
2779,,Wargear
2779,,Special (правая колонка)
2780,8521,Faction
2780,8350,Faction
2780,,Datasheet
2780,,Special (правая колонка)
2781,8521,Faction
2781,8350,Faction
2781,,Datasheet
2781,,Fortification (левая колонка)
2783,8521,Faction
2783,8350,Faction
2783,,Datasheet
2783,,Wargear
2783,,Special (правая колонка)
2786,8339,Core
2786,8334,Core
2786,8526,Faction
2786,,Datasheet
2786,,Wargear
2786,,Wargear
2787,8339,Core
2787,8526,Faction
2787,,Datasheet
2788,8339,Core
2788,8526,Faction
2788,,Datasheet
2789,8339,Core
2789,8526,Faction
2789,,Datasheet
2790,8339,Core
2790,8526,Faction
2790,,Datasheet
2791,8339,Core
2791,8526,Faction
2791,,Datasheet
2791,,Wargear profile
2792,8338,Core
2792,8346,Core
2792,8526,Faction
2792,,Datasheet
2792,,Datasheet
2792,,Primarch
2792,,Primarch
2792,,Primarch
2793,8346,Core
2793,8526,Faction
2793,,Datasheet
2793,,Datasheet
2794,8346,Core
2794,8526,Faction
2794,,Datasheet
2794,,Datasheet
2795,8346,Core
2795,8336,Core
2795,8526,Faction
2795,,Datasheet
2795,,Datasheet
2795,,Fortification (левая колонка)
2796,8346,Core
2796,8526,Faction
2796,,Datasheet
2796,,Datasheet
2798,8526,Faction
2798,,Datasheet
2798,,Special (правая колонка)
2799,8526,Faction
2799,,Datasheet
2799,,Special (правая колонка)
2801,8339,Core
2801,8350,Faction
2801,,Datasheet
2801,,Wargear
2807,8537,Faction
2807,8339,Core
2807,8334,Core
2807,,Wargear
2807,,Datasheet
2807,,Datasheet
2807,,Fortification (левая колонка)
2807,,Fortification (левая колонка)
2808,8339,Core
2808,8334,Core
2808,8537,Faction
2808,,Datasheet
2808,,Datasheet
2808,,Datasheet
2808,,Wargear
2808,,Fortification (левая колонка)
2809,8537,Faction
2809,,Datasheet
2809,,Datasheet
2809,,Datasheet
2809,,Fortification (левая колонка)
2810,8537,Faction
2810,,Datasheet
2810,,Datasheet
2810,,Datasheet
2810,,Fortification (левая колонка)
2811,8537,Faction
2811,,Datasheet
2811,,Datasheet
2811,,Fortification (левая колонка)
3582,8428,Faction
3582,,Datasheet
3582,,Wargear
3583,8424,Faction
3583,,Datasheet
3583,,Wargear
3584,8396,Faction
3584,,Datasheet
3584,,Wargear
3585,8339,Core
3585,8342,Core
3585,8396,Faction
3585,,Wargear
3585,,Datasheet
3586,8339,Core
3586,8343,Core
3586,8396,Faction
3586,,Datasheet
3587,8339,Core
3587,8428,Faction
3587,,Datasheet
3587,,Wargear profile
3588,8339,Core
3588,8342,Core
3588,8428,Faction
3588,,Wargear
3588,,Datasheet
3589,8339,Core
3589,8428,Faction
3589,,Datasheet
3589,,Datasheet
3590,8339,Core
3590,8428,Faction
3590,,Datasheet
3590,,Datasheet
3591,8339,Core
3591,8342,Core
3591,,Wargear
3591,,Datasheet
3592,8346,Core
3592,8396,Faction
3592,,Datasheet
3592,,Datasheet
3593,8338,Core
3593,8396,Faction
3593,,Datasheet
3594,8339,Core
3594,8396,Faction
3594,,Datasheet
3595,8339,Core
3595,8396,Faction
3595,,Datasheet
3596,8338,Core
3596,8396,Faction
3596,,Datasheet
3597,8346,Core
3597,8424,Faction
3597,,Datasheet
3597,,Datasheet
3598,8339,Core
3598,,Datasheet
3599,8339,Core
3599,,Datasheet
3600,8346,Core
3600,8396,Faction
3600,,Datasheet
3600,,Datasheet
3601,8339,Core
3601,8428,Faction
3601,,Datasheet
3602,8339,Core
3602,8428,Faction
3602,,Datasheet
3603,8339,Core
3603,8343,Core
3603,,Datasheet
3604,8339,Core
3604,8343,Core
3604,8396,Faction
3604,,Datasheet
3605,8339,Core
3605,8343,Core
3605,8428,Faction
3605,,Datasheet
3606,8339,Core
3606,8343,Core
3606,8359,Faction
3606,,Datasheet
3607,8339,Core
3607,,Datasheet
3607,,Wargear profile
3608,8339,Core
3608,8396,Faction
3608,,Datasheet
3608,,Wargear profile
3609,8339,Core
3609,8428,Faction
3609,,Datasheet
3609,,Wargear profile
3610,8339,Core
3610,8359,Faction
3610,,Datasheet
3610,,Wargear profile
3611,8339,Core
3611,,Wargear
3611,,Datasheet
3611,,Wargear profile
3612,8339,Core
3612,8396,Faction
3612,,Wargear
3612,,Datasheet
3612,,Wargear profile
3613,8339,Core
3613,8428,Faction
3613,,Wargear
3613,,Datasheet
3613,,Wargear profile
3614,8339,Core
3614,8359,Faction
3614,,Wargear
3614,,Datasheet
3614,,Wargear profile
3615,8339,Core
3615,8342,Core
3615,,Datasheet
3616,8339,Core
3616,8342,Core
3616,8396,Faction
3616,,Datasheet
3617,8339,Core
3617,8342,Core
3617,8428,Faction
3617,,Datasheet
3618,8339,Core
3618,8342,Core
3618,8359,Faction
3618,,Datasheet
3619,8339,Core
3619,,Datasheet
3620,8339,Core
3620,8396,Faction
3620,,Datasheet
3621,8339,Core
3621,8428,Faction
3621,,Datasheet
3622,8339,Core
3622,8359,Faction
3622,,Datasheet
3623,8339,Core
3623,,Datasheet
3624,8339,Core
3624,8396,Faction
3624,,Datasheet
3625,8339,Core
3625,8428,Faction
3625,,Datasheet
3626,8339,Core
3626,8359,Faction
3626,,Datasheet
3627,8339,Core
3627,,Datasheet
3628,8339,Core
3628,8396,Faction
3628,,Datasheet
3629,8339,Core
3629,8428,Faction
3629,,Datasheet
3630,8339,Core
3630,8359,Faction
3630,,Datasheet
3631,8339,Core
3631,,Datasheet
3631,,Wargear profile
3632,8339,Core
3632,8396,Faction
3632,,Datasheet
3632,,Wargear profile
3633,8339,Core
3633,8428,Faction
3633,,Datasheet
3633,,Wargear profile
3634,8339,Core
3634,8359,Faction
3634,,Datasheet
3634,,Wargear profile
3635,8339,Core
3635,8342,Core
3635,,Datasheet
3636,8339,Core
3636,8342,Core
3636,8396,Faction
3636,,Datasheet
3637,8339,Core
3637,8342,Core
3637,8428,Faction
3637,,Datasheet
3638,8339,Core
3638,8342,Core
3638,8359,Faction
3638,,Datasheet
3639,8339,Core
3639,,Datasheet
3639,,Wargear profile
3640,8339,Core
3640,8396,Faction
3640,,Datasheet
3640,,Wargear profile
3641,8339,Core
3641,8428,Faction
3641,,Datasheet
3641,,Wargear profile
3642,8339,Core
3642,8359,Faction
3642,,Datasheet
3642,,Wargear profile
3643,8339,Core
3643,,Datasheet
3644,8339,Core
3644,8396,Faction
3644,,Datasheet
3645,8339,Core
3645,8428,Faction
3645,,Datasheet
3646,8339,Core
3646,8359,Faction
3646,,Datasheet
3647,8339,Core
3647,,Datasheet
3647,,Wargear profile
3648,8339,Core
3648,8396,Faction
3648,,Datasheet
3648,,Wargear profile
3649,8339,Core
3649,8428,Faction
3649,,Datasheet
3649,,Wargear profile
3650,8339,Core
3650,8359,Faction
3650,,Datasheet
3650,,Wargear profile
3651,8339,Core
3651,,Datasheet
3652,8339,Core
3652,8396,Faction
3652,,Datasheet
3653,8339,Core
3653,8428,Faction
3653,,Datasheet
3654,8339,Core
3654,8359,Faction
3654,,Datasheet
3655,8339,Core
3655,,Datasheet
3655,,Wargear profile
3656,8339,Core
3656,8396,Faction
3656,,Datasheet
3656,,Wargear profile
3657,8339,Core
3657,8428,Faction
3657,,Datasheet
3657,,Wargear profile
3658,8339,Core
3658,8359,Faction
3658,,Datasheet
3658,,Wargear profile
3659,8339,Core
3659,,Datasheet
3659,,Wargear profile
3660,8339,Core
3660,8396,Faction
3660,,Datasheet
3660,,Wargear profile
3661,8339,Core
3661,8428,Faction
3661,,Datasheet
3661,,Wargear profile
3662,8339,Core
3662,8359,Faction
3662,,Datasheet
3662,,Wargear profile
3663,8339,Core
3663,,Datasheet
3664,8339,Core
3664,8396,Faction
3664,,Datasheet
3665,8339,Core
3665,8428,Faction
3665,,Datasheet
3666,8339,Core
3666,8359,Faction
3666,,Datasheet
3667,,Datasheet
3668,8396,Faction
3668,,Datasheet
3669,8428,Faction
3669,,Datasheet
3670,8359,Faction
3670,,Datasheet
3671,8339,Core
3671,8342,Core
3671,,Datasheet
3672,8339,Core
3672,8342,Core
3672,8396,Faction
3672,,Datasheet
3673,8339,Core
3673,8342,Core
3673,8428,Faction
3673,,Datasheet
3674,8339,Core
3674,8342,Core
3674,8359,Faction
3674,,Datasheet
3675,8339,Core
3675,,Datasheet
3675,,Wargear profile
3676,8339,Core
3676,8396,Faction
3676,,Datasheet
3676,,Wargear profile
3677,8339,Core
3677,8428,Faction
3677,,Datasheet
3677,,Wargear profile
3678,8339,Core
3678,8359,Faction
3678,,Datasheet
3678,,Wargear profile
3679,8339,Core
3679,,Datasheet
3680,8339,Core
3680,8396,Faction
3680,,Datasheet
3681,8339,Core
3681,8428,Faction
3681,,Datasheet
3682,8339,Core
3682,8359,Faction
3682,,Datasheet
3683,8339,Core
3683,,Datasheet
3683,,Wargear profile
3684,8339,Core
3684,8396,Faction
3684,,Datasheet
3684,,Wargear profile
3685,8339,Core
3685,8428,Faction
3685,,Datasheet
3685,,Wargear profile
3686,8339,Core
3686,8359,Faction
3686,,Datasheet
3686,,Wargear profile
3687,8339,Core
3687,,Datasheet
3688,8339,Core
3688,8396,Faction
3688,,Datasheet
3689,8339,Core
3689,8428,Faction
3689,,Datasheet
3690,8339,Core
3690,8359,Faction
3690,,Datasheet
3691,8343,Core
3691,8336,Core
3691,3676,Faction
3691,,Datasheet
3691,,Datasheet
3692,8338,Core
3692,8336,Core
3692,8344,Core
3692,3676,Faction
3692,,Datasheet
3692,,Datasheet
3693,8346,Core
3693,8369,Faction
3693,,Wargear
3693,,Datasheet
3693,,Datasheet
3694,8339,Core
3694,8337,Core
3694,8382,Faction
3694,,Datasheet
3694,,Datasheet
3695,8336,Core
3695,8337,Core
3695,8382,Faction
3695,,Datasheet
3695,,Datasheet
3695,,Special (правая колонка)
3696,8350,Faction
3696,8343,Core
3696,8346,Core
3696,,Datasheet
3696,,Datasheet
3696,,Datasheet
3697,8350,Faction
3697,8346,Core
3697,,Datasheet
3697,,Datasheet
3697,,Wargear
3698,8350,Faction
3698,,Datasheet
3698,,Datasheet
3698,,Special (правая колонка)
3699,8343,Core
3699,8439,Faction
3699,,Datasheet
3700,8343,Core
3700,8439,Faction
3700,,Datasheet
3700,,Datasheet
3701,8343,Core
3701,8439,Faction
3701,,Datasheet
3701,,Datasheet
3702,8345,Core
3702,8346,Core
3702,8344,Core
3702,8337,Core
3702,,Datasheet
3702,,Datasheet
3703,8345,Core
3703,8346,Core
3703,8344,Core
3703,8337,Core
3703,,Datasheet
3703,,Datasheet
3704,8345,Core
3704,8346,Core
3704,8344,Core
3704,8337,Core
3704,,Datasheet
3704,,Datasheet
3705,8336,Core
3705,8344,Core
3705,8337,Core
3705,,Datasheet
3705,,Datasheet
3706,8344,Core
3706,,Datasheet
3707,8346,Core
3707,3676,Faction
3707,,Datasheet
3707,,Datasheet
3709,8346,Core
3709,3676,Faction
3709,,Datasheet
3709,,Datasheet
3710,8345,Core
3710,10432,Faction
3710,,Datasheet
3711,8343,Core
3711,8346,Core
3711,8359,Faction
3711,,Datasheet
3711,,Datasheet
3712,8346,Core
3712,8359,Faction
3712,,Datasheet
3712,,Datasheet
3713,8359,Faction
3713,,Datasheet
3714,8343,Core
3714,8346,Core
3714,8466,Faction
3714,,Datasheet
3714,,Datasheet
3715,8343,Core
3715,8346,Core
3715,,Datasheet
3715,,Datasheet
3716,8343,Core
3716,8501,Faction
3716,,Datasheet
3716,,Wargear
3716,,Wargear profile
3811,8338,Core
3811,8336,Core
3811,8466,Faction
3811,,Datasheet
3811,,Datasheet
3812,8346,Core
3812,8452,Faction
3812,,Datasheet
3812,,Datasheet
3813,8343,Core
3813,8452,Faction
3813,,Datasheet
3813,,Wargear
3813,,Wargear
3813,,Special (правая колонка)
3814,8338,Core
3814,8346,Core
3814,8452,Faction
3814,,Datasheet
3814,,Datasheet
3815,8346,Core
3815,8452,Faction
3815,,Datasheet
3815,,Datasheet
3816,8452,Faction
3816,,Datasheet
3816,,Wargear
3817,8339,Core
3817,8342,Core
3817,8337,Core
3817,8452,Faction
3817,,Datasheet
3817,,Wargear
3817,,Wargear
3818,8452,Faction
3818,,Datasheet
3818,,Datasheet
3818,,Wargear
3819,8339,Core
3819,8452,Faction
3819,,Datasheet
3819,,Wargear profile
3820,8339,Core
3820,8334,Core
3820,8452,Faction
3820,,Datasheet
3820,,Wargear profile
3821,8343,Core
3821,8452,Faction
3821,8519,Faction
3821,,Datasheet
3821,,Datasheet
3821,,Wargear
3821,,Wargear
3821,,Special (правая колонка)
3822,8343,Core
3822,8452,Faction
3822,,Datasheet
3822,,Datasheet
3822,,Wargear
3822,,Special (правая колонка)
3823,8452,Faction
3823,,Datasheet
3823,,Wargear
3824,8519,Faction
3824,8452,Faction
3824,,Datasheet
3824,,Wargear
3824,,Wargear
3824,,Wargear
3824,,Special (правая колонка)
3825,8519,Faction
3825,8452,Faction
3825,,Datasheet
3825,,Fortification (левая колонка)
3825,,Fortification (левая колонка)
3826,8519,Faction
3826,8452,Faction
3826,,Wargear
3826,,Datasheet
3826,,Fortification (левая колонка)
3826,,Fortification (левая колонка)
3827,8345,Core
3827,8344,Core
3827,8519,Faction
3827,8452,Faction
3827,,Datasheet
3827,,Wargear
3827,,Wargear
3827,,Wargear
3827,,Fortification (левая колонка)
3827,,Fortification (левая колонка)
3828,8339,Core
3828,8452,Faction
3828,,Datasheet
3828,,Wargear
3828,,Fortification (левая колонка)
3829,8346,Core
3829,8452,Faction
3829,,Datasheet
3829,,Datasheet
3829,,Fortification (левая колонка)
3830,8339,Core
3830,8334,Core
3830,8452,Faction
3830,,Datasheet
3830,,Wargear profile
3831,8346,Core
3831,8350,Faction
3831,,Datasheet
3831,,Datasheet
3832,8338,Core
3832,8346,Core
3832,8350,Faction
3832,,Datasheet
3832,,Datasheet
3832,,Datasheet
3833,8343,Core
3833,8338,Core
3833,8346,Core
3833,8350,Faction
3833,,Datasheet
3833,,Datasheet
3833,,Datasheet
3834,8343,Core
3834,,Datasheet
3834,,Datasheet
3835,8339,Core
3835,8338,Core
3835,8350,Faction
3835,,Datasheet
3835,,Datasheet
3835,,Datasheet
3835,,Wargear
3836,8338,Core
3836,8350,Faction
3836,,Datasheet
3836,,Datasheet
3836,,Special (правая колонка)
3837,8343,Core
3837,8338,Core
3837,8350,Faction
3837,,Datasheet
3837,,Datasheet
3837,,Special (правая колонка)
3838,8338,Core
3838,8346,Core
3838,8350,Faction
3838,,Datasheet
3838,,Datasheet
3839,8382,Faction
3839,8346,Core
3839,,Datasheet
3839,,Datasheet
3840,8382,Faction
3840,8346,Core
3840,,Datasheet
3840,,Datasheet
3841,8346,Core
3841,8382,Faction
3841,,Datasheet
3841,,Datasheet
3842,8344,Core
3842,8382,Faction
3842,,Wargear
3842,,Wargear
3842,,Datasheet
3843,8382,Faction
3843,,Wargear
3843,,Wargear
3843,,Datasheet
3844,8346,Core
3844,8359,Faction
3844,,Datasheet
3844,,Datasheet
3845,8346,Core
3845,8359,Faction
3845,,Datasheet
3845,,Datasheet
3845,,Wargear
3846,8346,Core
3846,8359,Faction
3846,,Datasheet
3846,,Datasheet
3847,8346,Core
3847,8359,Faction
3847,,Datasheet
3847,,Datasheet
3848,8346,Core
3848,8359,Faction
3848,,Datasheet
3848,,Datasheet
3849,8359,Faction
3849,,Datasheet
3850,8359,Faction
3850,,Datasheet
3851,8338,Core
3851,8344,Core
3851,8359,Faction
3851,,Datasheet
3852,8359,Faction
3852,,Datasheet
3853,8359,Faction
3853,,Datasheet
3854,8338,Core
3854,8359,Faction
3854,,Datasheet
3855,8338,Core
3855,8359,Faction
3855,,Datasheet
3856,8338,Core
3856,8359,Faction
3856,,Datasheet
3856,,Special (правая колонка)
3857,8359,Faction
3857,,Datasheet
3857,,Special (правая колонка)
3858,8359,Faction
3858,,Datasheet
3859,8359,Faction
3859,,Datasheet
3859,,Special (правая колонка)
3860,8338,Core
3860,8359,Faction
3860,,Datasheet
3860,,Special (правая колонка)
3861,3676,Faction
3861,,Datasheet
3861,,Datasheet
3861,,Special (правая колонка)
3871,8346,Core
3871,8521,Faction
3871,8350,Faction
3871,,Datasheet
3871,,Datasheet
3872,8338,Core
3872,8346,Core
3872,8350,Faction
3872,8521,Faction
3872,,Datasheet
3872,,Datasheet
3873,8343,Core
3873,8521,Faction
3873,8350,Faction
3873,,Datasheet
3873,,Datasheet
3873,,Wargear
3873,,Special (правая колонка)
3874,8343,Core
3874,8521,Faction
3874,8350,Faction
3874,,Datasheet
3874,,Fortification (левая колонка)
3875,8343,Core
3875,8452,Faction
3875,8519,Faction
3875,,Datasheet
3875,,Datasheet
3875,,Wargear
3875,,Wargear
3875,,Special (правая колонка)
3876,8337,Core
3876,8359,Faction
3876,,Datasheet
3876,,Wargear
3876,,Special (правая колонка)
3877,8340,Core
3877,8345,Core
3877,8336,Core
3877,8337,Core
3877,705,Faction
3877,,Datasheet
3877,,Datasheet
3877,,Special (правая колонка)
3878,8343,Core
3878,8336,Core
3878,8337,Core
3878,705,Faction
3878,,Datasheet
3878,,Datasheet
3879,8339,Core
3879,8343,Core
3879,707,Faction
3879,705,Faction
3879,,Datasheet
3879,,Datasheet
3880,8343,Core
3880,8346,Core
3880,707,Faction
3880,705,Faction
3880,,Datasheet
3880,,Datasheet
3881,8343,Core
3881,705,Faction
3881,,Datasheet
3882,8339,Core
3882,8343,Core
3882,705,Faction
3882,,Datasheet
3883,8340,Core
3883,8345,Core
3883,8336,Core
3883,8337,Core
3883,705,Faction
3883,,Datasheet
3883,,Datasheet
3884,8343,Core
3884,705,Faction
3884,,Datasheet
3885,8345,Core
3885,8336,Core
3885,8337,Core
3885,707,Faction
3885,705,Faction
3885,,Datasheet
3885,,Datasheet
3885,,Datasheet
3886,8343,Core
3886,705,Faction
3886,,Datasheet
3887,8343,Core
3887,705,Faction
3887,,Datasheet
3888,8340,Core
3888,8345,Core
3888,8337,Core
3888,705,Faction
3888,,Datasheet
3889,8346,Core
3889,8377,Faction
3889,,Datasheet
3889,,Wargear
3889,,Wargear
3889,,Wargear
3889,,Wargear
3889,,Special (правая колонка)
3890,8346,Core
3890,8338,Core
3890,8377,Faction
3890,,Datasheet
3890,,Datasheet
3890,,Special (правая колонка)
3891,8346,Core
3891,8344,Core
3891,8377,Faction
3891,,Datasheet
3891,,Wargear
3891,,Wargear
3891,,Wargear
3891,,Special (правая колонка)
3892,8339,Core
3892,8377,Faction
3892,,Datasheet
3892,,Datasheet
3892,,Special (правая колонка)
3893,8344,Core
3893,,Datasheet
3893,,Wargear
3894,8344,Core
3894,,Datasheet
3894,,Special (правая колонка)
3895,,Datasheet
3895,,Special (правая колонка)
3896,,Datasheet
3897,,Datasheet
3898,,Datasheet
3909,8343,Core
3909,8346,Core
3909,9894,Faction
3909,,Datasheet
3909,,Datasheet
3910,,Datasheet
3910,,Datasheet
3910,,Fortification (левая колонка)
3911,,Datasheet
3911,,Datasheet
3911,,Fortification (левая колонка)
3912,,Datasheet
3912,,Datasheet
3912,,Fortification (левая колонка)
3913,8339,Core
3913,9894,Faction
3913,,Datasheet
3913,,Wargear
3914,8346,Core
3914,9894,Faction
3914,9896,Faction
3914,,Datasheet
3914,,Datasheet
3914,,Wargear
3915,8346,Core
3915,9894,Faction
3915,9896,Faction
3915,,Datasheet
3915,,Datasheet
3916,9894,Faction
3916,9896,Faction
3916,,Datasheet
3916,,Wargear
3917,9894,Faction
3917,9896,Faction
3917,,Datasheet
3918,9894,Faction
3918,9896,Faction
3918,,Datasheet
3919,9894,Faction
3919,9896,Faction
3919,,Datasheet
3919,,Wargear
3919,,Wargear
3920,8339,Core
3920,8343,Core
3920,8334,Core
3920,9894,Faction
3920,9896,Faction
3920,,Datasheet
3921,8339,Core
3921,8343,Core
3921,8334,Core
3921,8337,Core
3921,9894,Faction
3921,9896,Faction
3921,,Datasheet
3922,8346,Core
3922,8377,Faction
3922,,Datasheet
3922,,Datasheet
3922,,Fortification (левая колонка)
3922,,Wargear
3922,,Wargear profile
3923,8336,Core
3923,9894,Faction
3923,9896,Faction
3923,,Datasheet
3923,,Datasheet
3923,,Wargear
3923,,Fortification (левая колонка)
3924,8346,Core
3924,8337,Core
3924,9894,Faction
3924,9896,Faction
3924,,Datasheet
3924,,Datasheet
3924,,Wargear
3924,,Fortification (левая колонка)
3925,8340,Core
3925,8336,Core
3925,8337,Core
3925,9894,Faction
3925,9896,Faction
3925,,Datasheet
3925,,Datasheet
3925,,Fortification (левая колонка)
3925,,Wargear
3926,8346,Core
3926,9894,Faction
3926,9896,Faction
3926,,Datasheet
3926,,Datasheet
3926,,Fortification (левая колонка)
3926,,Wargear
3927,8339,Core
3927,8334,Core
3927,9894,Faction
3927,9896,Faction
3927,,Datasheet
3928,9894,Faction
3928,9896,Faction
3928,,Datasheet
3929,9894,Faction
3929,9896,Faction
3929,,Datasheet
3929,,Wargear
3930,8339,Core
3930,8337,Core
3930,9894,Faction
3930,9896,Faction
3930,,Datasheet
3931,8344,Core
3931,9894,Faction
3931,,Datasheet
3931,,Wargear
3932,8344,Core
3932,9894,Faction
3932,,Datasheet
3932,,Wargear
3932,,Wargear
3932,,Wargear
3933,8344,Core
3933,,Datasheet
3934,,Datasheet
3934,,Special (правая колонка)
3935,8343,Core
3935,,Datasheet
3937,8345,Core
3937,8346,Core
3937,8337,Core
3937,,Datasheet
3937,,Datasheet
3938,8346,Core
3938,,Datasheet
3938,,Datasheet
3938,,Special (правая колонка)
3939,8346,Core
3939,,Datasheet
3939,,Wargear
3939,,Wargear
3939,,Wargear
3939,,Special (правая колонка)
3940,8346,Core
3940,8344,Core
3940,,Datasheet
3940,,Wargear
3940,,Wargear
3940,,Wargear
3940,,Special (правая колонка)
3941,8346,Core
3941,,Datasheet
3941,,Wargear
3941,,Wargear
3941,,Wargear
3941,,Wargear
3941,,Special (правая колонка)
3942,8339,Core
3942,,Datasheet
3942,,Datasheet
3942,,Special (правая колонка)
3942,,Wargear profile
3943,8346,Core
3943,,Datasheet
3943,,Datasheet
3944,8339,Core
3944,,Datasheet
3944,,Datasheet
3944,,Special (правая колонка)
3945,8346,Core
3945,,Datasheet
3945,,Datasheet
3945,,Special (правая колонка)
3946,8346,Core
3946,,Datasheet
3946,,Datasheet
3947,8346,Core
3947,,Datasheet
3947,,Datasheet
3947,,Fortification (левая колонка)
3947,,Wargear
3947,,Wargear profile
3948,,Datasheet
3948,,Wargear
3949,8344,Core
3949,,Datasheet
3949,,Wargear
3950,,Datasheet
3950,,Wargear
3950,,Wargear
3951,8339,Core
3951,8334,Core
3951,,Datasheet
3951,,Wargear profile
3952,8339,Core
3952,,Datasheet
3953,8339,Core
3953,,Datasheet
3954,8339,Core
3954,8334,Core
3954,,Datasheet
3954,,Wargear profile
3955,,Datasheet
3955,,Datasheet
3955,,Datasheet
3955,,Datasheet
3955,,Special (правая колонка)
3956,8339,Core
3956,,Datasheet
3956,,Datasheet
3956,,Fortification (левая колонка)
3957,8339,Core
3957,,Datasheet
3957,,Datasheet
3957,,Fortification (левая колонка)
3958,8339,Core
3958,,Datasheet
3958,,Datasheet
3958,,Fortification (левая колонка)
3959,,Wargear
3959,,Datasheet
3959,,Fortification (левая колонка)
3960,8339,Core
3960,,Datasheet
3960,,Wargear profile
3961,,Datasheet
3962,,Datasheet
3963,8339,Core
3963,,Datasheet
3964,8339,Core
3964,8334,Core
3964,,Datasheet
3965,8339,Core
3965,,Datasheet
3966,8339,Core
3966,,Datasheet
3966,,Wargear profile
3967,,Datasheet
3967,,Special (правая колонка)
3968,8344,Core
3968,,Datasheet
3968,,Special (правая колонка)
3969,,Datasheet
3970,8339,Core
3970,,Datasheet
3970,,Wargear profile
3970,,Wargear profile
3971,8339,Core
3971,8334,Core
3971,,Datasheet
3972,,Datasheet
3973,8339,Core
3973,,Datasheet
3974,8339,Core
3974,,Datasheet
3974,,Wargear profile
3975,8339,Core
3975,,Datasheet
3975,,Wargear profile
3976,8344,Core
3976,,Datasheet
3976,,Wargear
3976,,Wargear
3977,8344,Core
3977,,Datasheet
3977,,Wargear
3978,,Datasheet
3978,,Special (правая колонка)
3979,8339,Core
3979,,Datasheet
3979,,Wargear profile
3980,8339,Core
3980,,Datasheet
3980,,Wargear profile
3981,8339,Core
3981,,Datasheet
3981,,Wargear profile
3982,8339,Core
3982,,Datasheet
3982,,Wargear profile
3983,8339,Core
3983,,Datasheet
3983,,Wargear profile
3984,8339,Core
3984,,Datasheet
3984,,Wargear profile
3985,8339,Core
3985,,Datasheet
3985,,Wargear profile
3986,8339,Core
3986,,Datasheet
3986,,Wargear profile
3987,8339,Core
3987,,Datasheet
3988,8339,Core
3988,8344,Core
3988,,Datasheet
3988,,Wargear profile
3989,8339,Core
3989,,Datasheet
3990,8339,Core
3990,8334,Core
3990,,Datasheet
3991,8339,Core
3991,,Datasheet
3992,8339,Core
3992,,Datasheet
3992,,Wargear profile
3993,8339,Core
3993,,Datasheet
3993,,Datasheet
3993,,Special (правая колонка)
3994,8339,Core
3994,,Datasheet
3994,,Wargear profile
3995,8339,Core
3995,,Datasheet
3995,,Wargear profile
3996,8339,Core
3996,,Datasheet
3996,,Wargear profile
3997,8339,Core
3997,,Datasheet
3997,,Wargear profile
3998,8339,Core
3998,,Datasheet
3998,,Wargear profile
3999,8339,Core
3999,,Datasheet
3999,,Wargear profile
4000,8339,Core
4000,,Datasheet
4001,,Wargear
4001,,Datasheet
4001,,Special (правая колонка)
4002,8339,Core
4002,,Datasheet
4002,,Wargear profile
4003,,Datasheet
4004,8339,Core
4004,8343,Core
4004,,Datasheet
4004,,Wargear profile
4005,8343,Core
4005,,Datasheet
4005,,Special (правая колонка)
4006,8339,Core
4006,,Datasheet
4006,,Wargear profile
4007,8339,Core
4007,,Datasheet
4008,8343,Core
4008,,Datasheet
4009,,Datasheet
4009,,Special (правая колонка)
4010,,Datasheet
4010,,Special (правая колонка)
4011,8339,Core
4011,,Datasheet
4011,,Wargear profile
4012,8339,Core
4012,,Datasheet
4012,,Wargear profile
4013,8339,Core
4013,,Datasheet
4013,,Wargear profile
4014,8339,Core
4014,,Datasheet
4014,,Wargear profile
4015,8339,Core
4015,,Datasheet
4015,,Wargear profile
4016,8339,Core
4016,,Datasheet
4016,,Wargear profile
4017,8339,Core
4017,,Datasheet
4017,,Wargear profile
4018,8339,Core
4018,,Wargear profile
4018,,Datasheet
4019,,Datasheet
4020,8339,Core
4020,,Datasheet
4021,8344,Core
4021,,Datasheet
4022,,Datasheet
4022,,Special (правая колонка)
4023,8339,Core
4023,,Datasheet
4024,,Datasheet
4025,,Datasheet
4025,,Datasheet
4025,,Datasheet
4025,,Special (правая колонка)
4026,8339,Core
4026,,Datasheet
4026,,Wargear profile
4027,8339,Core
4027,8344,Core
4027,,Datasheet
4027,,Wargear profile
4028,8339,Core
4028,,Datasheet
4029,8339,Core
4029,,Datasheet
4029,,Wargear profile
4030,8339,Core
4030,,Datasheet
4030,,Wargear profile
4031,8339,Core
4031,,Datasheet
4032,8339,Core
4032,8344,Core
4032,,Datasheet
4032,,Wargear profile
4033,8339,Core
4033,,Datasheet
4033,,Wargear profile
4034,8339,Core
4034,,Datasheet
4034,,Wargear profile
4035,8339,Core
4035,,Datasheet
4035,,Wargear profile
4036,8346,Core
4036,8359,Faction
4036,,Datasheet
4036,,Datasheet
4037,8343,Core
4037,8346,Core
4037,8359,Faction
4037,,Datasheet
4037,,Datasheet
4038,8343,Core
4038,8346,Core
4038,8359,Faction
4038,,Datasheet
4038,,Datasheet
4039,8346,Core
4039,8359,Faction
4039,,Datasheet
4039,,Datasheet
4040,8346,Core
4040,8359,Faction
4040,,Datasheet
4040,,Datasheet
4041,8346,Core
4041,8359,Faction
4041,,Datasheet
4041,,Datasheet
4042,8346,Core
4042,8359,Faction
4042,,Datasheet
4042,,Datasheet
4043,8343,Core
4043,8359,Faction
4043,,Datasheet
4044,8359,Faction
4044,,Wargear
4044,,Datasheet
4045,8346,Core
4045,8359,Faction
4045,,Datasheet
4045,,Datasheet
4046,8346,Core
4046,8359,Faction
4046,,Datasheet
4046,,Datasheet
4046,,Wargear
4047,8346,Core
4047,8359,Faction
4047,,Datasheet
4047,,Datasheet
4048,8346,Core
4048,8359,Faction
4048,,Datasheet
4048,,Datasheet
4049,8346,Core
4049,8359,Faction
4049,,Datasheet
4049,,Datasheet
4050,8359,Faction
4050,,Datasheet
4051,8359,Faction
4051,,Datasheet
4052,8338,Core
4052,8344,Core
4052,8359,Faction
4052,,Datasheet
4053,8359,Faction
4053,,Datasheet
4054,8359,Faction
4054,,Datasheet
4055,8338,Core
4055,8359,Faction
4055,,Datasheet
4056,8338,Core
4056,8359,Faction
4056,,Datasheet
4057,8338,Core
4057,8359,Faction
4057,,Datasheet
4057,,Special (правая колонка)
4058,8359,Faction
4058,,Datasheet
4058,,Special (правая колонка)
4059,8359,Faction
4059,,Datasheet
4060,8359,Faction
4060,,Datasheet
4060,,Special (правая колонка)
4061,8338,Core
4061,8359,Faction
4061,,Datasheet
4061,,Special (правая колонка)
4062,8346,Core
4062,8359,Faction
4062,,Datasheet
4062,,Datasheet
4062,,Datasheet
4063,8359,Faction
4063,,Datasheet
4064,8359,Faction
4064,,Datasheet
4064,,Wargear
4065,8346,Core
4065,8359,Faction
4065,,Datasheet
4065,,Datasheet
4066,8359,Faction
4066,,Datasheet
4066,,Wargear
4067,8343,Core
4067,8359,Faction
4067,,Datasheet
4067,,Datasheet
4068,8346,Core
4068,8359,Faction
4068,,Datasheet
4068,,Datasheet
4069,8346,Core
4069,8359,Faction
4069,,Datasheet
4069,,Datasheet
4070,8346,Core
4070,8359,Faction
4070,,Datasheet
4070,,Datasheet
4071,8346,Core
4071,8359,Faction
4071,,Datasheet
4071,,Datasheet
4072,8343,Core
4072,8346,Core
4072,8359,Faction
4072,,Wargear
4072,,Datasheet
4072,,Datasheet
4073,8343,Core
4073,8359,Faction
4073,,Datasheet
4074,8344,Core
4074,8452,Faction
4074,,Wargear profile
4074,,Datasheet
4074,,Datasheet
4074,,Fortification (левая колонка)
4074,,Wargear
4074,,Wargear
4075,8344,Core
4075,8466,Faction
4075,,Wargear profile
4075,,Datasheet
4075,,Datasheet
4075,,Fortification (левая колонка)
4075,,Wargear
4075,,Wargear
4076,8345,Core
4076,8428,Faction
4076,,Datasheet
4077,8339,Core
4077,8343,Core
4077,9994,Faction
4077,,Datasheet
4077,,Datasheet
4077,,Datasheet
4077,,Primarch
4077,,Primarch
4077,,Primarch
4077,,Fortification (левая колонка)
4078,8346,Core
4078,9994,Faction
4078,,Datasheet
4078,,Datasheet
4078,,Fortification (левая колонка)
4079,8345,Core
4079,9994,Faction
4079,,Datasheet
4079,,Wargear
4080,8344,Core
4080,9994,Faction
4080,,Datasheet
4080,,Wargear
4081,8343,Core
4081,9994,Faction
4081,,Datasheet
4082,8339,Core
4082,9994,Faction
4082,,Datasheet
4083,8338,Core
4083,8346,Core
4083,8336,Core
4083,9994,Faction
4083,,Datasheet
4083,,Datasheet
4084,8346,Core
4084,9994,Faction
4084,,Datasheet
4084,,Datasheet
4085,8346,Core
4085,9994,Faction
4085,,Datasheet
4085,,Datasheet
4086,8339,Core
4086,9994,Faction
4086,,Datasheet
4086,,Datasheet
4086,,Datasheet
4087,8339,Core
4087,8343,Core
4087,9994,Faction
4087,,Datasheet
4087,,Datasheet
4088,9994,Faction
4088,,Datasheet
4089,9994,Faction
4089,,Datasheet
4090,8338,Core
4090,9994,Faction
4090,,Datasheet
4091,8339,Core
4091,9994,Faction
4091,,Datasheet
4092,8339,Core
4092,8342,Core
4092,9994,Faction
4092,,Datasheet
4093,8339,Core
4093,8334,Core
4093,9994,Faction
4093,,Datasheet
4094,8339,Core
4094,8343,Core
4094,9995,Faction
4094,,Datasheet
4094,,Datasheet
4095,8343,Core
4095,8340,Core
4095,9995,Faction
4095,,Datasheet
4095,,Wargear
4095,,Wargear
4096,8343,Core
4096,9995,Faction
4096,,Datasheet
4097,8339,Core
4097,8343,Core
4097,9995,Faction
4097,,Datasheet
4097,,Datasheet
4097,,Wargear
4098,8343,Core
4098,8344,Core
4098,9995,Faction
4098,,Datasheet
4098,,Wargear
4098,,Wargear
4099,9994,Faction
4099,,Datasheet
4100,8343,Core
4100,8433,Faction
4100,,Datasheet
4100,,Datasheet
4101,8343,Core
4101,8433,Faction
4101,,Datasheet
4102,8343,Core
4102,8346,Core
4102,8433,Faction
4102,,Datasheet
4102,,Datasheet
4102,,Wargear
4103,8339,Core
4103,8346,Core
4103,8428,Faction
4103,,Datasheet
4103,,Datasheet
4103,,Fortification (левая колонка)
4104,8339,Core
4104,8343,Core
4104,10071,Faction
4104,,Datasheet
4104,,Datasheet
4105,8339,Core
4105,8343,Core
4105,10071,Faction
4105,,Datasheet
4105,,Datasheet
4106,8343,Core
4106,10071,Faction
4106,,Datasheet
4106,,Wargear
4106,,Wargear
4107,8343,Core
4107,10071,Faction
4107,,Datasheet
4107,,Wargear
4107,,Wargear
4108,8343,Core
4108,10071,Faction
4108,,Datasheet
4108,,Wargear
4109,8346,Core
4109,8396,Faction
4109,,Datasheet
4109,,Datasheet
4110,8339,Core
4110,8396,Faction
4110,,Datasheet
4111,8339,Core
4111,8343,Core
4111,8338,Core
4111,10120,Faction
4111,,Datasheet
4111,,Datasheet
4112,8339,Core
4112,8343,Core
4112,8338,Core
4112,10120,Faction
4112,,Datasheet
4112,,Datasheet
4112,,Wargear profile
4113,8343,Core
4113,10120,Faction
4113,,Datasheet
4113,,Wargear
4113,,Wargear
4114,8343,Core
4114,10120,Faction
4114,,Datasheet
4114,,Wargear
4114,,Wargear
4115,8339,Core
4115,8343,Core
4115,8344,Core
4115,10120,Faction
4115,,Datasheet
4116,8343,Core
4116,8345,Core
4116,10120,Faction
4116,,Datasheet
4117,8343,Core
4117,8346,Core
4117,707,Faction
4117,705,Faction
4117,,Datasheet
4117,,Datasheet
4118,8343,Core
4118,8346,Core
4118,707,Faction
4118,705,Faction
4118,,Datasheet
4118,,Datasheet
4119,8382,Faction
4119,,Datasheet
4119,,Fortification (левая колонка)
4120,8339,Core
4120,8343,Core
4120,8424,Faction
4120,,Datasheet
4120,,Datasheet
4121,8345,Core
4121,8337,Core
4121,,Datasheet
4122,,Datasheet
4123,8339,Core
4123,8343,Core
4123,10190,Faction
4123,,Datasheet
4123,,Datasheet
4124,8339,Core
4124,8343,Core
4124,10190,Faction
4124,,Datasheet
4124,,Datasheet
4125,8343,Core
4125,10190,Faction
4125,,Datasheet
4126,8343,Core
4126,10190,Faction
4126,,Datasheet
4127,8343,Core
4127,10190,Faction
4127,,Datasheet
4127,,Wargear
4127,,Wargear
4127,,Special (правая колонка)
4128,8343,Core
4128,8345,Core
4128,10190,Faction
4128,,Datasheet
4128,,Datasheet
4128,,Datasheet
4129,8346,Core
4129,8350,Faction
4129,,Datasheet
4129,,Datasheet
4130,8346,Core
4130,8350,Faction
4130,,Datasheet
4130,,Datasheet
4130,,Wargear
4131,8350,Faction
4131,,Datasheet
4131,,Datasheet
4131,,Datasheet
4131,,Wargear
4132,10256,Faction
4132,8350,Faction
4132,,Datasheet
4132,,Wargear
4133,8339,Core
4133,8338,Core
4133,10256,Faction
4133,8350,Faction
4133,,Datasheet
4133,,Datasheet
4133,,Wargear
4134,8339,Core
4134,8512,Faction
4134,8513,Faction
4134,,Datasheet
4134,,Datasheet
4135,8346,Core
4135,8526,Faction
4135,,Datasheet
4135,,Datasheet
4136,8346,Core
4136,8526,Faction
4136,,Datasheet
4136,,Datasheet
4137,8526,Faction
4137,,Datasheet
4138,8343,Core
4138,8526,Faction
4138,,Datasheet
4138,,Datasheet
4139,8339,Core
4139,8526,Faction
4139,,Datasheet
4139,,Datasheet
4139,,Wargear profile
4140,8336,Core
4140,8337,Core
4140,10432,Faction
4140,,Datasheet
4140,,Datasheet
4141,8346,Core
4141,10432,Faction
4141,,Datasheet
4141,,Datasheet
4142,8339,Core
4142,10432,Faction
4142,,Datasheet
4142,,Datasheet
4142,,Wargear profile
4143,10432,Faction
4143,,Datasheet
4143,,Wargear
4144,10432,Faction
4144,,Datasheet
4144,,Wargear
4145,10432,Faction
4145,,Datasheet
4145,,Datasheet
4146,8339,Core
4146,8344,Core
4146,10432,Faction
4146,,Datasheet
4146,,Wargear
4147,8339,Core
4147,8334,Core
4147,8344,Core
4147,10432,Faction
4147,,Datasheet
4147,,Wargear
4148,8343,Core
4148,8336,Core
4148,8337,Core
4148,8350,Faction
4148,,Datasheet
4148,,Datasheet
4148,,Fortification (левая колонка)
4149,8339,Core
4149,8458,Faction
4149,8460,Faction
4149,,Datasheet
4149,,Datasheet
4149,,Wargear profile